quest_id,title,level,type,description,state,routes,quest_state_handle
capture-001,小试牛刀,1,main,"<ml>叶眉让你((去【涧庭村口】消灭1只猴蛙。))
[g]=经验150",<over>击杀 猴蛙 1/1,4940542616468969|3q4d_1|3q4a_1_1;4940542616468969|3q4d_2|3q4a_2_1,
capture-002,消灭猴蛙,2,main,"<ml>涧庭村的((叶眉委托你前往【涧庭村口】消灭2只猴蛙，通过村子右侧的传送门可以到达村口。))完成任务后，再回去找叶眉对话。
[g]=经验500",<over>击杀 猴蛙 2/2,4940542616468969|3q8d_1|3q8a_1_1;4940542616468969|3q8d_2|3q8a_2_1,
capture-003,蟾蜍之患,3,main,"<ml>申公烈让你((去【涧庭道_1】消灭3只蟾蜍))，然后告知涧庭村的熊猫竹生。
[g]=经验1000 [i=f_i_铜钱^ffffff&24@材料 消耗品&25@1000&19@1000枚时双击可兑换为银元宝.&20@游戏中的货币,用于流通买卖.&27@sitem_tq&101@163.png&103@0&104@0&105@&107@&108@0]铜钱[/]x200",<over>击杀 蟾蜍 3/3,4910542615957836|3q11d_1|3q11a_1_1;4950542616589339|3q11d_2|3q11a_2_1,
capture-004,剿灭竹鼠,3,main,"<ml>熊猫竹生委托你((去【涧庭山道_1】消灭3只竹鼠，然后找涧庭村的铃铛对话。))
    注：按【M】键可以打开地图，查找涧庭山道_1的方位。地图中红框闪烁的位置表示你当前所在的地点。
[g]=经验1100 [i=f_i_铜钱^ffffff&24@材料 消耗品&25@1000&19@1000枚时双击可兑换为银元宝.&20@游戏中的货币,用于流通买卖.&27@sitem_tq&101@163.png&103@0&104@0&105@&107@&108@0]铜钱[/]x300",<over>击杀 竹鼠 3/3,4950542616589339|3q12d_1|3q12a_1_1;4930542616250587|3q12d_2|3q12a_2_1,
capture-005,铃铛的请求,3,main,"<ml>铃铛让你((找涧庭村的【叶眉】交谈。))
[g]=经验300",<over>还未找涧庭村的【叶眉】对话,4930542616250587|3q13d_1|3q13a_1_1;4940542616468969|3q13d_2|3q13a_2_1,
capture-006,消灭蟾蜍,3,main,"<ml>叶眉让你前往【涧庭道_1】找到并消灭3只蟾蜍，之后回去找涧庭村的介象交谈。
[g]=经验1200",<over>击杀 蟾蜍 3/3,4940542616468969|3q14d_1|3q14a_1_1;4960542616750900|3q14d_2|3q14a_2_1,
capture-007,学会密斩,3,main,"<ml>熊猫竹生让你((去找涧庭村的申公烈村长交谈。))
[g]=经验300，((习得【密斩】技能))",<over>还未去和涧庭村的【申公烈】交谈,4950542616589339|3q10gq|3q10gs1;4910542615957836|3q10oq1|3q10os2,
capture-008,收集朽木,4,main,"<ml>火娥娘委托你前往【涧庭村口】的朽木采集点，采集3块朽木。之后将朽木交予涧庭村的熊猫竹生。((采集之前背包里要准备好采集手套，如果没有的话，可以去道具商介象那里购买一些。))
[x]=[i=f_i_朽木&24@材料&25@99&20@一块烂木头，看起来没有什么用处。&27@sitem_wood&101@915.png&103@0&104@0&105@&107@&108@0]朽木[/]x3 
[g]=经验1000",收集 朽木 1/3,4920542616052493|3q18d_1|3q18a_1_1;4950542616589339|3q18d_2|3q18a_2_1,
capture-009,天象异常,4,main,"<ml>将天象异常之事告之涧庭村的熊猫竹生。
[g]=经验300 [i=f_i_L初阶经验卡^00ccff&24@特殊&25@99&19@双击使用。击杀怪物后，将获得双倍经验，效果持续时间为1小时。该物品不能交易。&20@可以获得经验加成的神奇商城道具。&27@sitem_book&101@576.png&103@0&104@0&105@&107@&108@0]L初阶经验卡[/]x1",<over>还未找涧庭村的【熊猫竹生】谈话,4960542616750900|3q15d_1|3q15a_1_1;4950542616589339|3q15d_2|3q15a_2_1,
capture-010,竹生的预测,4,main,"<ml>前往【竹林_1】消灭2只绿甲螳螂。之后回去找涧庭村的熊猫竹生对话。
[g]=经验1300",<over>击杀 绿甲螳螂 2/2,4950542616589339|3q16d_1|3q16a_1_1;4950542616589339|3q16d_2|3q16a_2_1,
capture-011,拜师学技,5,main,"<ml>火娥娘让你去((找涧庭村的申公烈对话。))
[g]=经验1200 [i=f_i_L初阶经验卡^00ccff&24@特殊&25@99&19@双击使用。击杀怪物后，将获得双倍经验，效果持续时间为1小时。该物品不能交易。&20@可以获得经验加成的神奇商城道具。&27@sitem_book&101@576.png&103@0&104@0&105@&107@&108@0]L初阶经验卡[/]x1",<over>还未找涧庭村的【申公烈】对话,4920542616052493|3q26d_1|3q26a_1_1;4910542615957836|3q26d_3|3q26a_3_1,
capture-012,宝物镶嵌,5,main,"<ml>申公烈让你((去找涧庭村的火娥娘了解宝石镶嵌的方法。))
[g]=经验500",<over>还未找涧庭村的【火娥娘】了解宝石镶嵌,4910542615957836|3q27n1d_1|3q27n1a_1_1;4920542616052493|3q27n1d_3|3q27n1a_3_1,
capture-013,高深的技艺,5,main,"<ml>熊猫竹生让你去((找涧庭村的申公烈了解技能。))
[g]=经验500",<over>还未找涧庭村的【申公烈】对话,4950542616589339|3q26n2d_1|3q26n2a_1_1;4910542615957836|3q26n2d_2|3q26n2a_2_1,
capture-014,获得小白马,5,side,"((去和【涧庭村】的介象交谈))。
[g]=经验1000 [i=f_i_银元宝^C156C7&24@材料 消耗品&25@9999&19@双击可兑换为1000铜币&20@游戏中的货币,用于流通买卖&27@sitem_jhj&101@39.png&103@0&104@0&105@&107@&108@0]银元宝[/]x1 [i=f_i_L小白马^00ccff&23@限制装备至【坐骑】格。&24@坐骑&25@1&12@10&19@如果不下线，他会一直陪着你哦~15分钟后再次登录便会消失&20@&2;font color='#ffff00'&3;注:【有时限，禁止交易】&2;/font&3;&27@sitem_pet&101@957.png&103@0&104@0&105@&107@&108@0]L小白马[/]x1",<over>去和【涧庭村】的介象交谈。,4960542616750900|3q8n1d_1|3q8n1a_1_1;4960542616750900|3q8n1d_2|3q8n1a_2_1,
capture-015,了解采集,5,main,"<ml>熊猫竹生让你找到涧庭村的铁匠【火娥娘】学习采集。
[g]=经验400 [i=f_i_普通采集手套^ffffff&24@消耗品&25@999&20@平常的采集手套，带上进行采集得话可以很好的保护双手。&101@856.png&103@0&104@0&105@&107@&108@0]普通采集手套[/]x30",<over>还未找涧庭村的【火娥娘】学习采集,4950542616589339|3q17d_1|3q17a_1_1;4920542616052493|3q17d_3|3q17a_3_1,
capture-016,李猎户的行踪,5,main,"<ml>申公烈让你((去【竹林_3】寻找李猎户的下落，))并和他对话。
[g]=经验1500",<over>还未去【竹林_3】找李猎户对话,4910542615957836|3q25d_1|3q25a_1_1;3550542614056112|3q25d_2|3q25a_2_1,
capture-017,李猎户的行踪【贰】,5,main,"<ml>回【涧庭村】找申公烈谈话，告知他李猎户的下落。
[g]=经验1000",<over>还未去涧庭村找【申公烈】对话,3550542614056112|3q25n1d_1|3q25n1a_1_1;4910542615957836|3q25n1d_2|3q25n1a_2_1,
capture-018,明确副本,5,main,"<ml>介象让你去((找涧庭村的申公烈了解副本))的相关常识。
[g]=经验800 [i=f_i_L包子&24@消耗品&25@99&7@600&20@带馅的包子,看起来非常可口,食用后可恢复些气力.&101@212.png&103@0&104@0&105@&107@&108@0]L包子[/]x5 [i=f_i_L中瓶甘露^5BC46D&24@消耗品&25@99&8@400&20@古有仙人承露,用于长生不老食后祛病延寿,恢复精力.&27@sitem_water&101@697.png&103@0&104@0&105@&107@&108@0]L中瓶甘露[/]x5",<over>还未找涧庭村的【申公烈】了解副本的知识,4960542616750900|3q31n2d_1|3q31n2a_1_1;4910542615957836|3q31n2d_4|3q31n2a_4_1,
capture-019,学习状态,5,main,"<ml>申公烈让你去((找涧庭村的熊猫竹生了解状态。))
[g]=经验500",<over>还未找涧庭村的【熊猫竹生】了解状态,4910542615957836|3q26n1d_1|3q26n1a_1_1;4950542616589339|3q26n1d_2|3q26n1a_2_1,
capture-020,学习组队,5,main,"<ml>申公烈让你去((找涧庭村的介象了解组队的知识。))
[g]=经验500",<over>还未找涧庭村的【介象】谈话,4910542615957836|3q31n1d_1|3q31n1a_1_1;4960542616750900|3q31n1d_3|3q31n1a_3_1,
capture-021,灾难来临,5,main,"<ml>熊猫竹生算到擎天山天宫出事了，要你((传话给涧庭村的村长申公烈。))
[g]=经验700 [i=f_i_避怪符^00ccff&24@特殊&25@99&19@- 双击使用后,5分钟内不会遇敌。&2;br/&3;- 点击角色的避怪状态图标可取消状态。&2;br/&3;&2;font color='#ffff00'&3;- 明怪无效。&2;/font&3;&2;br/&3;&2;font color='#ffff00'&3;- 不可交易&2;/font&3;&20@非常古老的驱魔咒符。&27@sitem_book&101@574.png&103@0&104@0&105@&107@&108@0]避怪符[/]x3",<over>还未找涧庭村的【申公烈】对话,4950542616589339|3q24d_1|3q24a_1_1;4910542615957836|3q24d_3|3q24a_3_1,
capture-022,打倒小竹妖,7,side,"介象希望你((去【竹林_3】消灭3只小竹妖，))。消灭小竹妖后，回涧庭村找介象对话。
[g]=经验1000 [i=f_i_铜钱^ffffff&24@材料 消耗品&25@1000&19@1000枚时双击可兑换为银元宝.&20@游戏中的货币,用于流通买卖.&27@sitem_tq&101@163.png&103@0&104@0&105@&107@&108@0]铜钱[/]x500 [i=f_i_L初阶经验卡^00ccff&24@特殊&25@99&19@双击使用。击杀怪物后，将获得双倍经验，效果持续时间为1小时。该物品不能交易。&20@可以获得经验加成的神奇商城道具。&27@sitem_book&101@576.png&103@0&104@0&105@&107@&108@0]L初阶经验卡[/]x1",击杀 小竹妖 0/3,4960542616750900|3q22d_1|3q22a_1_1;4960542616750900|3q22d_2|3q22a_2_1,
capture-023,丑七品的梦,8,side,"丑七品梦见村子被尖刀暴牙袭击，委托你((去【云隐山道_5】消灭3只尖刀暴牙。))然后再回云隐村找他。
[g]=经验1200 [i=f_i_铜钱^ffffff&24@材料 消耗品&25@1000&19@1000枚时双击可兑换为银元宝.&20@游戏中的货币,用于流通买卖.&27@sitem_tq&101@163.png&103@0&104@0&105@&107@&108@0]铜钱[/]x300",击杀 尖刀暴牙 0/3,7000542609490978|1q23d_1|1q23a_1_1;7000542609490978|1q23d_2|1q23a_2_1,7000542609490978
capture-024,讨厌的枯木怪,8,side,"丑六品梦见村子被枯木怪袭击，委托你((去【卧佛谷_6】消灭3只枯木怪。))然后再回大佛村找他。
[g]=经验1200 [i=f_i_铜钱^ffffff&24@材料 消耗品&25@1000&19@1000枚时双击可兑换为银元宝.&20@游戏中的货币,用于流通买卖.&27@sitem_tq&101@163.png&103@0&104@0&105@&107@&108@0]铜钱[/]x300",击杀 枯木怪 0/3,4090542614314425|2q23d_1|2q23a_1_1,4090542614314425
capture-025,消灭刺鸟,8,side,"卢掌柜希望你((去【云隐山道_3】消灭3只刺鸟，))已解其心中恶气。消灭刺鸟后回云隐村找卢掌柜对话。
[g]=经验1000 [i=f_i_铜钱^ffffff&24@材料 消耗品&25@1000&19@1000枚时双击可兑换为银元宝.&20@游戏中的货币,用于流通买卖.&27@sitem_tq&101@163.png&103@0&104@0&105@&107@&108@0]铜钱[/]x500 [i=f_i_L初阶经验卡^00ccff&24@特殊&25@99&19@双击使用。击杀怪物后，将获得双倍经验，效果持续时间为1小时。该物品不能交易。&20@可以获得经验加成的神奇商城道具。&27@sitem_book&101@576.png&103@0&104@0&105@&107@&108@0]L初阶经验卡[/]x1",击杀 刺鸟 0/3,5000542609232627|1q22d_1|1q22a_1_1;5000542609232627|1q22d_2|1q22a_2_1,
capture-026,采集草药,10,side,"云隐村的南风先生委托你前往【树海_8】和【树海_10】采集5个黄连和5个金银花，之后回去交给他。((如果没有带采集手套，可以去道具商丑七品那买一些。))
[x]=[i=f_i_黄连^ffffff&24@材料&25@99&20@清热燥湿,泻火解毒.用于湿热痞满,呕吐吞酸,泻痢,黄疸,高热神昏,心火亢盛,心烦不寐,血热吐衄,目赤,牙痛,消渴,痈肿疔疮.&101@95.png&103@0&104@0&105@&107@&108@11]黄连[/]x5 [i=f_i_金银花^ffffff&24@材料&25@99&20@性寒味甘.具有清热解毒,凉血化淤的功效.&101@97.png&103@0&104@0&105@&107@&108@13]金银花[/]x5 
[g]=经验1200 [i=f_i_铜钱^ffffff&24@材料 消耗品&25@1000&19@1000枚时双击可兑换为银元宝.&20@游戏中的货币,用于流通买卖.&27@sitem_tq&101@163.png&103@0&104@0&105@&107@&108@0]铜钱[/]x400,收集　黄连 0/5",金银花 5/5,6000542609425103|1q21d_1|1q21a_1_1;6000542609425103|1q21d_2|1q21a_2_1,
capture-027,河东狮吼,10,side,"((找到【广青镇_2】的孙大福，让他赶快回家。))
[g]=经验6000",<over>还未找【广青镇_2】的孙大福谈话,2190542612528390|4q21d_1|4q21a_1_1;2180542612350162|4q21d_2|4q21a_2_1,
capture-028,全民锻造,10,side,"涧庭村的火娥娘担心魔军攻入村子，正带领大伙锻造铠甲，但缺少一些碎铁矿。((去【涧庭山道_2】的碎铁矿采集点采集20个碎铁矿))交给他。((【注：该任务2小时一周期】))
[x]=[i=f_i_碎铁矿^ffffff&24@材料&25@99&20@制造武器和护具的基本素材&101@105.png&103@0&104@0&105@&107@&108@12]碎铁矿[/]x20 
[g]=[i=f_i_银元宝^C156C7&24@材料 消耗品&25@9999&19@双击可兑换为1000铜币&20@游戏中的货币,用于流通买卖&27@sitem_jhj&101@39.png&103@0&104@0&105@&107@&108@0]银元宝[/]x1",<over>收集 碎铁矿 20/20,4920542616052493|3q28d_1|3q28a_1_1;4920542616052493|3q28d_2|3q28a_2_1,
capture-029,山道伐木,10,side,"前往【涧庭山道_1】的木材采集点，采集5个木材。然后回去交给涧庭村的叶眉。((如果没有带采集手套，可以去道具商介象那买一些。
[x]=[i=f_i_木材&24@材料&25@99&20@制造武器和工具的基本素材.&27@sitem_wood&101@86.png&103@0&104@0&105@&107@&108@12]木材[/]x5 
[g]=经验1000 [i=f_i_铜钱^ffffff&24@材料 消耗品&25@1000&19@1000枚时双击可兑换为银元宝.&20@游戏中的货币,用于流通买卖.&27@sitem_tq&101@163.png&103@0&104@0&105@&107@&108@0]铜钱[/]x500 [i=f_i_L包子&24@消耗品&25@99&7@600&20@带馅的包子,看起来非常可口,食用后可恢复些气力.&101@212.png&103@0&104@0&105@&107@&108@0]L包子[/]x5",收集 木材 0/5,4940542616468969|3q19d_1|3q19a_1_1;4940542616468969|3q19d_2|3q19a_2_1,
capture-030,山谷采药,10,side,"大佛的无颜委托你前往【卧佛谷_8】和【卧佛谷_9】采集5个黄连和5个金银花，之后回去交给他。((如果没有带采集手套，可以去道具商丑六品那买一些。))
[x]=[i=f_i_黄连^ffffff&24@材料&25@99&20@清热燥湿,泻火解毒.用于湿热痞满,呕吐吞酸,泻痢,黄疸,高热神昏,心火亢盛,心烦不寐,血热吐衄,目赤,牙痛,消渴,痈肿疔疮.&101@95.png&103@0&104@0&105@&107@&108@11]黄连[/]x5 [i=f_i_金银花^ffffff&24@材料&25@99&20@性寒味甘.具有清热解毒,凉血化淤的功效.&101@97.png&103@0&104@0&105@&107@&108@13]金银花[/]x5 
[g]=经验1200 [i=f_i_铜钱^ffffff&24@材料 消耗品&25@1000&19@1000枚时双击可兑换为银元宝.&20@游戏中的货币,用于流通买卖.&27@sitem_tq&101@163.png&103@0&104@0&105@&107@&108@0]铜钱[/]x400,收集　黄连 0/5",金银花 5/5,4110542614676637|2q21d_1|2q21a_1_1;4110542614676637|2q21d_2|2q21a_2_1,
capture-031,山谷伐木,10,side,"前往【卧佛谷_4】的木材采集点，采集5个木材。然后回去交给大佛村的蒙达悟。((如果没有带采集手套，可以去道具商丑六品那买一些。
[x]=[i=f_i_木材&24@材料&25@99&20@制造武器和工具的基本素材.&27@sitem_wood&101@86.png&103@0&104@0&105@&107@&108@12]木材[/]x5 
[g]=经验1000 [i=f_i_铜钱^ffffff&24@材料 消耗品&25@1000&19@1000枚时双击可兑换为银元宝.&20@游戏中的货币,用于流通买卖.&27@sitem_tq&101@163.png&103@0&104@0&105@&107@&108@0]铜钱[/]x500 [i=f_i_L包子&24@消耗品&25@99&7@600&20@带馅的包子,看起来非常可口,食用后可恢复些气力.&101@212.png&103@0&104@0&105@&107@&108@0]L包子[/]x5",<over>收集 木材 5/5,4130542614832797|2q19d_1|2q19a_1_1;4130542614832797|2q19d_2|2q19a_2_1,
capture-032,山谷狩猎,10,side,"大佛村的阿达奴委托你前往【卧佛谷_1】的肉采集点，采集5块肉，之后回去交给他。((如果没有带采集手套，可以去道具商丑六品那买一些。))
[x]=[i=f_i_肉&24@材料 消耗品&25@99&7@50&20@动物的肉,直接食用能加些气力.&101@70.png&103@0&104@0&105@&107@&108@12]肉[/]x5 
[g]=经验1000 [i=f_i_铜钱^ffffff&24@材料 消耗品&25@1000&19@1000枚时双击可兑换为银元宝.&20@游戏中的货币,用于流通买卖.&27@sitem_tq&101@163.png&103@0&104@0&105@&107@&108@0]铜钱[/]x500",<over>收集 肉 5/5,4120542614739860|2q20d_1|2q20a_1_1;4120542614739860|2q20d_2|2q20a_2_1,
capture-033,收集花瓣,10,side,"((去【树海_3】消灭一些花妖，从它们身上获取2个花瓣，))然后把它交给云隐村的蒙达悟。
[x]=[i=f_i_花瓣&24@材料&25@99&20@花瓣具有显著的斑纹,或有蜜腺可以分泌蜜汁,产生含糖的花蜜,吸引昆虫.&101@89.png&103@0&104@0&105@&107@&108@33]花瓣[/]x2 
[g]=经验2000",收集 花瓣 0/2,3000542609015823|1q31d_1|1q31a_1_1;3000542609015823|1q31d_2|1q31a_2_1,
capture-034,讨厌的刀手螳螂,10,side,"叶眉希望你((去【竹林_5】消灭3只刀手螳螂，))。消灭刀手螳螂后，回涧庭村找叶眉对话。
[g]=经验1200 [i=f_i_铜钱^ffffff&24@材料 消耗品&25@1000&19@1000枚时双击可兑换为银元宝.&20@游戏中的货币,用于流通买卖.&27@sitem_tq&101@163.png&103@0&104@0&105@&107@&108@0]铜钱[/]x300",<over>击杀 刀手螳螂 3/3,4940542616468969|3q23d_1|3q23a_1_1;4940542616468969|3q23d_2|3q23a_2_1,
capture-035,王喜财的兵器,10,side,"伏天让你((将一把兵器带给【广青镇_2】的王喜财。))
[g]=经验8000",<over>还未找【广青镇_2】的王喜财谈话,1780542610743555|4q33d_1|4q33a_1_1;2150542612192672|4q33d_2|4q33a_2_1,
capture-036,消灭大枯木怪,10,side,"大佛村的炎衣娘要你((去【卧佛谷_16】消灭3只大枯木怪，))然后回去找她对话。
[g]=经验2200",击杀 大枯木怪 0/3,4130542614832797|2q31d_1|2q31a_1_1;4130542614832797|2q31d_2|2q31a_2_1,
capture-037,云烧肉,10,side,"云隐村的卢掌柜委托你前往【云隐村口_1】的肉采集点，采集5块肉，之后回去交给他。((如果没有带采集手套，可以去道具商丑七品那买一些。))
[x]=[i=f_i_肉&24@材料 消耗品&25@99&7@50&20@动物的肉,直接食用能加些气力.&101@70.png&103@0&104@0&105@&107@&108@12]肉[/]x5 
[g]=经验1000 [i=f_i_铜钱^ffffff&24@材料 消耗品&25@1000&19@1000枚时双击可兑换为银元宝.&20@游戏中的货币,用于流通买卖.&27@sitem_tq&101@163.png&103@0&104@0&105@&107@&108@0]铜钱[/]x500",<over>收集 肉 5/5,5000542609232627|1q20d_1|1q20a_1_1;5000542609232627|1q20d_2|1q20a_2_1,
capture-038,竹林采药,10,side,"涧庭的熊猫竹生委托你前往【竹林_6】和【竹林_8】采集5个黄连和5个金银花，之后回去交给他。((如果没有带采集手套，可以去道具商介象那买一些。))
[x]=[i=f_i_黄连^ffffff&24@材料&25@99&20@清热燥湿,泻火解毒.用于湿热痞满,呕吐吞酸,泻痢,黄疸,高热神昏,心火亢盛,心烦不寐,血热吐衄,目赤,牙痛,消渴,痈肿疔疮.&101@95.png&103@0&104@0&105@&107@&108@11]黄连[/]x5 [i=f_i_金银花^ffffff&24@材料&25@99&20@性寒味甘.具有清热解毒,凉血化淤的功效.&101@97.png&103@0&104@0&105@&107@&108@13]金银花[/]x5 
[g]=经验1200 [i=f_i_铜钱^ffffff&24@材料 消耗品&25@1000&19@1000枚时双击可兑换为银元宝.&20@游戏中的货币,用于流通买卖.&27@sitem_tq&101@163.png&103@0&104@0&105@&107@&108@0]铜钱[/]x400,收集　黄连 0/5",金银花 5/5,4950542616589339|3q21d_1|3q21a_1_1;4950542616589339|3q21d_2|3q21a_2_1,
capture-039,竹林狩猎,10,side,"涧庭村的铃铛委托你((前往【竹林_1】的肉采集点，采集5块肉，))之后回去交给他。((如果没有带采集手套，可以去道具商介象那买一些。))
[x]=[i=f_i_肉&24@材料 消耗品&25@99&7@50&20@动物的肉,直接食用能加些气力.&101@70.png&103@0&104@0&105@&107@&108@12]肉[/]x5 
[g]=经验1000 [i=f_i_铜钱^ffffff&24@材料 消耗品&25@1000&19@1000枚时双击可兑换为银元宝.&20@游戏中的货币,用于流通买卖.&27@sitem_tq&101@163.png&103@0&104@0&105@&107@&108@0]铜钱[/]x500",<over>收集 肉 5/5,4930542616250587|3q20d_1|3q20a_1_1;4930542616250587|3q20d_2|3q20a_2_1,
capture-040,准备柴火,10,side,"前往【树海_1】的木材采集点，采集5个木材。然后回去交给大佛的炎衣娘。((如果没有带采集手套，可以去道具商丑七品那买一些。))
[x]=[i=f_i_木材&24@材料&25@99&20@制造武器和工具的基本素材.&27@sitem_wood&101@86.png&103@0&104@0&105@&107@&108@12]木材[/]x5 
[g]=经验1000 [i=f_i_铜钱^ffffff&24@材料 消耗品&25@1000&19@1000枚时双击可兑换为银元宝.&20@游戏中的货币,用于流通买卖.&27@sitem_tq&101@163.png&103@0&104@0&105@&107@&108@0]铜钱[/]x500 [i=f_i_L包子&24@消耗品&25@99&7@600&20@带馅的包子,看起来非常可口,食用后可恢复些气力.&101@212.png&103@0&104@0&105@&107@&108@0]L包子[/]x5",<over>收集 木材 5/5,3000542609015823|1q19d_1|1q19a_1_1;3000542609015823|1q19d_2|1q19a_2_1,
capture-041,丑家聚会,12,side,"((通知【广青镇_1】的丑五品有关丑家聚会的事情。))
[g]=经验7000 [i=f_i_银元宝^C156C7&24@材料 消耗品&25@9999&19@双击可兑换为1000铜币&20@游戏中的货币,用于流通买卖&27@sitem_jhj&101@39.png&103@0&104@0&105@&107@&108@0]银元宝[/]x1",<over>还未找【广青镇_1】的丑五品谈话,1810542611191117|4q3d_1|4q3a_1_1;1820542611400955|1|4q3os;1820542611400955|4q3d_2|4q3a_2_1,
capture-042,击溃紫毒蜈蚣,12,main,"<ml>涧庭村的申公烈委托你前往【竹林_10】附近找到【紫毒蜈蚣】并消灭它。消灭紫毒蜈蚣后,回涧庭村找申公烈交差。((按【M】键打开并查看大佛地区的地图，可以找到竹林_10的位置。))
[g]=经验2000 [i=f_i_L花卷^ffffff&24@消耗品&25@99&7@350&20@葱香的花卷馒头.食用后可恢复一些气力.&101@213.png&103@0&104@0&105@&107@&108@0]L花卷[/]x2",<over>击杀 紫毒蜈蚣 1/1,4910542615957836|3q29d_1|3q29a_1_1;4910542615957836|3q29d_2|3q29a_2_1,
capture-043,军队的护具,12,main,"<ml>广青军在前线与魔军交锋急缺护具，((找到【广青镇_3】的云衣娘，))让她准备一些。
[g]=经验3000",<over>还未找【广青镇_3】的云衣娘交谈,2520542613299551|4q23d_1|4q23a_1_1;2500542613172144|4q23d_2|4q23a_2_1,
capture-044,军队的药品,12,main,"<ml>((去找【广青镇_3】的伏罗，))告之他前线的军队急需药品。
[g]=经验3000",<over>还未找【广青镇_3】的伏罗交谈,1780542610743555|4q19d_1|4q19a_1_1;2520542613299551|4q19d_2|4q19a_2_1,
capture-045,武艺进展,12,side,"王喜财让你去问问((大斗))，看看他最近武艺进展得如何。
[g]=经验8000",<over>还未找【广青镇_2】的大斗谈话,2150542612192672|4q75d_1|4q75a_1_1;2100542611864758|4q75d_2|4q75a_2_1,
capture-046,消灭螳螂王,12,side,"涧庭村的叶眉要你((去【竹林_14】消灭1只螳螂王，))然后回去找她对话。
[g]=经验2400",<over>击杀 螳螂王 1/1,4940542616468969|3q31d_1|3q31a_1_1;4940542616468969|3q31d_2|3q31a_2_1,
capture-047,征粮令,12,side,"广青官府有令：((凡广青之民需交纳15块肉给【广青镇_2】的衙役甲))，以囤做军用。
((【注：该任务5小时一周期】))
[x]=[i=f_i_肉&24@材料 消耗品&25@99&7@50&20@动物的肉,直接食用能加些气力.&101@70.png&103@0&104@0&105@&107@&108@12]肉[/]x15 
[g]=[i=f_i_银元宝^C156C7&24@材料 消耗品&25@9999&19@双击可兑换为1000铜币&20@游戏中的货币,用于流通买卖&27@sitem_jhj&101@39.png&103@0&104@0&105@&107@&108@0]银元宝[/]x2",<over>收集 肉 15/15,2200542612620422|1|4q15gs;2200542612620422|4q15d_1|4q15a_1_1;2200542612620422|1|4q15os;2200542612620422|4q15d_2|4q15a_2_1,
capture-048,征木令,12,side,"广青官府有令：((凡广青之民需交纳20个木材给【广青镇_2】的衙役甲))，以囤做军用。
((【注：该任务5小时一周期】))
[x]=[i=f_i_木材&24@材料&25@99&20@制造武器和工具的基本素材.&27@sitem_wood&101@86.png&103@0&104@0&105@&107@&108@12]木材[/]x20 
[g]=[i=f_i_银元宝^C156C7&24@材料 消耗品&25@9999&19@双击可兑换为1000铜币&20@游戏中的货币,用于流通买卖&27@sitem_jhj&101@39.png&103@0&104@0&105@&107@&108@0]银元宝[/]x2",<over>收集 木材 20/20,2200542612620422|4q16d_1|4q16a_1_1;2200542612620422|4q16d_2|4q16a_2_1,
capture-049,征石令,12,side,"广青官府有令：((凡广青之民需交纳20个石块给【广青镇_2】的衙役乙))，用于防御工事。
((【注：该任务5小时一周期】))
[x]=[i=f_i_石块&24@材料&25@99&20@随处可见的石块,可造工具,也可用于建筑.&101@104.png&103@0&104@0&105@&107@&108@10]石块[/]x20 
[g]=[i=f_i_银元宝^C156C7&24@材料 消耗品&25@9999&19@双击可兑换为1000铜币&20@游戏中的货币,用于流通买卖&27@sitem_jhj&101@39.png&103@0&104@0&105@&107@&108@0]银元宝[/]x2",<over>收集 石块 20/20,2210542612665747|4q17d_1|4q17a_1_1;2210542612665747|1|4q17os;2210542612665747|4q17d_2|4q17a_2_1,
capture-050,征铁令,12,side,"广青官府有令：((凡广青之民需交纳15个碎铁矿给【广青镇_2】的衙役乙))，用于防御工事。
((【注：该任务5小时一周期】))
[x]=[i=f_i_碎铁矿^ffffff&24@材料&25@99&20@制造武器和护具的基本素材&101@105.png&103@0&104@0&105@&107@&108@12]碎铁矿[/]x15 
[g]=[i=f_i_银元宝^C156C7&24@材料 消耗品&25@9999&19@双击可兑换为1000铜币&20@游戏中的货币,用于流通买卖&27@sitem_jhj&101@39.png&103@0&104@0&105@&107@&108@0]银元宝[/]x2",<over>收集 碎铁矿 15/15,2210542612665747|1|4q18gs;2210542612665747|4q18d_1|4q18a_1_1;2210542612665747|4q18d_2|4q18a_2_1,
capture-051,爆骨猪扰民,13,main,"<ml>((去【平原_7】消灭5只爆骨猪。))之后回去找到【广青镇_3】的广青守卫乙交差。
[g]=经验5000 [i=f_i_L背包补丁^00ccff&24@特殊&25@99&19@使用后增加6格背包容积,扩大上限为90格&20@缝制和扩展背包的专用补丁.&27@sitem_ezhj&101@560.png&103@0&104@0&105@&107@&108@0]L背包补丁[/]x1",击杀 爆骨猪 0/5,2530542613373649|4q7d_1|4q7a_1_1;2530542613373649|4q7d_2|4q7a_2_1,
capture-052,补救的方法,13,side,"【广青镇_2】的孙大福因为看擂台赛要晚回家，特意委托你((去【平原_6】))消灭花妖((收集10个桂花蜜))，以此来哄骗其娘子。
[x]=[i=f_i_桂花蜜^5BC46D&24@材料&25@99&19@任务物品。&20@被誉为蜜中之王，拌奶可以润肤。&27@sitem_water&101@955.png&103@0&104@0&105@&107@&108@0]桂花蜜[/]x10 
[g]=经验12000 [i=f_i_银元宝^C156C7&24@材料 消耗品&25@9999&19@双击可兑换为1000铜币&20@游戏中的货币,用于流通买卖&27@sitem_jhj&101@39.png&103@0&104@0&105@&107@&108@0]银元宝[/]x1",收集 桂花蜜 0/10,2180542612350162|4q22d_1|4q22a_1_1;2180542612350162|4q22d_2|4q22a_2_1,
capture-053,第二次考验,13,main,"<ml>你必须((前往【平原_10】找到并消灭3只牙菇。))之后回【广青镇_2】找夏侯武交差。
[g]=经验5000 [i=f_i_银元宝^C156C7&24@材料 消耗品&25@9999&19@双击可兑换为1000铜币&20@游戏中的货币,用于流通买卖&27@sitem_jhj&101@39.png&103@0&104@0&105@&107@&108@0]银元宝[/]x1",<over>击杀 牙菇 3/3,2220542612946566|4q6d_1|4q6a_1_1;2220542612946566|4q6d_2|4q6a_2_1,
capture-054,独身的帚公,13,main,"<ml>找【广青镇_3】的帚公询问混沌之玉碎片的下落。
[g]=经验4000",<over>还未找【广青镇_3】的帚公交谈,1790542610850918|4q56d_1|4q56a_1_1;2550542613498646|4q56d_2|4q56a_2_1,
capture-055,更需要帮助的人,13,main,"<ml>去【广青镇_2】找李老头帮忙治病，顺便打听碎玉的下落。
[g]=经验4000",<over>还未找【广青镇_2】的李老头交谈,2550542613498646|4q58d_1|4q58a_1_1;2120542612098244|4q58d_2|4q58a_2_1,
capture-056,何首乌危机,13,main,"<ml>【广青镇_3】的伏罗需要用何首乌制药，但经常被尖刀暴牙偷食，他吩咐你((去【平原_13】消灭8只尖刀暴牙。))
[g]=经验6000 [i=f_i_银元宝^C156C7&24@材料 消耗品&25@9999&19@双击可兑换为1000铜币&20@游戏中的货币,用于流通买卖&27@sitem_jhj&101@39.png&103@0&104@0&105@&107@&108@0]银元宝[/]x2",<over>击杀 尖刀暴牙 8/8,2520542613299551|4q20d_1|4q20a_1_1;2520542613299551|4q20d_2|4q20a_2_1,
capture-057,护具材料,13,main,"<ml>【广青镇_3】的云衣娘让你((去【平原_7】消灭15只爆骨猪，))之后回去找她。
[g]=经验6000 [i=f_i_盗贼腰带^5BC46D&23@凿孔上限 9 格&24@护具·腰部&25@1&21@15&3@10&15@2&17@3&27@sitem_ezhj&19@精炼潜质:
[精炼+1&1; 每升一级 物理防御+2
[精炼+1&1; 每升一级 爆击+5&101@546.png&103@0&104@0&105@&107@&108@95]盗贼腰带[/]x1",<over>击杀 爆骨猪 15/15,2500542613172144|4q24d_1|4q24a_1_1;2500542613172144|4q24d_2|4q24a_2_1,
capture-058,获得宠物,13,main,"<ml>【广青镇_1】的雨娃需要你帮他凑1个蘑菇。((可以前往【平原_10】消灭牙菇,从而获得蘑菇。))
[x]=[i=f_i_蘑菇&24@材料&25@99&20@蘑菇的是真菌中的一类,除毒蘑菇外,有很好的药用价值和食用价值.&101@94.png&103@0&104@0&105@&107@&108@19]蘑菇[/]x1 
[g]=经验5000 
[s]=[i=f_i_怪木机^5BC46D&24@宠物&25@1&19@&2;font color='#00ff00'&3;可以提高主人的爆击能力&2;/font&3;&20@用富有生命的木头机关人来形容它最适合不过，起初只是一个小小的苗，随着浇灌和培养会变的越来越强.&27@sitem_pet&101@333.png&103@0&104@0&105@&107@&108@0&19@喜好食物:
宠物用营养水
宠物成长药剂
奇效宠物药剂
&2;font color='#66ccff'&3;宠物等级:1
爆击+20
&2;/font&3;&2;font color='#00cc00'&3;成长属性:
[等级1&1; 爆击+20 每升一级 +2&2;/font&3;]怪木机[/]x1,[i=f_i_幻熊兽^5BC46D&24@宠物&25@1&19@&2;font color='#00ff00'&3;可以提高主人的命中和回避&2;/font&3;&20@多居在茂密的树林里，活泼好动.&27@sitem_pet&101@320.png&103@0&104@0&105@&107@&108@0&19@喜好食物:
宠物用营养水
宠物成长药剂
奇效宠物药剂
&2;font color='#66ccff'&3;宠物等级:1
命中+15
回避+15
&2;/font&3;&2;font color='#00cc00'&3;成长属性:
[等级1&1; 命中+15 每升一级 +1
[等级1&1; 回避+15 每升一级 +1&2;/font&3;]幻熊兽[/]x1,[i=f_i_极冰兽^5BC46D&24@宠物&25@1&19@&2;font color='#00ff00'&3;可以提高主人的魔法防御力&2;/font&3;&20@体内蕴涵着冷冻的力量,蟹型外表被厚厚的冰层包围,喷射出的寒气能迅速冷冻住任何物体,幼体性格温顺.&27@sitem_pet&101@332.png&103@0&104@0&105@&107@&108@0&19@喜好食物:
宠物用营养水
宠物成长药剂
奇效宠物药剂
&2;font color='#66ccff'&3;宠物等级:1
魔法防御+15
&2;/font&3;&2;font color='#00cc00'&3;成长属性:
[等级1&1; 魔法防御+15 每升一级 +1&2;/font&3;]极冰兽[/]x1,[i=f_i_炎火兽^5BC46D&24@宠物&25@1&19@&2;font color='#00ff00'&3;可以提高主人的物理攻击力&2;/font&3;&20@体内流淌着高温的酸性体液,喷射出来遇到火花就会烧起熊熊大火.生性好斗勇猛.&27@sitem_pet&101@324.png&103@0&104@0&105@&107@&108@0&19@喜好食物:
宠物用营养水
宠物成长药剂
奇效宠物药剂
&2;font color='#66ccff'&3;宠物等级:1
物理攻击+10
&2;/font&3;&2;font color='#00cc00'&3;成长属性:
[等级1&1; 物理攻击+10 每升一级 +1&2;/font&3;]炎火兽[/]x1,[i=f_i_霹雳兽^5BC46D&24@宠物&25@1&19@&2;font color='#00ff00'&3;可以提高主人的魔法攻击力&2;/font&3;&20@身体周围不时的散发出神秘气息，具有很强的灵气，幼体较弱需要细心呵护。&27@sitem_pet&101@349.png&103@0&104@0&105@&107@&108@0&19@喜好食物:
宠物用营养水
宠物成长药剂
奇效宠物药剂
&2;font color='#66ccff'&3;宠物等级:1
魔法攻击+10
&2;/font&3;&2;font color='#00cc00'&3;成长属性:
[等级1&1; 魔法攻击+10 每升一级 +1&2;/font&3;]霹雳兽[/]x1,[i=f_i_圣石兽^5BC46D&24@宠物&25@1&19@&2;font color='#00ff00'&3;可以提高主人的物理防御力&2;/font&3;&20@坚固的石甲将它包围,习性穴居.成年后外型庞大,食量也大.&27@sitem_pet&101@345.png&103@0&104@0&105@&107@&108@0&19@喜好食物:
宠物用营养水
宠物成长药剂
奇效宠物药剂
&2;font color='#66ccff'&3;宠物等级:1
物理防御+15
&2;/font&3;&2;font color='#00cc00'&3;成长属性:
[等级1&1; 物理防御+15 每升一级 +1&2;/font&3;]圣石兽[/]x1",收集 蘑菇 0/1,1800542611079956|4q14d_1|4q14a_1_1,
capture-059,军队的兵器,13,main,"<ml>广青军队对付魔军缺少一些兵器，((去找【广青镇_1】的铁匠伏天，告之他此事。))
[g]=经验2500",<over>还未找【广青镇_1】的伏天交谈,2220542612946566|4q12d_1|4q12a_1_1;1780542610743555|4q12d_2|4q12a_2_1,
capture-060,可爱的宠物,13,main,"<ml>广青守卫乙特意告诉你((获得宠物的方法，要去找【广青镇_1】的雨娃了解))。
[g]=经验2500",<over>还未找【广青镇_1】的雨娃对话,2530542613373649|4q43d_1|4q43a_1_1;1800542611079956|4q43d_2|4q43a_2_1,
capture-061,失散的儿子,13,main,"<ml>回【广青镇_3】告诉帚公他孩子的消息。
[g]=经验4000",<over>还未找【广青镇_3】的帚公交谈,4140542615070416|4q57d_1|4q57a_1_1;2550542613498646|4q57d_2|4q57a_2_1,
capture-062,坍塌的城墙,13,main,"<ml>去【平原_12】的石块采集点，采集10个石块交给【广青镇_1】的广青守卫甲。
[x]=[i=f_i_石块&24@材料&25@99&20@随处可见的石块,可造工具,也可用于建筑.&101@104.png&103@0&104@0&105@&107@&108@10]石块[/]x10 
[g]=经验7000",收集 石块 2/10,1790542610850918|4q32d_1|4q32a_1_1;1790542610850918|4q32d_2|4q32a_2_1,
capture-063,通知守卫,13,main,"<ml>夏侯武告知你前三次是特意对你的考验，现在你已通过了他的考验。((先去【广青镇_1】给广青守卫甲传一个口信。))
[g]=经验2500",<over>还未带口信给【广青镇_1】的广青守卫甲,2220542612946566|4q11d_1|4q11a_1_1;1790542610850918|4q11d_2|4q11a_2_1,
capture-064,夏侯武的初次考验,13,main,"<ml>为了证明你是大师的徒弟，得((去【平原_6】消灭2只花妖，))，然后回到【广青镇_2】找夏侯武交差。
[g]=经验5000",<over>击杀 花妖 2/2,2220542612946566|4q4d_1|4q4a_1_1;2220542612946566|4q4d_2|4q4a_2_1,
capture-065,夏侯武的传话,13,main,"<ml>找到【广青镇_2】的夏候武并和他对话。
[g]=经验3000",<over>还未找【广青镇_2】的夏候武交谈,2500542613172144|4q25d_1|4q25a_1_1;2220542612946566|4q25d_2|4q25a_2_1,
capture-066,夏侯武的吩咐,13,main,"<ml>雨娃说夏侯武正找你有事，((立即去【广青镇_2】找夏侯武交谈。))
[g]=经验2500",<over>还未找【广青镇_2】的夏侯武交谈,1800542611079956|4q54d_1|4q54a_1_1;2220542612946566|4q54d_2|4q54a_2_1,
capture-067,小心城门,13,main,"<ml>((去【广青镇_3】告诉广青守卫乙有关魔军进攻的消息。))
[g]=经验2500",<over>还未去找【广青镇_3】的广青守卫乙对话,1790542610850918|4q1d_1|4q1a_1_1;2530542613373649|4q1d_2|4q1a_2_1,
capture-068,治病药材,13,main,"<ml>分别((去【平原_4、11、20】采集，金银花、当归、黄连各5株))交给广青镇_2的李老头。
[x]=[i=f_i_黄连^ffffff&24@材料&25@99&20@清热燥湿,泻火解毒.用于湿热痞满,呕吐吞酸,泻痢,黄疸,高热神昏,心火亢盛,心烦不寐,血热吐衄,目赤,牙痛,消渴,痈肿疔疮.&101@95.png&103@0&104@0&105@&107@&108@11]黄连[/]x5 [i=f_i_当归^ffffff&24@材料&25@99&20@若发生气血逆乱,服用之后即可降逆定乱,使气血各有所归.&101@92.png&103@0&104@0&105@&107@&108@20]当归[/]x5 [i=f_i_金银花^ffffff&24@材料&25@99&20@性寒味甘.具有清热解毒,凉血化淤的功效.&101@97.png&103@0&104@0&105@&107@&108@13]金银花[/]x5 
[g]=经验7000 [i=f_i_L花卷^ffffff&24@消耗品&25@99&7@350&20@葱香的花卷馒头.食用后可恢复一些气力.&101@213.png&103@0&104@0&105@&107@&108@0]L花卷[/]x1,收集　黄连 0/5,当归 0/5",金银花 5/5,2120542612098244|4q42d_1|4q42a_1_1;2120542612098244|4q42d_2|4q42a_2_1,
capture-069,最后的考验,13,main,"<ml>((前往【平原_13】找到并消灭3只尖刀暴牙。))之后回【广青镇_2】找夏侯武交差。
[g]=经验5000 [i=f_i_盗贼护腿^ffffff&23@凿孔上限 9 格&24@护具·腿&25@1&21@15&3@16&4@5&27@sitem_ezhj&19@精炼潜质:
[精炼+1&1; 每升一级 物理防御+2
[精炼+1&1; 每升一级 魔法防御+2
[精炼+1&1; 每升一级 命中+3&101@543.png&103@0&104@0&105@&107@&108@100]盗贼护腿[/]x1",<over>击杀 尖刀暴牙 3/3,2220542612946566|4q8d_1|4q8a_1_1;2220542612946566|4q8d_2|4q8a_2_1,
capture-070,一棵松据点,14,side,"广青镇的擂台护卫让你((去【平原_10】找二顺了解一棵松据点))。
[g]=经验3000",<over>还未找【平原_10】的二顺了解据点,2140542612112200|4q52d_1|4q52a_1_1;1270542610272513|4q52d_2|4q52a_2_1,
capture-071,白源战况,15,main,"<ml>去找【广青镇_2】夏侯武了解白源那边的战况。
[g]=经验5000",<over>还未找【广青镇_2】夏侯武交谈。,2200542612620422|4q67d_1|4q67a_1_1;2220542612946566|4q67d_2|4q67a_2_1,
capture-072,打造兵器,15,main,"<ml>为了帮广青军队打造兵器，((【广青镇_1】的铁匠伏天要你去【平原_15】的碎铁矿采集点采集20个碎铁矿))给他。
[x]=[i=f_i_碎铁矿^ffffff&24@材料&25@99&20@制造武器和护具的基本素材&101@105.png&103@0&104@0&105@&107@&108@12]碎铁矿[/]x20 
[g]=经验6000 [i=f_i_银元宝^C156C7&24@材料 消耗品&25@9999&19@双击可兑换为1000铜币&20@游戏中的货币,用于流通买卖&27@sitem_jhj&101@39.png&103@0&104@0&105@&107@&108@0]银元宝[/]x3",<over>收集 碎铁矿 20/20,1780542610743555|4q13d_1|4q13a_1_1;1780542610743555|4q13d_2|4q13a_2_6,
capture-073,大斗的担忧,15,side,"去((找【广青镇_2】的小斗))，问问他最近武艺进展得如何。
[g]=经验8000",<over>还未找【广青镇_2】的小斗谈话,2100542611864758|4q76d_1|4q76a_1_1;2110542611994150|4q76d_2|4q76a_2_1,
capture-074,大斗的心愿,15,side,"去((【平原_14】))消灭一些盗贼，((取得2个红方巾)),把它交给【广青镇_2】的大斗。
[x]=[i=f_i_红方巾^ffffff&24@材料&25@99&20@红色绸缎制方巾.&27@sitem_ezhj&101@121.png&103@0&104@0&105@&107@&108@21]红方巾[/]x2 
[g]=经验13000 [i=f_i_银元宝^C156C7&24@材料 消耗品&25@9999&19@双击可兑换为1000铜币&20@游戏中的货币,用于流通买卖&27@sitem_jhj&101@39.png&103@0&104@0&105@&107@&108@0]银元宝[/]x1",收集 红方巾 0/2,2100542611864758|4q44d_1|4q44a_1_1;2100542611864758|4q44d_2|4q44a_2_1,
capture-075,盗贼横行,15,main,"<ml>夏侯武让你((去【平原_14】剿灭10个盗贼，))之后再回【广青镇_2】找他谈话。
[g]=经验6000 [i=f_i_银元宝^C156C7&24@材料 消耗品&25@9999&19@双击可兑换为1000铜币&20@游戏中的货币,用于流通买卖&27@sitem_jhj&101@39.png&103@0&104@0&105@&107@&108@0]银元宝[/]x3",<over>击杀 盗贼 10/10,2220542612946566|4q26d_1|4q26a_1_1;2220542612946566|4q26d_2|4q26a_2_1,
capture-076,广青的信函,15,main,"<ml>申公烈让你((去【广青镇_2】找夏侯武))查探混沌之玉的消息。((从村东头进入竹林，穿过【竹林_9】便可到达广青平原，广青镇便位于平原中部。))
提示：到达广青平原后可以按【M】键打开地图，查看一下广青镇的位置。
[g]=经验2000 [i=f_i_L回魂丹^C156C7&24@消耗品&25@999&19@死亡后与黄泉婆婆对话，可直接复活并回到绑定点。&20@神秘丹药，传说有让人起死回生的功效。&2;font color='#ffff00'&3;注:【无法交易】&2;/font&3;&101@225.png&103@0&104@0&105@&107@&108@0]L回魂丹[/]x2",<over>还未去【广青镇_2】找夏侯武谈话,4910542615957836|3q30d_1|3q30a_1_1;2220542612946566|3q30d_2|3q30a_2_1,
capture-077,广青剿匪,15,main,"<ml>夏侯武让你((去【平原_14】消灭25个盗贼。))
[g]=经验8000 [i=f_i_银元宝^C156C7&24@材料 消耗品&25@9999&19@双击可兑换为1000铜币&20@游戏中的货币,用于流通买卖&27@sitem_jhj&101@39.png&103@0&104@0&105@&107@&108@0]银元宝[/]x2",击杀 盗贼 7/25,2220542612946566|4q37d_1|4q37a_1_1;2220542612946566|4q37d_2|4q37a_2_1,
capture-078,混沌之玉现身,15,main,"<ml>((去找【广青镇_1】的伏天了解混沌之玉碎片的消息。))
[g]=经验3000",<over>还未找【广青镇_1】的伏天交谈,2220542612946566|4q27d_1|4q27a_1_1;1780542610743555|4q27d_2|4q27a_2_1,
capture-079,家书传信,15,side,"将家书送给【大佛村】的丑六品))，告知他丑家聚会的事情。
[g]=经验7000 [i=f_i_银元宝^C156C7&24@材料 消耗品&25@9999&19@双击可兑换为1000铜币&20@游戏中的货币,用于流通买卖&27@sitem_jhj&101@39.png&103@0&104@0&105@&107@&108@0]银元宝[/]x2",<over>将家书送给【大佛村】的丑六品,1820542611400955|4q72d_1|4q72a_1_1;4090542614314425|4q72d_2|4q72a_2_1,
capture-080,见玉之人,15,main,"<ml>((找到【广青镇_3】的木安，了解混沌之玉的事情。))
[g]=经验3000",<over>还未找【广青镇_3】的木安交谈,1780542610743555|4q28d_1|4q28a_1_1;2510542613193577|4q28d_2|4q28a_2_1,
capture-081,铠甲制造,15,main,"<ml>为了筹集给军队铸造铠甲的材料，【广青镇_2】的夏侯武让你((去【平原_2】消灭30个黑铁怪。))之后再回去找他。
[g]=经验8000",击杀 黑铁怪 2/30,2220542612946566|4q38d_1|4q38a_1_1;2220542612946566|4q38d_2|4q38a_2_1,
capture-082,三生情缘,15,side,"云衣娘有段三生情缘，赶紧((去【涧庭村】找申公烈村长))问个明白。
[g]=经验6000",<over>还未找【涧庭村】的申公烈村长交谈。,2220542612946566|4q71d_1|4q71a_1_1;4910542615957836|4q71d_2|4q71a_2_1,
capture-083,杀猪除害,15,activity,"<party>((前往【平原_5】击杀50只爆骨猪))，完成后回复【广青_1】伏天。
[g]=经验5000",<over>击杀 爆骨猪 50/50,1780542610743555|day_9d_1|day_9a_1_1;1780542610743555|day_9d_2|day_9a_2_1,
capture-084,圣诞节的装饰,15,side,"收集((30个驯鹿娃娃))、((30个彩棒))、((30个圣诞铃))交给圣诞树。
[x]=[i=f_i_驯鹿娃娃^f9e000&24@材料&25@99&20@圣诞道具，摸起来毛茸茸的驯鹿娃娃。&27@sitem_piput&101@1606.png&103@0&104@0&105@&107@&108@80]驯鹿娃娃[/]x30 [i=f_i_彩棒^f9e000&24@材料&25@99&20@圣诞道具，条纹的彩棒，用于装饰增强节日氛围。&27@sitem_piput&101@1607.png&103@0&104@0&105@&107@&108@40]彩棒[/]x30 [i=f_i_圣诞铃^f9e000&24@材料&25@99&20@圣诞道具，铜制的铃铛，摇起来有清脆的声音。&27@sitem_jhj&101@1608.png&103@0&104@0&105@&107@&108@100]圣诞铃[/]x30 
[g]=经验10000 [i=f_i_试炼印^f9e000&23@限制装备至【宝1、宝2、宝3、宝4】格。&24@法宝&25@1&21@1&5@&6@&20@&2;font color='#ffff00'&3;注:【无法交易】&2;/font&3;&27@sitem_jhj&19@
&2;font color='#59c5ca'&3;法宝效果:
装备后，每天消灭200只精英或BOSS怪可获得1点属性领悟值，每达成12点属性领悟值则可永久提升1点随机属性。&2;/font&3;
今日灭怪：0/200
属性领悟：0/12
&101@1605.png&103@0&104@0&105@&107@&108@0]试炼印[/]x1,收集　驯鹿娃娃 0/30,彩棒 0/30",圣诞铃 0/30,1860542611566530|shengdan2017d_1|shengdan2017a_1_1,
capture-085,试药,15,side,"伏罗让你((传话给【广青镇_2】的林公子))，让他去试药。
[g]=经验6000",<over>还未找【广青镇_2】的林公子交谈。,2520542613299551|4q10d_1|4q10a_1_1;2170542612315146|4q10d_2|4q10a_2_1,
capture-086,守卫的烦恼,15,main,"<ml>夏侯武让你去((找【广青镇_3】的广青镇守卫乙，))他有一些麻烦需要你去解决。
[g]=经验4000",<over>还未找【广青镇_3】广青守卫乙交谈。,2220542612946566|4q59d_1|4q59a_1_1;2530542613373649|4q59d_2|4q59a_2_1,
capture-087,碎玉的下落,15,main,"<ml>((去【广青镇_1】找广青守卫甲询问碎玉的下落。))
[g]=经验4000",<over>还未找【广青镇_1】的广青守卫甲交谈,2510542613193577|4q55d_1|4q55a_1_1;1790542610850918|4q55d_2|4q55a_2_1,
capture-088,通知五哥,15,side,"((回到【广青镇_1】将聚会的答复告诉丑五品。))
[g]=经验7000",<over>回到【广青镇_1】将聚会的答复告诉丑五品,4090542614314425|4q73d_1|4q73a_1_1;1820542611400955|4q73d_2|4q73a_2_1,
capture-089,忘情药的效果,15,side,"替林公子((转告【广青镇_3】的伏罗))，说忘情之药没有效果。
[g]=经验6000",<over>还未找【广青镇_3】的伏罗交谈。,2170542612315146|4q29d_1|4q29a_1_1;2520542613299551|4q29d_2|4q29a_2_1,
capture-090,忘情之药,15,side,"林公子让你((去【广青镇_3】找伏罗郎中，))让他帮忙调配忘情之药。
[g]=经验5000",<over>还未找【广青镇_3】伏罗交谈。,2170542612315146|4q2d_1|4q2a_1_1;2520542613299551|4q2d_2|4q2a_2_1,
capture-091,系铃之人,15,side,"解铃还须系铃人，去((找【广青镇_3】的云衣娘询问与林公子之间的事。))
[g]=经验6000",<over>还未找【广青镇_3】的云衣娘交谈。,4110542614676637|4q70d_1|4q70a_1_1;2500542613172144|4q70d_2|4q70a_2_1,
capture-092,夏侯武的赞赏,15,main,"<ml>李老头让你去找【广青镇_2】的夏侯武谈话。
[g]=经验4000 [i=f_i_L进阶经验卡^00ccff&24@特殊&25@99&19@双击使用。击杀怪物后，将获得双倍经验。效果持续时间为3小时。该物品不能交易。&20@可以获得经验加成的神奇商城道具。&27@sitem_book&101@577.png&103@0&104@0&105@&107@&108@0]L进阶经验卡[/]x1",<over>还未找【广青镇_2】的夏侯武交谈,2120542612098244|4q35d_1|4q35a_1_1;2220542612946566|4q35d_2|4q35a_2_1,
capture-093,香露的花瓣,15,side,"去((【平原_6】))或其他有((花妖))出没的地方，消灭他们。收集((10个浓香花瓣))交给【广青镇_3】的云衣娘。
[x]=[i=f_i_浓香花瓣^5BC46D&24@材料&25@99&19@任务物品。&20@有着浓烈香味的花瓣，用于香露制作。&27@sitem_book&101@936.png&103@0&104@0&105@&107@&108@0]浓香花瓣[/]x10 
[g]=经验12000 [i=f_i_银元宝^C156C7&24@材料 消耗品&25@9999&19@双击可兑换为1000铜币&20@游戏中的货币,用于流通买卖&27@sitem_jhj&101@39.png&103@0&104@0&105@&107@&108@0]银元宝[/]x2",收集 浓香花瓣 0/10,2500542613172144|4q9d_1|4q9a_1_1;2500542613172144|4q9d_2|4q9a_2_1,
capture-094,寻找妙方,15,side,"伏罗委托你((去【大佛村】找无颜，打听忘情之药的配方))。
[g]=经验6000",<over>还未找【大佛村】的无颜交谈。,2520542613299551|4q48d_1|4q48a_1_1;4110542614676637|4q48d_2|4q48a_2_1,
capture-095,寻找失散的亲人,15,main,"<ml>替帚公去【大佛村】找噌痴大师，打听他亲人的下落。
[g]=经验4000 [i=f_i_L初阶经验卡^00ccff&24@特殊&25@99&19@双击使用。击杀怪物后，将获得双倍经验，效果持续时间为1小时。该物品不能交易。&20@可以获得经验加成的神奇商城道具。&27@sitem_book&101@576.png&103@0&104@0&105@&107@&108@0]L初阶经验卡[/]x1",<over>还未找【大佛村】的噌痴大师交谈,2550542613498646|4q47d_1|4q47a_1_1;4140542615070416|4q47d_2|4q47a_2_1,
capture-096,衙役的质疑,15,main,"<ml>广青守卫丙让你((去【广青镇_2】找衙役甲谈话，))可能会有好事。
[g]=经验5000",<over>还未找【广青镇_2】衙役甲交谈。,2540542613409380|4q64d_1|4q64a_1_1;2200542612620422|4q64d_2|4q64a_2_1,
capture-097,缘定三生,15,side,"了解到了云衣娘的三生情缘，((回【广青镇_2】告诉林公子))。
[g]=经验6000 [i=f_i_L花卷^ffffff&24@消耗品&25@99&7@350&20@葱香的花卷馒头.食用后可恢复一些气力.&101@213.png&103@0&104@0&105@&107@&108@0]L花卷[/]x2",<over>还未找【广青镇_2】的林公子交谈。,4910542615957836|4q49d_3|4q49a_3_1;2170542612315146|4q49d_4|4q49a_4_1,
capture-098,云衣娘的心事,15,side,"((去【广青镇_2】找夏侯武询问云衣娘之事。))
[g]=经验6000",<over>还未找【广青镇_2】的夏侯武交谈。,2500542613172144|4q40d_1|4q40a_1_1;2220542612946566|1|4q40os;2220542612946566|4q40d_2|4q40a_2_1,
capture-099,助商集物,15,activity,"<party>((收集羽x50,兽牙x50,毛皮x50,头骨x50))，完成后回复【广青_1】丑五品。（前往【观瀑台】击杀刺鸟获得羽，前往【卧佛谷_3】击杀砂狼兽获得兽牙和毛皮，前往【平原_13】击杀尖刀暴牙获得头骨）
[x]=[i=f_i_羽&24@材料&25@99&20@鸟的羽,可制造工具,装饰服饰.&101@98.png&103@0&104@0&105@&107@&108@15]羽[/]x50 [i=f_i_兽牙&24@材料&25@99&20@野兽锋利的牙齿,看起来能做点什么.&101@68.png&103@0&104@0&105@&107@&108@15]兽牙[/]x50 [i=f_i_毛皮&24@材料&25@99&20@没经过加工的野兽毛皮,缝制用基本原料.&27@sitem_piput&101@71.png&103@0&104@0&105@&107@&108@24]毛皮[/]x50 [i=f_i_头骨^ffffff&24@材料&25@99&20@尸骨的头部,用于制造工具,装饰服饰.&27@sitem_wood&101@102.png&103@0&104@0&105@&107@&108@18]头骨[/]x50 
[g]=经验30000 ,收集　羽 8/50,兽牙 8/50,毛皮 50/50",头骨 2/50,1820542611400955|day_10d_1|day_10a_1_1;1820542611400955|day_10d_2|day_10a_2_1,
capture-100,最新消息,15,side,"去((告知【广青镇_1】的丑二品))有关家族聚会的最新消息。
[g]=经验7000",<over>还未找【广青镇_1】丑二品交谈,1820542611400955|4q74d_1|4q74a_1_1;1810542611191117|4q74d_2|4q74a_2_1,
capture-101,忘情药的配方,17,side,"((去【平原_16】找到并消灭巡路小鬼))，从它们身上获取10个((小鬼的角)),之后交给【广青镇_3】的伏罗。
[x]=[i=f_i_小鬼的角^5BC46D&24@材料&25@99&19@任务物品。&20@小鬼头上的硬角。&101@934.png&103@0&104@0&105@&107@&108@0]小鬼的角[/]x10 
[g]=经验12000 [i=f_i_银元宝^C156C7&24@材料 消耗品&25@9999&19@双击可兑换为1000铜币&20@游戏中的货币,用于流通买卖&27@sitem_jhj&101@39.png&103@0&104@0&105@&107@&108@0]银元宝[/]x1",收集 小鬼的角 0/10,2520542613299551|4q5d_1|4q5a_1_1;2520542613299551|4q5d_2|4q5a_2_1,
capture-102,消灭盗贼,17,side,"【广青镇_1】的丑五品委托你((前往【平原_15】消灭20个盗贼))，以免其弟弟来广青的路上遭到盗贼的袭击。
[g]=经验13000 [i=f_i_银元宝^C156C7&24@材料 消耗品&25@9999&19@双击可兑换为1000铜币&20@游戏中的货币,用于流通买卖&27@sitem_jhj&101@39.png&103@0&104@0&105@&107@&108@0]银元宝[/]x1",击杀 盗贼 0/20,1820542611400955|4q30d_1|4q30a_1_1;1820542611400955|4q30d_2|4q30a_2_1,
capture-103,冰释前嫌,18,side,"根据大斗的请求，((前往【广青镇_2】小斗处))，替大斗向小斗道歉。
[g]=经验1700",<over>前往【广青镇_2】跟小斗对话。,2100542611864758|aq10d_1|aq10a_1_1;2110542611994150|aq10d_2|aq10a_2_1,
capture-104,采花制药,18,side,"((前往【平原_4】采集15朵金银花后))，交给【广青镇_3】伏罗，让他制作止血散。
[x]=[i=f_i_金银花^ffffff&24@材料&25@99&20@性寒味甘.具有清热解毒,凉血化淤的功效.&101@97.png&103@0&104@0&105@&107@&108@13]金银花[/]x15 
[g]=经验1500",<over>收集 金银花 15/15,2520542613299551|aq3d_1|aq3a_1_1;2520542613299551|aq3d_2|aq3a_2_1,
capture-105,芳心谁属,18,side,"应张妈的请求，((前往【涧庭村】找申公烈))，向其打听铃铛的情况。
[g]=经验2000",<over>前往【涧庭村】找申公烈对话。,2190542612528390|aq12d_1|aq12a_1_1;4910542615957836|aq12d_2|aq12a_2_1,
capture-106,激将之法,18,side,"应申公烈之请求，((前往【涧庭村】骗熊猫竹生说铃铛喜欢大斗))。
[g]=经验2000",<over>前往【涧庭村】和熊猫竹生对话。,4910542615957836|aq13d_1|aq13a_1_1;4950542616589339|aq13d_2|aq13a_2_1,
capture-107,立志卫国,18,side,"应小斗的请求，((前往【广青镇_2】向张妈转达小斗的谢意))。
[g]=经验1700",<over>前往【广青镇_2】向张妈转达小斗的谢意。,2110542611994150|aq11d_1|aq11a_1_1;2190542612528390|aq11d_2|aq11a_2_1,
capture-108,谜底揭晓,18,side,"应申公烈的请求，((前往【广青镇_2】告诉张妈关于铃铛意中人之事))。
[g]=经验2000",<over>前往【广青镇_2】找张妈对话。,4910542615957836|aq17d_1|aq17a_1_1;2190542612528390|aq17d_2|aq17a_2_1,
capture-109,蘑菇回礼,18,side,"应铃铛的请求，((前往【平原_10】从牙菇身上得到1颗蘑菇后))，交给【涧庭村】的熊猫竹生。
[x]=[i=f_i_蘑菇&24@材料&25@99&20@蘑菇的是真菌中的一类,除毒蘑菇外,有很好的药用价值和食用价值.&101@94.png&103@0&104@0&105@&107@&108@19]蘑菇[/]x1 
[g]=经验2500",收集 蘑菇 0/1,4930542616250587|aq15d_1|aq15a_1_1;4950542616589339|aq15d_2|aq15a_2_1,
capture-110,木安的请求,18,main,"<ml>((为了替广青镇_3木安报仇,必须前往【平原_16】杀死20个巡路小鬼。))
[g]=经验7000 [i=f_i_银元宝^C156C7&24@材料 消耗品&25@9999&19@双击可兑换为1000铜币&20@游戏中的货币,用于流通买卖&27@sitem_jhj&101@39.png&103@0&104@0&105@&107@&108@0]银元宝[/]x3",<over>击杀 巡路小鬼 20/20,2510542613193577|4q31d_1|4q31a_1_1;2510542613193577|4q31d_2|4q31a_2_1,
capture-111,索药疗伤,18,side,"((前往【广青镇_3】找伏罗))，跟他要一副止血散，为小斗疗伤。
[g]=经验1500",<over>前往【广青镇_3】找伏罗对话。,2190542612528390|aq2d_1|aq2a_1_1;2520542613299551|aq2d_2|aq2a_2_1,
capture-112,顽石开窍,18,side,"应熊猫竹生的请求，((前往【涧庭村】申公烈处))，向他转告熊猫竹生的决心。
[g]=经验2000",<over>前往【涧庭村】和申公烈对话。,4950542616589339|aq16d_1|aq16a_1_1;4910542615957836|aq16d_2|aq16a_2_1,
capture-113,小斗的武器,18,side,"【广青镇_2】的小斗需要20个坚硬的牙刺，用来打造自己喜欢的狼牙棒。可以((去【平原_16】消灭巡路小鬼，取得坚硬的牙刺))。
[x]=[i=f_i_坚硬的牙刺^5BC46D&24@材料&25@99&19@任务物品。&20@非常坚硬的刺，非常锐利。&101@938.png&103@0&104@0&105@&107@&108@0]坚硬的牙刺[/]x20 
[g]=经验13000 [i=f_i_银元宝^C156C7&24@材料 消耗品&25@9999&19@双击可兑换为1000铜币&20@游戏中的货币,用于流通买卖&27@sitem_jhj&101@39.png&103@0&104@0&105@&107@&108@0]银元宝[/]x1",收集 坚硬的牙刺 3/20,2110542611994150|4q45d_1|4q45a_1_1;2110542611994150|4q45d_2|4q45a_2_1,
capture-114,心灰意冷,18,side,"((帮助铃铛将丝交还给【广青镇_2】的小斗))，向他表示歉意。
[g]=经验1700",<over>前往【广青镇_2】找小斗对话。,4930542616250587|aq6d_1|aq6a_1_1;2110542611994150|aq6d_2|aq6a_2_1,
capture-115,兄弟反目,18,side,"前往【竹林_3】击杀小竹妖，((从小竹妖身上取得5片甘露后))，回复【广青镇_2】张妈。
[x]=[i=f_i_甘露&24@材料 消耗品&25@99&8@100&20@古有仙人承露,用于长生不老食后祛病延寿,恢复精力亦是炼药素材.&27@sitem_water&101@214.png&103@0&104@0&105@&107@&108@0]甘露[/]x5 
[g]=经验1500",收集 甘露 2/5,2190542612528390|aq1d_1|aq1a_1_1;2190542612528390|aq1d_2|aq1a_2_1,
capture-116,一场误会,18,side,"应大斗的请求，((前往【涧庭村】将水晶交给铃铛))，作为大斗的定情信物。
[g]=经验1700",<over>前往【涧庭村】将水晶交给铃铛。,2100542611864758|aq8d_1|aq8a_1_1;4930542616250587|aq8d_2|aq8a_2_1,
capture-117,义愤填膺,18,side,"应伏罗的要求，((将止血散交给【广青镇_2】的小斗))，助他止血疗伤。
[g]=经验1500",<over>前往【广青镇_2】跟小斗对话。,2520542613299551|aq4d_1|aq4a_1_1;2110542611994150|aq4d_2|aq4a_2_1,
capture-118,赠丝遭拒,18,side,"((帮助小斗前往【竹林_10】击杀紫毒蜈蚣))，从而获得1根((丝))，交给【涧庭村】的铃铛。
[x]=[i=f_i_丝&24@材料&25@99&20@产自一些植物或者虫,缝制用基本原料.&27@sitem_ezhj&101@76.png&103@0&104@0&105@&107@&108@9]丝[/]x1 
[g]=经验1700",收集 丝 0/1,2110542611994150|aq5d_1|aq5a_1_1;4930542616250587|aq5d_2|aq5a_2_1,
capture-119,赠送花蜜,18,side,"应熊猫竹生的请求，((前往【平原_6】从花妖身上获得10罐蜜))，交给【涧庭村】的铃铛。
[x]=[i=f_i_蜜^ffffff&24@材料 消耗品&25@99&7@100&20@药材,炼药原料,直接食用能回复些气力.&27@sitem_water&101@91.png&103@0&104@0&105@&107@&108@25]蜜[/]x10 
[g]=经验2500",收集 蜜 0/10,4950542616589339|aq14d_1|aq14a_1_1;4930542616250587|aq14d_2|aq14a_2_1,
capture-120,祝福大哥,18,side,"((帮助小斗前往【广青镇_2】的大斗处))，向他表示祝福。
[g]=经验1700",<over>前往【广青镇_2】和大斗对话。,2110542611994150|aq7d_1|aq7a_1_1;2100542611864758|aq7d_2|aq7a_2_1,
capture-121,自作多情,18,side,"((帮助铃铛将水晶交还给【广青镇_2】的大斗))，转达铃铛的歉意。
[g]=经验1700",<over>帮助铃铛将水晶交还给【广青镇_2】的大斗。,4930542616250587|aq9d_1|aq9a_1_1;2100542611864758|aq9d_2|aq9a_2_1,
capture-122,黄连之需,19,main,"<ml>((去【平原_20】的黄连采集点，采集8个黄连。))之后把它交给【广青镇_3】的广青守卫丙。
[x]=[i=f_i_黄连^ffffff&24@材料&25@99&20@清热燥湿,泻火解毒.用于湿热痞满,呕吐吞酸,泻痢,黄疸,高热神昏,心火亢盛,心烦不寐,血热吐衄,目赤,牙痛,消渴,痈肿疔疮.&101@95.png&103@0&104@0&105@&107@&108@11]黄连[/]x8 
[g]=经验5000",<over>收集 黄连 8/8,2530542613373649|4q62d_1|4q62a_1_1;2540542613409380|4q62d_2|4q62a_2_1,
capture-123,狼狈为奸,19,main,"<ml>【广青镇_3】的广青镇守卫乙希望你((去【平原_20】或附近的地方消灭15个盗贼和巡路小鬼，))以平息镇民的恐慌。
[g]=经验9000 ,击杀　盗贼 5/15",巡路小鬼 15/15,2530542613373649|4q60d_1|4q60a_1_1;2530542613373649|4q60d_2|4q60a_2_1,
capture-124,帮助军医护,20,main,"<ml>白叟让你((去找【白源镇_1】的向隐))，希望你过去帮忙。
[g]=经验9000",<over>还未找【白源镇_1】的向隐谈话,5050542617322114|5q4d_1|5q4a_1_1;4710542615621525|5q4d_2|5q4a_2_1,
capture-125,帮助苦虚无,20,main,"<ml>向隐让你((去找【白源镇_3】的苦虚无))，看看有什么可以帮他的。
[g]=经验9000",<over>还未找【白源镇_3】的苦虚无谈话,4710542615621525|5q7d_1|5q7a_1_1;5300542617580783|5q7d_2|5q7a_2_1,
capture-126,不散的蜂群,20,main,"<ml>((找到【白源镇_2】的袁天纲，向他报告又有蜂群来袭之事。))
[g]=经验10000",<over>还未找【白源镇_2】的袁天纲谈话,5050542617322114|5q30d_1|5q30a_1_1;5040542617131880|5q30d_2|5q30a_2_1,
capture-127,残酷的考验,20,main,"<ml>【广青镇_2】的衙役甲让你((去位于云隐地区【飞仙崖】的【飞仙洞】内找到并消灭1只岩化魔人。))之后再回去找他。
[g]=经验40000 [i=f_i_初级精炼宝石^C156C7&24@宝物&25@999&19@可轻松将装备精炼至+2，之后精炼等级越高成功机率越小。&2;font color='#fee010'&3;双击使用该物品&2;/font&3;&20@神奇的天然宝石，是精炼装备的宝物，用于提升武器,护具以及首饰属性。&27@sitem_zgbs&101@616.png&103@0&104@0&105@&107@&108@70]初级精炼宝石[/]x1",击杀 岩化魔人 0/1,2200542612620422|4q66d_1|4q66a_1_1;2200542612620422|4q66d_2|4q66a_2_1,
capture-128,初见白源镇长,20,main,"<ml>袁天纲让你((去找【白源镇_2】的白叟))，帮忙进行白源镇重建。
[g]=经验8000",<over>还未找【白源镇_2】的白叟谈话,5040542617131880|5q1d_1|5q1a_1_1;5050542617322114|5q1d_2|5q1a_2_1,
capture-129,刁难,20,main,"<ml>【广青镇_2】的衙役甲让你((去【平原_1、2、4、15、16】消灭牙菇、黑铁怪、爆骨猪、盗贼、巡路小鬼各5只。))
[g]=经验12000 ,击杀　牙菇 5/5,黑铁怪 5/5,爆骨猪 0/5,盗贼 0/5",巡路小鬼 0/5,2200542612620422|4q65d_1|4q65a_1_1;2200542612620422|4q65d_2|4q65a_2_1,
capture-130,房屋搭建,20,main,"<ml>((去找【白源镇_2】的白叟谈话。))
[g]=经验9000",<over>还未找【白源镇_2】的白叟谈话,5300542617580783|5q10d_1|5q10a_1_1;5050542617322114|5q10d_2|5q10a_2_1,
capture-131,飞仙洞弑炼,20,side,"师父一心长态让你((去【飞仙洞】深处击败巨岩魔，之后再回云隐村和他谈话。))沿着云隐山道到达飞仙崖，便可进入飞仙洞。建议15级之后和朋友一起组队前往会比较安全。<br><b>((注：去道具商人丑七品处可以购买飞仙洞通行证。))</b><br>
[g]=经验5000 [i=f_i_L花卷^ffffff&24@消耗品&25@99&7@350&20@葱香的花卷馒头.食用后可恢复一些气力.&101@213.png&103@0&104@0&105@&107@&108@0]L花卷[/]x2",击杀 巨岩魔 0/1,1000542608713897|1q32d_1|1q32a_1_1;1000542608713897|1q32d_2|1q32a_2_1,
capture-132,蜂毒治疗,20,main,"<ml>镇里很多人中了蜂毒，((去找【白源镇_1】的向隐))，看看有什么可以帮忙的。
[g]=经验10000",<over>还未找【白源镇_1】的向隐谈话,5050542617322114|5q28d_1|5q28a_1_1;4710542615621525|5q28d_2|5q28a_2_1,
capture-133,黄风寨平贼,20,side,"师父噌痴让你((去【黄风寨】深处击败黄风大寨主，之后再回大佛村和他谈话。))沿着卧佛谷_11向北到达黄风寨口，便可进入黄风寨。建议15级之后和朋友一起组队前往会比较安全。<br><b>((注：去道具商人丑六品处可以购买黄风寨通行证。))</b><br>
[g]=经验5000 [i=f_i_L花卷^ffffff&24@消耗品&25@99&7@350&20@葱香的花卷馒头.食用后可恢复一些气力.&101@213.png&103@0&104@0&105@&107@&108@0]L花卷[/]x2",击杀 黄风大寨主 0/1,4140542615070416|2q32d_1|2q32a_1_1;4140542615070416|2q32d_2|2q32a_2_1,
capture-134,派发药剂,20,main,"<ml>把治疗蜂毒的药剂已经炼制好了，((去告诉【白源镇_2】的白叟))，好让他派发给村民们。
[g]=经验10000",<over>还未找【白源镇_2】的白叟谈话,4710542615621525|5q29d_1|5q29a_1_1;5050542617322114|5q29d_2|5q29a_2_1,
capture-135,驱赶毒蜂的妙方,20,main,"<ml>蜂群的进攻至今还没有平息，袁天纲派你((返回【广青镇_3】找到伏罗))，询问驱赶毒蜂的妙方。
[g]=经验11000",<over>还未找【广青镇_3】的伏罗谈话,5040542617131880|5q16d_1|5q16a_1_1;2520542613299551|5q16d_2|5q16a_2_1,
capture-136,生死劫.魂劫,20,activity,"<party>根据夏侯武的请求，((前往【平原_18】击杀单刀狼人x5))，回复【广青镇_2】夏侯武。
[g]=经验5000 [i=f_i_银元宝^C156C7&24@材料 消耗品&25@9999&19@双击可兑换为1000铜币&20@游戏中的货币,用于流通买卖&27@sitem_jhj&101@39.png&103@0&104@0&105@&107@&108@0]银元宝[/]x5 [i=f_i_天眼符^00ccff&24@特殊&25@99&19@使用后，击杀怪物有概率额外掉落，效果持续30分钟。&20@道家基础符文，据说使用后可以发现肉眼无法看见的事物。&2;br/&3;&2;font color='#ffff00'&3;注：不可交易&2;/font&3;&27@sitem_book&101@574.png&103@0&104@0&105@&107@&108@0]天眼符[/]x1",击杀 单刀狼人 1/5,2220542612946566|day_8d_1|day_8a_1_1;2220542612946566|day_8d_2|day_8a_2_1,
capture-137,生死劫.水劫,20,activity,"<party>根据申公烈的请求，((前往【竹林_14】击杀螳螂王x5))，然后回复【涧庭村】的申公烈
[g]=经验5000 [i=f_i_银元宝^C156C7&24@材料 消耗品&25@9999&19@双击可兑换为1000铜币&20@游戏中的货币,用于流通买卖&27@sitem_jhj&101@39.png&103@0&104@0&105@&107@&108@0]银元宝[/]x5 [i=f_i_天眼符^00ccff&24@特殊&25@99&19@使用后，击杀怪物有概率额外掉落，效果持续30分钟。&20@道家基础符文，据说使用后可以发现肉眼无法看见的事物。&2;br/&3;&2;font color='#ffff00'&3;注：不可交易&2;/font&3;&27@sitem_book&101@574.png&103@0&104@0&105@&107@&108@0]天眼符[/]x1",<over>击杀 螳螂王 5/5,4910542615957836|day_6d_1|day_6a_1_1;4910542615957836|day_6d_2|day_6a_2_1,
capture-138,生死劫.咒劫,20,activity,"<party>根据噌痴的请求，((前往【卧佛谷_8】击杀被附体的巫师x5))，然后回复【大佛村】的噌痴。
[g]=经验5000 [i=f_i_银元宝^C156C7&24@材料 消耗品&25@9999&19@双击可兑换为1000铜币&20@游戏中的货币,用于流通买卖&27@sitem_jhj&101@39.png&103@0&104@0&105@&107@&108@0]银元宝[/]x5 [i=f_i_天眼符^00ccff&24@特殊&25@99&19@使用后，击杀怪物有概率额外掉落，效果持续30分钟。&20@道家基础符文，据说使用后可以发现肉眼无法看见的事物。&2;br/&3;&2;font color='#ffff00'&3;注：不可交易&2;/font&3;&27@sitem_book&101@574.png&103@0&104@0&105@&107@&108@0]天眼符[/]x1",<over>击杀 被附体的巫师 5/5,4140542615070416|day_7d_1|day_7a_1_1;4140542615070416|day_7d_2|day_7a_2_1,
capture-139,收集党参,20,main,"<ml>【广青镇_3】的伏罗答应帮你写驱蜂药方，但控制镇里李老头病情更加要紧，他希望你能替他((去【平原_22】消灭尖刀暴牙获得15个党参))。
[x]=[i=f_i_党参^5BC46D&24@材料&25@99&19@任务物品。&20@党参具有补中益气，健脾益肺之功效。&101@941.png&103@0&104@0&105@&107@&108@0]党参[/]x15 
[g]=经验40000 [i=f_i_银元宝^C156C7&24@材料 消耗品&25@9999&19@双击可兑换为1000铜币&20@游戏中的货币,用于流通买卖&27@sitem_jhj&101@39.png&103@0&104@0&105@&107@&108@0]银元宝[/]x1",收集 党参 0/15,2520542613299551|5q17d_1|5q17a_1_1;2520542613299551|5q17d_2|5q17a_2_1,
capture-140,水帘洞试炼,20,side,"师父申公烈让你((去【水帘洞】深处击败蛤蟆精，之后再回涧庭村和他谈话。))沿着涧庭山道向北到达观瀑台，便可进入水帘洞。建议15级之后和朋友一起组队前往会比较安全。<br><b>((注：去道具商人介象处可以购买水帘洞通行证。))</b><br>
[g]=经验5000 [i=f_i_L花卷^ffffff&24@消耗品&25@99&7@350&20@葱香的花卷馒头.食用后可恢复一些气力.&101@213.png&103@0&104@0&105@&107@&108@0]L花卷[/]x2",击杀 蛤蟆精 0/1,4910542615957836|3q32d_1|3q32a_1_1;4910542615957836|3q32d_2|3q32a_2_1,
capture-141,送药,20,side,"向隐的药做好了，让你帮她送((到【白源镇_2】的白叟那里))，派发给百姓们。
[g]=经验13000",<over>还未找【白源镇_2】的白叟谈话,4710542615621525|5q54d_1|5q54a_1_1;5050542617322114|5q54d_2|5q54a_2_1,
capture-142,消灭小恶鬼,20,side,"【白源镇_1】的向隐希望你((去【沼泽_1】帮她消灭25个小恶鬼))，之后回去找她报告。
[g]=经验20000",击杀 小恶鬼 0/25,4710542615621525|5q3d_1|5q3a_1_1;4710542615621525|5q3d_2|5q3a_2_1,
capture-143,疑难杂症,20,main,"<ml>通过涧庭地区的【观瀑台】((进入【水帘洞】，消灭洞内的蛤蟆精))取得((金元散))，把它交给【广青镇_3】的广青守卫丙。
[x]=[i=f_i_金元散^5BC46D&24@材料&25@99&19@任务物品。&20@用于治疗疑难杂症的奇异粉末。&101@217.png&103@0&104@0&105@&107@&108@0]金元散[/]x1 
[g]=经验40000 [i=f_i_L花卷^ffffff&24@消耗品&25@99&7@350&20@葱香的花卷馒头.食用后可恢复一些气力.&101@213.png&103@0&104@0&105@&107@&108@0]L花卷[/]x2",收集 金元散 0/1,2540542613409380|4q63d_1|4q63a_1_1;2540542613409380|4q63d_2|4q63a_2_1,
capture-144,最后一份药,20,side,"白叟特地留了最后一份药，要你((去送给【白源镇_3】的苦虚无))。
[g]=经验14000",<over>还未找【白源镇_3】的苦虚无谈话,5050542617322114|5q55d_1|5q55a_1_1;5300542617580783|5q55d_2|5q55a_2_1,
capture-145,狼人潜伏者,21,main,"<ml>【广青镇_3】的广青镇守卫乙希望你((去【平原_18】或附近的地方找到并消灭1只单刀狼人。))单刀狼人有一定的出现机率。
[g]=经验40000 [i=f_i_银元宝^C156C7&24@材料 消耗品&25@9999&19@双击可兑换为1000铜币&20@游戏中的货币,用于流通买卖&27@sitem_jhj&101@39.png&103@0&104@0&105@&107@&108@0]银元宝[/]x2",击杀 单刀狼人 0/1,2530542613373649|4q61d_1|4q61a_1_1;2530542613373649|4q61d_2|4q61a_2_1,
capture-146,能力测试,21,main,"<ml>【广青镇_2】是夏侯武要求你((去白源地区的【沼泽_1】消灭5个瘴气泥巴和小恶鬼。))之后再回去找他交差。
[g]=经验12000 [i=f_i_银元宝^C156C7&24@材料 消耗品&25@9999&19@双击可兑换为1000铜币&20@游戏中的货币,用于流通买卖&27@sitem_jhj&101@39.png&103@0&104@0&105@&107@&108@0]银元宝[/]x1,击杀　瘴气泥巴 4/5",小恶鬼 5/5,2220542612946566|4q68d_1|4q68a_1_1;2220542612946566|4q68d_2|4q68a_2_1,
capture-147,奇珍雪莲,21,side,"((进入大佛地区的【黄风寨】击败黄风二寨主，夺回珍贵的雪莲花))。之后把它交给【大佛村】的无颜。
[x]=[i=f_i_雪莲花^5BC46D&24@材料&25@99&19@任务物品。&20@生长于高山雪原的珍贵药材。&27@sitem_book&101@935.png&103@0&104@0&105@&107@&108@0]雪莲花[/]x1 
[g]=经验40000 [i=f_i_银元宝^C156C7&24@材料 消耗品&25@9999&19@双击可兑换为1000铜币&20@游戏中的货币,用于流通买卖&27@sitem_jhj&101@39.png&103@0&104@0&105@&107@&108@0]银元宝[/]x1",收集 雪莲花 0/1,4110542614676637|4q69d_2|4q69a_2_1;4110542614676637|4q69d_3|4q69a_3_1,
capture-148,前往白源,21,main,"<ml>通过【平原_21】到达【沼泽】中部的((【白源镇_2】))找到广青军总长((袁天纲))，和他交谈。
[g]=经验5000",<over>还未找【白源镇_2】袁天纲交谈。,2220542612946566|4q39d_1|4q39a_1_1;5040542617131880|4q39d_2|4q39a_2_1,
capture-149,裘皮大衣,21,side,"【广青镇_2】的((白乞))希望得到1张裘皮。可以((去【平原_17】击败单刀狼人收集裘皮。))
((注：裘皮的掉率偏低，如果想要从单刀狼人手中得到裘皮，必须经得起考验。))
[x]=[i=f_i_裘皮^00ccff&24@材料&25@99&20@稀有的动物毛皮,一般用于服装制作.&27@sitem_piput&101@82.png&103@0&104@0&105@&107@&108@54]裘皮[/]x1 
[g]=经验8000 [i=f_i_狮虎窟通行证^00ccff&24@消耗品&25@99&19@&2;font color='#00ff00'&3;进入狮虎窟修炼的通行证&2;/font&3;.&27@sitem_book&101@425.png&103@0&104@0&105@&107@&108@165]狮虎窟通行证[/]x1",收集 裘皮 0/1,2160542612239918|4q41d_1|4q41a_1_1;2160542612239918|4q41d_2|4q41a_2_1,
capture-150,王喜财的担忧,21,side,"【广青镇_2】的王喜财委托你((在【平原_19】附近寻找并消灭1只单刀狼人。))
[g]=经验40000 [i=f_i_L初阶经验卡^00ccff&24@特殊&25@99&19@双击使用。击杀怪物后，将获得双倍经验，效果持续时间为1小时。该物品不能交易。&20@可以获得经验加成的神奇商城道具。&27@sitem_book&101@576.png&103@0&104@0&105@&107@&108@0]L初阶经验卡[/]x1",击杀 单刀狼人 0/1,2150542612192672|4q34d_1|4q34a_1_1;2150542612192672|4q34d_2|4q34a_2_1,
capture-151,库房被盗,22,side,"帮助噌痴为昏迷的守卫((前往【卧佛谷_10】采集10株当归))，交给【大佛村】的噌痴。
[x]=[i=f_i_当归^ffffff&24@材料&25@99&20@若发生气血逆乱,服用之后即可降逆定乱,使气血各有所归.&101@92.png&103@0&104@0&105@&107@&108@20]当归[/]x10 
[g]=经验3000",<over>收集 当归 10/10,4140542615070416|aq19d_1|aq19a_1_1;4140542615070416|aq19d_2|aq19a_2_1,
capture-152,怒火丑二品,22,side,"【广青镇_1】的丑二品委托你((去【平原_18】附近找到并消灭3个单刀狼人，))以替其兄弟雪恨。
[g]=经验40000 [i=f_i_银元宝^C156C7&24@材料 消耗品&25@9999&19@双击可兑换为1000铜币&20@游戏中的货币,用于流通买卖&27@sitem_jhj&101@39.png&103@0&104@0&105@&107@&108@0]银元宝[/]x5",击杀 单刀狼人 1/3,1810542611191117|4q46d_1|4q46a_1_1;1810542611191117|4q46d_2|4q46a_2_1,
capture-153,山寨夺宝,22,side,"应噌痴的请求，((前往【黄风寨_10】打败黄风寨夫人))，从而获得魂之石，交给【白源镇_2】的白叟。
[x]=[i=f_i_魂之石^00ccff&24@材料 消耗品&25@99&20@闪耀着金光的神秘之石.通过咒语激发,可以达到使人起死回生的功效,一般配合法术使用.&27@sitem_jhj&101@248.png&103@0&104@0&105@&107@&108@63]魂之石[/]x1 
[g]=经验4000 [i=f_i_银元宝^C156C7&24@材料 消耗品&25@9999&19@双击可兑换为1000铜币&20@游戏中的货币,用于流通买卖&27@sitem_jhj&101@39.png&103@0&104@0&105@&107@&108@0]银元宝[/]x2",收集 魂之石 0/1,4140542615070416|aq20d_1|aq20a_1_1;5050542617322114|aq20d_2|aq20a_2_1,
capture-154,铁矿之需,22,main,"<ml>((帮助【白源镇_3】的苦虚无去【平原_15】采集15个碎铁矿。))
[x]=[i=f_i_碎铁矿^ffffff&24@材料&25@99&20@制造武器和护具的基本素材&101@105.png&103@0&104@0&105@&107@&108@12]碎铁矿[/]x15 
[g]=经验12000",<over>收集 碎铁矿 15/15,5300542617580783|5q8d_1|5q8a_1_1;5300542617580783|5q8d_2|5q8a_2_1,
capture-155,消灭源头,22,main,"<ml>((去【沼泽_1】消灭20个小恶鬼))，然后向【白源镇_2】的袁天纲报告。
[g]=经验25000 [i=f_i_银元宝^C156C7&24@材料 消耗品&25@9999&19@双击可兑换为1000铜币&20@游戏中的货币,用于流通买卖&27@sitem_jhj&101@39.png&103@0&104@0&105@&107@&108@0]银元宝[/]x1",<over>击杀 小恶鬼 20/20,5040542617131880|5q31d_1|5q31a_1_1;5040542617131880|5q31d_2|5q31a_2_1,
capture-156,沼泽采石,22,main,"<ml>因为要建造房屋，【白源镇_2】的白叟委托你((去【沼泽_2】的石块采集点，或其他地方，采集15个石块给他))。
[x]=[i=f_i_石块&24@材料&25@99&20@随处可见的石块,可造工具,也可用于建筑.&101@104.png&103@0&104@0&105@&107@&108@10]石块[/]x15 
[g]=经验12000",<over>收集 石块 15/15,5050542617322114|5q11d_1|5q11a_1_1;5050542617322114|5q11d_2|5q11a_2_1,
capture-157,镇魂安神,22,side,"应白叟的请求，((前往【大佛村】寻找噌痴))，向他借魂之石一用。
[g]=经验2500",<over>前往【大佛村】找噌痴对话。,5050542617322114|aq18d_1|aq18a_1_1;4140542615070416|aq18d_2|aq18a_2_1,
capture-158,重建白源,22,main,"<ml>白源镇已经被魔军洗劫，((【白源镇_2】的白叟让你去【平原_7】采集15个木材))，用于重建白源镇。
[x]=[i=f_i_木材&24@材料&25@99&20@制造武器和工具的基本素材.&27@sitem_wood&101@86.png&103@0&104@0&105@&107@&108@12]木材[/]x15 
[g]=经验13000 [i=f_i_银元宝^C156C7&24@材料 消耗品&25@9999&19@双击可兑换为1000铜币&20@游戏中的货币,用于流通买卖&27@sitem_jhj&101@39.png&103@0&104@0&105@&107@&108@0]银元宝[/]x1",<over>收集 木材 15/15,5050542617322114|5q2d_1|5q2a_1_1;5050542617322114|5q2d_2|5q2a_2_1,
capture-159,三七伤药,24,main,"<ml>白源目前有大批伤员需要治疗，所以((【白源镇_1】的向隐))委托你((去【沼泽_3】消灭瘴气泥巴，取得20个三七))给她制药。
[x]=[i=f_i_三七^5BC46D&24@材料&25@99&19@任务物品。&20@李时珍称其为金不换，三七补血功效奇佳。&101@939.png&103@0&104@0&105@&107@&108@0]三七[/]x20 
[g]=经验14000 [i=f_i_银元宝^C156C7&24@材料 消耗品&25@9999&19@双击可兑换为1000铜币&20@游戏中的货币,用于流通买卖&27@sitem_jhj&101@39.png&103@0&104@0&105@&107@&108@0]银元宝[/]x2",收集 三七 0/20,4710542615621525|5q5d_1|5q5a_1_1;4710542615621525|5q5d_2|5q5a_2_1,
capture-160,消灭瘴气泥巴,24,side,"游氏子要你((去【沼泽_3】消灭25个瘴气泥巴))，完成后回【白源镇_3】找他谈话。
[g]=经验20000 [i=f_i_银元宝^C156C7&24@材料 消耗品&25@9999&19@双击可兑换为1000铜币&20@游戏中的货币,用于流通买卖&27@sitem_jhj&101@39.png&103@0&104@0&105@&107@&108@0]银元宝[/]x1",<over>击杀 瘴气泥巴 25/25,5310542617702520|5q6d_1|5q6a_1_1;5310542617702520|5q6d_2|5q6a_2_1,
capture-161,白源镇与混沌之玉,25,main,"<ml>白叟镇长怀疑毒蜂事件和混沌之玉的碎片有关，让((去向【白源镇_3】的苦虚无打听混沌之玉))。
[g]=经验11000",<over>还未找【白源镇_3】的苦虚无谈话,5050542617322114|5q34d_1|5q34a_1_1;5300542617580783|5q34d_2|5q34a_2_1,
capture-162,毒蜂的目的,25,main,"<ml>去((找一旁的白叟镇长问问))，看看他对毒蜂群的袭击有什么想法。
[g]=经验11000",<over>还未找【白源镇_2】的白叟谈话,5040542617131880|5q33d_1|5q33a_1_1;5050542617322114|5q33d_2|5q33a_2_1,
capture-163,伏罗的妙方,25,main,"<ml>将伏罗先生的驱蜂妙方((告知【白源镇_2】的袁天纲))。
[g]=经验11000",<over>还未找【白源镇_2】的袁天纲谈话,2520542613299551|5q32d_1|5q32a_1_1;5040542617131880|5q32d_2|5q32a_2_1,
capture-164,计策,25,main,"<ml>游氏子说((【白源镇_2】的袁天纲正在找你))，快去找他问一下。
[g]=经验15000",<over>还未找【白源镇_2】的袁天纲谈话,5310542617702520|5q40d_1|5q40a_1_1;5040542617131880|5q40d_2|5q40a_2_1,
capture-165,将计就计,25,main,"<ml>袁天纲想出对付魔军的一条妙计，要你先((去找【白源镇_1】的向隐))，帮助她炼制假混沌之玉的碎片。
[g]=经验12000",<over>还未找【白源镇_1】的向隐谈话,5040542617131880|5q41d_2|5q41a_2_1;4710542615621525|5q41d_3|5q41a_3_1,
capture-166,恐怖的王花,25,side,"沼泽内的王花袭击路人，搞的人心惶惶，((【白源镇_3】的苦虚无委托你前往【沼泽_4】消灭28只王花))，之后再回去找他。
[g]=经验14000 [i=f_i_银元宝^C156C7&24@材料 消耗品&25@9999&19@双击可兑换为1000铜币&20@游戏中的货币,用于流通买卖&27@sitem_jhj&101@39.png&103@0&104@0&105@&107@&108@0]银元宝[/]x2",<over>击杀 王花 28/28,5300542617580783|5q12d_1|5q12a_1_1;5300542617580783|5q12d_2|5q12a_2_1,
capture-167,恼人的毒蜂,25,main,"<ml>镇外突如起来的毒蜂蛰伤了很多镇民，【白源镇_2】的白叟委托你((去【沼泽_6】附近消灭30只毒蜂))，为民除害。
[g]=经验14000 [i=f_i_银元宝^C156C7&24@材料 消耗品&25@9999&19@双击可兑换为1000铜币&20@游戏中的货币,用于流通买卖&27@sitem_jhj&101@39.png&103@0&104@0&105@&107@&108@0]银元宝[/]x1",<over>击杀 毒蜂 30/30,5050542617322114|5q13d_1|5q13a_1_1;5050542617322114|5q13d_2|5q13a_2_1,
capture-168,千里送信,25,side,"游氏子让你帮他送信给介象，((25分钟内将书信送达【涧庭村】的介象处))。
[g]=经验15000 [i=f_i_银元宝^C156C7&24@材料 消耗品&25@9999&19@双击可兑换为1000铜币&20@游戏中的货币,用于流通买卖&27@sitem_jhj&101@39.png&103@0&104@0&105@&107@&108@0]银元宝[/]x1",<over>25分钟内将书信送达【涧庭村】的介象处,5310542617702520|5q44d_1|5q44a_1_1;4960542616750900|5q44d_2|5q44a_2_1,
capture-169,前往乌梁,25,side,"袁天纲让你去((找【白源镇_2】的白叟))转告他的话。
[g]=经验15000",<over>还未找【白源镇_2】的白叟谈话,5040542617131880|5q20d_1|5q20a_1_1;5050542617322114|5q20d_2|5q20a_2_1,
capture-170,如此之多,25,main,"<ml>苦虚无说袁天纲也有混沌之玉的碎片，你不如再((去问问【白源镇_2】的袁天纲))。
[g]=经验11000",<over>还未找【白源镇_2】的袁天纲谈话,5300542617580783|5q36d_1|5q36a_1_1;5040542617131880|5q36d_2|5q36a_2_1,
capture-171,贪婪的魔军,25,main,"<ml>袁天纲悟出魔军的动机，要你((将此事速速通知一旁的白叟))。
[g]=经验11000",<over>还未找【白源镇_2】的白叟谈话,5040542617131880|5q37d_1|5q37a_1_1;5050542617322114|5q37d_2|5q37a_2_1,
capture-172,特别的关照,25,main,"<ml>白叟要你去关照一下外地来的游氏子，((去找【白源镇_3】的游氏子谈话))。
[g]=经验15000",<over>还未找【白源镇_3】的游氏子谈话,5050542617322114|5q39d_1|5q39a_1_1;5310542617702520|5q39d_2|5q39a_2_1,
capture-173,乡亲们的心意,25,side,"将乡亲们的心意((转交给【白源镇_2】的袁天纲))。
[g]=经验15000",<over>还未找【白源镇_2】的袁天纲谈话,5050542617322114|5q23d_1|5q23a_1_1;5040542617131880|5q23d_2|5q23a_2_1,
capture-174,以毒攻毒,25,main,"<ml>现在必须采取以毒攻毒的方式来治疗受伤镇民，((【白源镇_1】的向隐让你去【沼泽_6】消灭毒蜂，收集30瓶毒液给她))。
[x]=[i=f_i_毒液^5BC46D&24@材料&25@99&19@任务物品。&20@毒蜂死亡后残留的毒液。&27@sitem_water&101@940.png&103@0&104@0&105@&107@&108@0]毒液[/]x30 
[g]=经验25000",收集 毒液 0/30,4710542615621525|5q14d_1|5q14a_1_1;4710542615621525|5q14d_2|5q14a_2_1,
capture-175,张贴告示,25,main,"<ml>白叟镇长让你((去【白源镇_1】的告示栏张贴告示，))之后再回【白源镇_2】找他报告。
[g]=经验15000 [i=f_i_银元宝^C156C7&24@材料 消耗品&25@9999&19@双击可兑换为1000铜币&20@游戏中的货币,用于流通买卖&27@sitem_jhj&101@39.png&103@0&104@0&105@&107@&108@0]银元宝[/]x2",<over>去【白源镇_1】的告示栏张贴告示，完成后找白叟报告,5050542617322114|5q38d_1|5q38a_1_1;5050542617322114|5q38d_2|5q38a_2_1,
capture-176,毒烟剿峰,27,main,"<ml>燃烧((鳄鱼皮))所产生的毒烟能够驱赶毒蜂，((【白源镇_2】的袁天纲要你收集20个鳄鱼皮给他。))去【沼泽_8】消灭金斑鳄可以获得鳄鱼皮。
[x]=[i=f_i_鳄鱼皮^5BC46D&24@材料&25@99&19@任务物品。&20@鳄鱼的皮，看起来具有很强的韧性。&27@sitem_piput&101@947.png&103@0&104@0&105@&107@&108@0]鳄鱼皮[/]x20 
[g]=经验40000 [i=f_i_初级精炼宝石^C156C7&24@宝物&25@999&19@可轻松将装备精炼至+2，之后精炼等级越高成功机率越小。&2;font color='#fee010'&3;双击使用该物品&2;/font&3;&20@神奇的天然宝石，是精炼装备的宝物，用于提升武器,护具以及首饰属性。&27@sitem_zgbs&101@616.png&103@0&104@0&105@&107@&108@70]初级精炼宝石[/]x1",收集 鳄鱼皮 0/20,5040542617131880|5q18d_1|5q18a_1_1;5040542617131880|5q18d_2|5q18a_2_1,
capture-177,为父报仇,27,main,"<ml>【白源镇_3】的苦虚无回忆父亲之事不免心中悲鸣，要你((去【沼泽_8】消灭20个金斑鳄))为他父亲报仇！
[g]=经验40000 [i=f_i_银元宝^C156C7&24@材料 消耗品&25@9999&19@双击可兑换为1000铜币&20@游戏中的货币,用于流通买卖&27@sitem_jhj&101@39.png&103@0&104@0&105@&107@&108@0]银元宝[/]x2",<over>击杀 金斑鳄 20/20,5300542617580783|5q35d_1|5q35a_1_1;5300542617580783|5q35d_2|5q35a_2_1,
capture-178,玄龟之甲,28,side,"【白源镇_2】的袁天纲要你((去【沼泽_11】消灭玄龟兽，收集12个硬龟甲))给他，用于打造装备。
[x]=[i=f_i_硬龟甲^ffffff&24@材料&25@99&20@异常坚硬的龟甲,是制造护具的上好素材.&27@sitem_rock&101@144.png&103@0&104@0&105@&107@&108@30]硬龟甲[/]x12 
[g]=经验22000 [i=f_i_银元宝^C156C7&24@材料 消耗品&25@9999&19@双击可兑换为1000铜币&20@游戏中的货币,用于流通买卖&27@sitem_jhj&101@39.png&103@0&104@0&105@&107@&108@0]银元宝[/]x1",收集 硬龟甲 0/12,5040542617131880|5q21d_1|5q21a_1_1;5040542617131880|5q21d_2|5q21a_2_1,
capture-179,鳄鱼之泪,30,side,"苦虚无听说鳄鱼之泪是珍贵的东西，要你((去【沼泽_14】消灭金斑鳄收集15个鳄鱼之泪。))之后回【白源镇_3】交给他。
[x]=[i=f_i_鳄鱼之泪^5BC46D&24@材料&25@99&20@鳄鱼湛蓝色的眼部分泌物,上好的药材.&27@sitem_yaoji&101@145.png&103@0&104@0&105@&107@&108@27]鳄鱼之泪[/]x15 
[g]=经验22000",收集 鳄鱼之泪 0/15,5300542617580783|5q19d_1|5q19a_1_1;5300542617580783|5q19d_2|5q19a_2_1,
capture-180,幻化白骨,30,activity,"<party>幻化使者让你前往【葬龙潭】((击杀50个白骨枪兵))，完成后向【广青镇_3】回复幻化使者。
[g]=经验10000 [i=f_i_枪兵幻化珠^C156C7&24@幻·幻化珠&25@1&19@装备后幻化为白骨枪兵&20@拥有该类宝物便可随意变换为各种形态。&27@sitem_wood&101@1124.png&103@0&104@0&105@&107@&108@0]枪兵幻化珠[/]x1 [i=f_i_银元宝^C156C7&24@材料 消耗品&25@9999&19@双击可兑换为1000铜币&20@游戏中的货币,用于流通买卖&27@sitem_jhj&101@39.png&103@0&104@0&105@&107@&108@0]银元宝[/]x3",击杀 白骨枪兵 0/50,2560542613616537|huanhua_1d_1|huanhua_1a_1_1,
capture-181,假玉之碎片,30,main,"<ml>分别((去【沼泽_6、7、11】消灭毒蜂、王花、玄龟兽，从他们身上取得：蓝蜂浆、紫红瓣、绿苔各5个))，然后把它交给【白源镇_1】的向隐，用于染色剂制作。
[x]=[i=f_i_蓝蜂浆^5BC46D&24@材料&25@99&19@任务物品。&20@死亡的毒蜂所分泌出的深蓝色粘稠液体。&101@945.png&103@0&104@0&105@&107@&108@0]蓝蜂浆[/]x5 [i=f_i_紫红瓣^5BC46D&24@材料&25@99&19@任务物品。&20@紫红色的花瓣，极容易掉色。&101@946.png&103@0&104@0&105@&107@&108@0]紫红瓣[/]x5 [i=f_i_绿苔^5BC46D&24@材料&25@99&19@任务物品。&20@绿色的苔藓，看上去可以用作染色剂。&101@944.png&103@0&104@0&105@&107@&108@0]绿苔[/]x5 
[g]=经验40000 [i=f_i_银元宝^C156C7&24@材料 消耗品&25@9999&19@双击可兑换为1000铜币&20@游戏中的货币,用于流通买卖&27@sitem_jhj&101@39.png&103@0&104@0&105@&107@&108@0]银元宝[/]x3,收集　蓝蜂浆 0/5,紫红瓣 0/5",绿苔 0/5,4710542615621525|5q42d_1|5q42a_1_1;4710542615621525|5q42d_2|5q42a_2_1,
capture-182,奇怪的考验,30,side,"白叟让你((分别去【沼泽_4、6、8、11】消灭王花、毒蜂、金斑鳄、玄龟兽各10只))，之后回【白源镇_2】找他汇报。
[g]=经验22000 [i=f_i_葬龙潭通行证^00ccff&24@消耗品&25@99&19@&2;font color='#00ff00'&3;进入葬龙潭修炼的通行证.&2;/font&3;&27@sitem_book&101@784.png&103@0&104@0&105@&107@&108@170]葬龙潭通行证[/]x1,击杀　王花 10/10,毒蜂 10/10,金斑鳄 10/10",玄龟兽 0/10,5050542617322114|5q60d_1|5q60a_1_1;5050542617322114|5q60d_2|5q60a_2_1,
capture-183,消灭玄龟兽,30,main,"<ml>游氏子告诉你((【沼泽_10】))的玄龟兽曾经袭击过他，特意要你((去那里消灭30个玄龟兽))，完成后回【白源镇_3】告诉他。
[g]=经验50000 [i=f_i_L进阶经验卡^00ccff&24@特殊&25@99&19@双击使用。击杀怪物后，将获得双倍经验。效果持续时间为3小时。该物品不能交易。&20@可以获得经验加成的神奇商城道具。&27@sitem_book&101@577.png&103@0&104@0&105@&107@&108@0]L进阶经验卡[/]x1",<over>击杀 玄龟兽 30/30,5310542617702520|5q15d_1|5q15a_1_1;5310542617702520|5q15d_2|5q15a_2_1,
capture-184,葬龙之潭,35,side,"白叟说，((进入【沼泽_8】的【葬龙潭】深处击败龙娃))可以大大的提高自己的战斗素质，以便有足够的实力和魔军对抗，击败龙娃后再回【白源镇_2】找他汇报。
[g]=经验30000 [i=f_i_银元宝^C156C7&24@材料 消耗品&25@9999&19@双击可兑换为1000铜币&20@游戏中的货币,用于流通买卖&27@sitem_jhj&101@39.png&103@0&104@0&105@&107@&108@0]银元宝[/]x5",击杀 龙娃 0/1,5050542617322114|5q27d_1|5q27a_1_1,
capture-185,乌梁军策,30,main,"[lv]=30
<ml>镇山威让你((前往【乌梁营地_2】找汉雄))获取详细的行动策略。
[g]=经验10000 ",<over>还未找【乌梁营地_2】的汉雄谈话,6180542618405797|6q1d_1|6q1a_1_1;6350542618650282|6q1d_2|6q1a_2_1,6350542618650282
capture-186,侦查敌营,32,main,"[lv]=32
<ml>【乌梁营地_2】的汉雄要你((前往【妖之森_1】魔军集结处侦察，消灭15个机木斧兵，))以完成行动，之后回去向他汇报。
[g]=经验15000 [i=f_i_银元宝^C156C7&24@材料 消耗品&25@9999&19@双击可兑换为1000铜币&20@游戏中的货币,用于流通买卖&27@sitem_jhj&101@39.png&103@0&104@0&105@&107@&108@0]银元宝[/]x2",<over>击杀　机木斧兵 15/15,6350542618650282|6q2d_1|6q2a_1_1;6350542618650282|6q2d_2|6q2a_2_1,6350542618650282
capture-187,玄机之件,32,main,"[lv]=32
<ml>汉雄要你((前往【妖之森_2】消灭机木斧兵，获得10个玄机件，))之后拿回【乌梁营地_2】给他，以分析对敌办法。
[x]=[i=f_i_玄机件^ffffff&24@材料&25@99&20@木质的齿轮状物件.&27@sitem_wood&101@149.png&103@0&104@0&105@&107@&108@19]玄机件[/]x10 
[g]=经验22000 [i=f_i_银元宝^C156C7&24@材料 消耗品&25@9999&19@双击可兑换为1000铜币&20@游戏中的货币,用于流通买卖&27@sitem_jhj&101@39.png&103@0&104@0&105@&107@&108@0]银元宝[/]x1",收集　玄机件 0/10,6350542618650282|6q3d_1|6q3a_1_1;6350542618650282|6q3d_2|6q3a_2_1,6350542618650282
capture-188,拜访故人,30,side,"[lv]=30
汉雄经常回忆起当年的救命恩人叶眉父女来，于是让你替他((去【涧庭村】拜访一下叶眉。))
[g]=经验10000 ",<over>还未去【涧庭村】拜访叶眉,6350542618650282|6q40d_1|6q40a_1_1;4940542616468969|6q40d_2|6q40a_2_1,6350542618650282
capture-189,回赠特产,32,side,"[lv]=32
((叶眉捎了点家乡特产让你30分钟内给【乌梁营地_2】的汉雄送去。))
[g]=经验25000 [i=f_i_银元宝^C156C7&24@材料 消耗品&25@9999&19@双击可兑换为1000铜币&20@游戏中的货币,用于流通买卖&27@sitem_jhj&101@39.png&103@0&104@0&105@&107@&108@0]银元宝[/]x1",<over>30分钟内将叶眉的特产送至【乌梁营地_2】的汉雄处,4940542616468969|6q41d_1|6q41a_1_1;6350542618650282|6q41d_2|6q41a_2_1,6350542618650282
capture-190,暗力之源,32,main,"[lv]=32
<ml>汉雄让你((前往【妖之森_3】消灭机木锥兵，取得15个暗力之源))，之后回【乌梁营地_2】交予他，用于研究机木军团的弱点。
[x]=[i=f_i_暗力之源^ffffff&24@材料&25@99&20@黑暗的魂魄，被其控制会变的邪恶.&27@sitem_rock&101@154.png&103@0&104@0&105@&107@&108@36]暗力之源[/]x15 
[g]=经验22000 [i=f_i_银元宝^C156C7&24@材料 消耗品&25@9999&19@双击可兑换为1000铜币&20@游戏中的货币,用于流通买卖&27@sitem_jhj&101@39.png&103@0&104@0&105@&107@&108@0]银元宝[/]x1",<over>收集　暗力之源 15/15,6350542618650282|6q8d_1|6q8a_1_1;6350542618650282|6q8d_2|6q8a_2_1,6350542618650282
capture-191,乌梁工匠,30,main,"[lv]=30
<ml>汉雄分析出了敌军的弱点，机木军团的运作需要消耗大量的水。他让你((去找到【乌梁营地_2】的工匠虞莫，看看他能给予什么样的帮助。
[g]=经验10000 ",<over>还未找【乌梁营地_2】的虞莫谈话,6350542618650282|6q9d_1|6q9a_1_1;6370542618853300|6q9d_2|6q9a_2_1,6370542618853300
capture-192,水车图纸,30,main,"[lv]=30
<ml>汉雄想出用建造水车的办法控制水源，要你((将水车的图纸速去交予【乌梁营地_2】的虞莫))。
[g]=经验8000 ",<over>还未找【乌梁营地_2】的虞莫谈话,6350542618650282|6q15d_1|6q15a_1_1;6370542618853300|6q15d_2|6q15a_2_1,6370542618853300
capture-193,乌梁前锋营,30,main,"[lv]=30
<ml>白源镇的袁天纲说，现在已到了攻打魔军的时刻，要你((带上他的口信去南面的乌梁地区，找【乌梁营地_1】的镇山威报告))，他会和你商量相关事宜。
[g]=经验15000 ",<over>还未找【乌梁营地_1】的镇山威谈话,6180542618405797|1|5q24os,6180542618405797
capture-194,求签,30,side,"[lv]=30
你为镇山威求了个姻缘签，((回【乌梁营地_1】告知他。))
[g]=经验10000 ",<over>还未找【乌梁营地_1】的镇山威谈话,4140542615070416|6q57d_3|6q57a_3_1;6180542618405797|1|6q57os,6180542618405797
capture-195,乌梁药师,30,main,"[lv]=30
<ml>((去找【乌梁营地_2】的药师虚中聊聊。))
[g]=经验10000 ",<over>还未找【乌梁营地_2】的虚中谈话,6350542618650282|6q4d_1|6q4a_1_1;6360542618722932|6q4d_2|6q4a_2_1,6360542618722932
capture-196,草药之策,32,main,"[lv]=32
<ml>药师虚中要你((去【妖之森_7】采集10个金银花))，用于制药以备战需，之后回【乌梁营地_2】交给他
[x]=[i=f_i_金银花^ffffff&24@材料&25@99&20@性寒味甘.具有清热解毒,凉血化淤的功效.&101@97.png&103@0&104@0&105@&107@&108@13]金银花[/]x10 
[g]=经验14000 [i=f_i_银元宝^C156C7&24@材料 消耗品&25@9999&19@双击可兑换为1000铜币&20@游戏中的货币,用于流通买卖&27@sitem_jhj&101@39.png&103@0&104@0&105@&107@&108@0]银元宝[/]x1",<over>收集　金银花 10/10,6360542618722932|6q5d_1|6q5a_1_1;6360542618722932|6q5d_2|6q5a_2_1,6360542618722932
capture-197,营长之令,30,main,"[lv]=30
<ml>战斗即将展开，药师虚中让你((去找【乌梁营地_1】的镇山威))接受新的命令。
[g]=经验12000 ",<over>还未找【乌梁营地_1】的镇山威谈话,6360542618722932|6q6d_1|6q6a_1_1;6180542618405797|1|6q6os,6180542618405797
capture-198,机木锥兵,32,main,"[lv]=32
<ml>与机木军团的战斗已经打响，【乌梁营地_1】的镇山威命令你((前往【妖之森_3】消灭20个【机木锥兵】，))完成后再向他汇报。
[g]=经验17000 ",<over>击杀　机木锥兵 20/20,6180542618405797|1|6q7gs;6180542618405797|1|6q7os,6180542618405797
capture-199,军令如山,30,main,"[lv]=30
镇山威要你((去对【乌梁营地_2】的虚中执行军罚。))
[g]=经验8000 ",<over>还未去【乌梁营地_2】找虚中谈话,6180542618405797|6q52d_1|6q52a_1_1;6360542618722932|6q52d_2|6q52a_2_1,6360542618722932
capture-200,五花香肉,30,side,"[lv]=30
虞虚中受了刑罚，肚子也跟着饿了，((去找5块肉，之后回【乌梁营地_2】交给他))。
[x]=[i=f_i_肉&24@材料 消耗品&25@99&7@50&20@动物的肉,直接食用能加些气力.&101@70.png&103@0&104@0&105@&107@&108@12]肉[/]x5 
[g]=经验10000 ",<over>收集　肉 5/5,6360542618722932|6q53d_2|6q53a_2_1;6360542618722932|6q53d_3|6q53a_3_1,6360542618722932
capture-201,受伤的部位,30,side,"[lv]=30
虚中挨了板子，屁股被打的皮开肉绽，暂时还没有上药，((去【沼泽_3】当归采集点采集10个当归))，之后交给【乌梁营地_2】的虚中。
[x]=[i=f_i_当归^ffffff&24@材料&25@99&20@若发生气血逆乱,服用之后即可降逆定乱,使气血各有所归.&101@92.png&103@0&104@0&105@&107@&108@20]当归[/]x10 
[g]=经验12000 ",<over>收集　当归 10/10,6360542618722932|6q54d_2|6q54a_2_1;6360542618722932|6q54d_3|6q54a_3_1,6360542618722932
capture-202,汉雄的疑惑,30,main,"[lv]=30
<ml>((镇山威让你去找【乌梁营地_2】的汉雄谈话。))
[g]=经验12000 ",<over>还未找【乌梁营地_2】的汉雄谈话,6180542618405797|6q28d_1|6q28a_1_1;6350542618650282|6q28d_2|6q28a_2_1,6350542618650282
capture-203,造坝截水,32,main,"[lv]=32
<ml>汉虞莫决定修建一道水坝断掉机木军团的口粮，帮助他((去【妖之森_2】的石块采集点收集20个石块)),之后回【乌梁营地_2】交予他，那样好尽快建成水坝。
[x]=[i=f_i_石块&24@材料&25@99&20@随处可见的石块,可造工具,也可用于建筑.&101@104.png&103@0&104@0&105@&107@&108@10]石块[/]x20 
[g]=经验11000 [i=f_i_银元宝^C156C7&24@材料 消耗品&25@9999&19@双击可兑换为1000铜币&20@游戏中的货币,用于流通买卖&27@sitem_jhj&101@39.png&103@0&104@0&105@&107@&108@0]银元宝[/]x1",<over>收集　石块 20/20,6370542618853300|6q10d_1|6q10a_1_1;6370542618853300|6q10d_2|6q10a_2_1,6370542618853300
capture-204,水坝建成,30,main,"[lv]=30
<ml>水坝建造已经完成，工匠虞莫叫你((去汇报给【乌梁营地_1】的镇山威))。
[g]=经验12000 ",<over>还未找【乌梁营地_1】的镇山威谈话,6370542618853300|6q11d_1|6q11a_1_1;6180542618405797|1|6q11os,6180542618405797
capture-205,新的指令,30,main,"[lv]=30
<ml>((将袁天纲的作战密函交予【乌梁营地_1】的镇山威。))
[g]=经验12000 ",<over>还未找【乌梁营地_1】的镇山威谈话,5040542617131880|6q29d_1|6q29a_1_1;6180542618405797|1|6q29os,6180542618405797
capture-206,修复石坝,30,main,"[lv]=30
<ml>镇山威要你去((找【乌梁营地_2】的汉雄))，商量修复石坝之事。
[g]=经验10000 ",<over>还未找【乌梁营地_2】的汉雄谈话,6180542618405797|6q30d_1|6q30a_1_1;6350542618650282|6q30d_2|6q30a_2_1,6350542618650282
capture-207,建造水车,35,main,"[lv]=35
<ml>虞莫要建造水车，让你((前往【妖之森_9】的木材采集点采集30个木材))，之后回【乌梁营地_2】交给他。
[x]=[i=f_i_木材&24@材料&25@99&20@制造武器和工具的基本素材.&27@sitem_wood&101@86.png&103@0&104@0&105@&107@&108@12]木材[/]x30 
[g]=经验15000 [i=f_i_银元宝^C156C7&24@材料 消耗品&25@9999&19@双击可兑换为1000铜币&20@游戏中的货币,用于流通买卖&27@sitem_jhj&101@39.png&103@0&104@0&105@&107@&108@0]银元宝[/]x2",<over>收集　木材 30/30,6370542618853300|6q16d_1|6q16a_1_1;6370542618853300|6q16d_2|6q16a_2_1,6370542618853300
capture-208,精巧零件,35,main,"[lv]=35
<ml>水车的建造已经接近尾声，还缺少一些关键零件，((去【妖之森_8】击败机木玄师取得10个玄机精件,))之后把它们交给【乌梁营地_2】的虞莫。
[x]=[i=f_i_玄机精件^5BC46D&24@材料&25@99&20@精密复杂的玄机零件.&27@sitem_wood&101@150.png&103@0&104@0&105@&107@&108@25]玄机精件[/]x10 
[g]=经验20000 [i=f_i_翡翠项链^5BC46D&23@凿孔上限 9 格&24@饰品&25@1&21@40&3@1&14@3&2;$jintt&3;&27@sitem_bs&19@精炼潜质:
[精炼+1&1; 每升一级 物理防御+2
&2;font color='#00cc00'&3;特殊效果:
混乱抗性:+10%&2;/font&3;
[精炼+1&1; 每升一级 混乱抗性+1%&101@760.png&103@0&104@0&105@&107@&108@340]翡翠项链[/]x1",收集　玄机精件 0/10,6180542618405797|1|6q14gs;6370542618853300|6q17d_2|6q17a_2_1,6370542618853300
capture-209,大义之举,32,main,"[lv]=32
袁天纲忍痛割爱，誓要消灭魔军，他让你((去找【乌梁营地_1】的镇山威))，传达他的指令。
[g]=经验8000 ",<over>还未找【乌梁营地_1】的镇山威交谈,5040542617131880|6q36d_1|6q36a_1_1;6180542618405797|1|6q36os,6180542618405797
capture-210,营救袁碧寰,35,main,"[lv]=35
镇山威得冒险去救袁小姐，并把这个任务派给了你。((去【妖之森_11】消灭15个看守袁碧寰小姐的机木锥兵))，然后回【乌梁营地_1】向镇山威报告。
[g]=经验12000 ",击杀　机木锥兵 0/15,6180542618405797|1|6q37gs,6180542618405797
capture-211,赤红之器,32,side,"[lv]=32
【白源镇_3】的苦虚无要你替他((收集1个蜂王的头和1个蜂王之翅，可以去【沼泽_12】击杀赤蛰子获得))。
[x]=[i=f_i_蜂王的头^00ccff&24@材料&25@99&20@巨型蜂王华丽的头部,坚硬的头壳是护具的上好材料.&101@148.png&103@0&104@0&105@&107@&108@120]蜂王的头[/]x1 [i=f_i_蜂王之翅^ffffff&24@材料&25@99&20@巨型蜂王身上脱落的翅膀.&27@sitem_piput&101@147.png&103@0&104@0&105@&107@&108@112]蜂王之翅[/]x1 
[g]=经验50000 [i=f_i_银元宝^C156C7&24@材料 消耗品&25@9999&19@双击可兑换为1000铜币&20@游戏中的货币,用于流通买卖&27@sitem_jhj&101@39.png&103@0&104@0&105@&107@&108@0]银元宝[/]x2","收集　蜂王的头 0/1,蜂王之翅 0/1",5300542617580783|5q26d_1|5q26a_1_1;5300542617580783|5q26d_2|5q26a_2_1,
capture-212,有名的媒婆,30,side,"[lv]=30
虞莫想拖媒婆给镇山威说个亲，拜托你((去【广青镇】找个合适的媒婆))。
[g]=经验10000 ",<over>还未在【广青镇】找到合适的媒婆,6370542618853300|6q55d_2|6q55a_2_1;2190542612528390|6q55d_3|6q55a_3_1,2190542612528390
capture-213,千里姻缘,30,side,"[lv]=30
张妈介绍你((去【大佛村】找噌痴求个姻缘签，心诚则灵，必须在20分钟内赶到。))
[g]=经验20000 [i=f_i_银元宝^C156C7&24@材料 消耗品&25@9999&19@双击可兑换为1000铜币&20@游戏中的货币,用于流通买卖&27@sitem_jhj&101@39.png&103@0&104@0&105@&107@&108@0]银元宝[/]x1",<over>20分钟内抵达【大佛村】找噌痴求签,2190542612528390|6q56d_2|6q56a_2_1;4140542615070416|6q56d_3|6q56a_3_1,4140542615070416
capture-214,雷兽熊鹿,40,side,"[lv]=40
近日雷兽熊鹿被魔军的残部机木玄师利用了，((镇山威命你去【雷兽神坛】消灭熊鹿))。
((雷兽每1个小时就会出现一次。))
[g]=经验40000 [i=f_i_银元宝^C156C7&24@材料 消耗品&25@9999&19@双击可兑换为1000铜币&20@游戏中的货币,用于流通买卖&27@sitem_jhj&101@39.png&103@0&104@0&105@&107@&108@0]银元宝[/]x5",击杀　熊鹿 0/1,6180542618405797|6q22d_1|6q22a_1_1,6180542618405797
capture-215,收集石块,10,side,"[lv]=10
大佛村的娴无禄担心魔军攻入村子，正带领大伙修筑防御工事，但缺少一些石块。((去【卧佛谷_12】的石块采集点采集20个石块))交给他。((【注：该任务2小时一周期】))
[x]=[i=f_i_石块&24@材料&25@99&20@随处可见的石块,可造工具,也可用于建筑.&101@104.png&103@0&104@0&105@&107@&108@10]石块[/]x20 
[g]=[i=f_i_银元宝^C156C7&24@材料 消耗品&25@9999&19@双击可兑换为1000铜币&20@游戏中的货币,用于流通买卖&27@sitem_jhj&101@39.png&103@0&104@0&105@&107@&108@0]银元宝[/]x1",<over>收集　石块 20/20,4100542614427315|2q28d_1|2q28a_1_1;4100542614427315|2q28d_2|2q28a_2_1,4100542614427315
capture-216,剿木行动,34,main,"[lv]=34
<ml>按营长镇山威的命令((前往【妖之森_9】剿灭机木斧兵和机木锥兵各20个))。
[g]=经验17000 [i=f_i_骷髅戒指^5BC46D&23@凿孔上限 9 格&24@饰品&25@1&21@40&3@1&13@3&27@sitem_bs&19@精炼潜质:
[精炼+1&1; 每升一级 物理防御+2
&2;font color='#00cc00'&3;特殊效果:
封印抗性:+10%&2;/font&3;
[精炼+1&1; 每升一级 封印抗性+1%&101@759.png&103@0&104@0&105@&107@&108@320]骷髅戒指[/]x1","<over>击杀　机木锥兵 20/20,机木斧兵 20/20",6180542618405797|6q12d_1|6q12a_1_1;6180542618405797|6q12d_2|6q12a_2_1,6180542618405797
capture-217,再返白源,30,main,"[lv]=30
<ml>首战告捷，((将镇山威的口信带给【白源镇_2】的袁天纲))。
[g]=经验12000 ",<over>还未找【白源镇_2】的袁天纲谈话,6180542618405797|6q13d_1|6q13a_1_1;5040542617131880|6q13d_2|6q13a_2_1,5040542617131880
capture-218,被困的少女,35,main,"[lv]=35
镇山威让你((前往妖之森寻找一位被困的少女))，因为目前还不知道少女的具体位置，所以需要进行仔细的搜寻。
[g]=经验15000 ",<over>还未在【妖之森】找到袁碧寰,6180542618405797|1|6q34gs;7060542619240717|6q34d_2|6q34a_2_1,7060542619240717
capture-219,袁大小姐,35,main,"[lv]=35
少女原来是袁天纲失踪的女儿！((25分钟内将袁碧寰的信物送达【白源镇_2】的袁天纲处。))
[g]=经验20000 [i=f_i_银元宝^C156C7&24@材料 消耗品&25@9999&19@双击可兑换为1000铜币&20@游戏中的货币,用于流通买卖&27@sitem_jhj&101@39.png&103@0&104@0&105@&107@&108@0]银元宝[/]x2",<over>25分钟内将袁碧寰的信物送至【白源镇_2】的袁天纲处,7060542619240717|6q35d_3|6q35a_3_1;5040542617131880|6q35d_4|6q35a_4_1,5040542617131880
capture-220,机木玄师,35,main,"[lv]=35
<ml>魔军的机木玄师具有修复特性，按镇山威的命令((前往【妖之森_10】击杀20个机木玄师，))遏制住机木军团的发展。
[g]=经验15000 [i=f_i_银耳坠^5BC46D&23@凿孔上限 9 格&24@饰品&25@1&21@40&3@1&10@3&27@sitem_bs&19@精炼潜质:
[精炼+1&1; 每升一级 物理防御+2
&2;font color='#00cc00'&3;特殊效果:
眩晕抗性:+10%&2;/font&3;
[精炼+1&1; 每升一级 眩晕抗性+1%&101@762.png&103@0&104@0&105@&107@&108@320]银耳坠[/]x1",<over>击杀　机木玄师 20/20,6180542618405797|6q14d_1|6q14a_1_1;6180542618405797|6q14d_2|6q14a_2_1,6180542618405797
capture-221,竣工喜讯,30,main,"[lv]=30
<ml>虞莫已将水车的建造完成，((将水车竣工的消息告诉【乌梁营地_2】的汉雄。))
[g]=经验5000 ",<over>还未找【乌梁营地_2】的汉雄汇报水车竣工的消息,6370542618853300|6q18d_1|6q18a_1_1;6350542618650282|6q18d_2|6q18a_2_1,6350542618650282
capture-222,护送回家,32,main,"[lv]=32
镇山威派了人马跟随你((去【妖之森_11】接袁碧寰小姐回家))。
[g]=经验10000 ",<over>还未去【妖之森_11】接袁碧寰小姐,6180542618405797|1|6q38gs;7060542619240717|6q38d_2|6q38a_2_1,7060542619240717
capture-223,丑四品的遗憾,30,side,"[lv]=30
丑四品要你((去【广青镇_1】找丑二品，))转告一声他现在的消息。
[g]=经验11000 [i=f_i_银元宝^C156C7&24@材料 消耗品&25@9999&19@双击可兑换为1000铜币&20@游戏中的货币,用于流通买卖&27@sitem_jhj&101@39.png&103@0&104@0&105@&107@&108@0]银元宝[/]x3",<over>还未去【广青镇_1】找丑二品谈话,6190542618476150|6q42d_1|6q42a_1_1;1810542611191117|6q42d_2|6q42a_2_1,1810542611191117
capture-224,灵异事件,38,main,"[lv]=38
虞莫看到一道红光从水车下跃入了妖之森，他让你((去【妖之森_5】找那里的老头问问发生了什么事情))。
[g]=经验13000 ",<over>还未去【妖之森_5】找棋中仙谈话,6370542618853300|6q50d_1|6q50a_1_1;6990542619208820|6q50d_2|6q50a_2_1,6990542619208820
capture-225,五子棋大战,38,main,"[lv]=38
【妖之森_5】的棋中仙要求和你下盘五子棋，((和棋中仙对话，选择【下盘五子棋】，赢得棋局之后再和他继续对话。))
[g]=经验15000 [i=f_i_银元宝^C156C7&24@材料 消耗品&25@9999&19@双击可兑换为1000铜币&20@游戏中的货币,用于流通买卖&27@sitem_jhj&101@39.png&103@0&104@0&105@&107@&108@0]银元宝[/]x1",<over>陪【妖之森_5】的棋中仙下盘五子棋并战胜它。,6990542619208820|6q51d_2|6q51a_2_1,6990542619208820
capture-226,石头密语,35,main,"[lv]=35
<ml>((去【妖之森_8】中部的石堆边用咒语祈福。))
找到【妖之森_8】中部的一处石堆，在区域频道输入 <b>((依般波罗咕罗索))</b> ，完成后再回【乌梁营地_2】找汉雄报告。
[g]=经验12000 ",<over>还未去【妖之森_8】的石堆边低吟“依般波罗咕罗索”,6350542618650282|1|6q24gs;6350542618650282|6q24d_2|6q24a_2_1,6350542618650282
capture-227,离家出游,32,main,"[lv]=32
袁碧寰不愿再回自己家，想出去游走一下。把这个消息((告诉【白源镇_2】的袁天纲))。
[g]=经验12000 ",<over>还未去【白源镇_2】找袁天纲谈话,7060542619240717|6q39d_2|6q39a_2_1;5040542617131880|6q39d_3|6q39a_3_1,5040542617131880
capture-228,赚钱的买卖,32,side,"[lv]=32
丑四品想试验做家具，要你((分别去【妖之森_2、4】消灭机木斧兵和机木玄师，收集8个玄机件和2个玄机精件))，之后回【乌梁营地_1】交予他。
[x]=[i=f_i_玄机件^ffffff&24@材料&25@99&20@木质的齿轮状物件.&27@sitem_wood&101@149.png&103@0&104@0&105@&107@&108@19]玄机件[/]x8 [i=f_i_玄机精件^5BC46D&24@材料&25@99&20@精密复杂的玄机零件.&27@sitem_wood&101@150.png&103@0&104@0&105@&107@&108@25]玄机精件[/]x2 
[g]=经验15000 [i=f_i_银元宝^C156C7&24@材料 消耗品&25@9999&19@双击可兑换为1000铜币&20@游戏中的货币,用于流通买卖&27@sitem_jhj&101@39.png&103@0&104@0&105@&107@&108@0]银元宝[/]x5","<over>收集　玄机件 8/8,玄机精件 2/2",6190542618476150|6q44d_1|6q44a_1_1;6190542618476150|6q44d_2|6q44a_2_1,6190542618476150
capture-229,机木玄文,35,side,"[lv]=35
((分别去【妖之森_2、4】消灭机木斧兵和机木玄师，收集力之玄文和术之玄文各5张))，交给【乌梁营地_2】的虞莫。((【该任务每日一次】))
[x]=[i=f_i_力之玄文^5BC46D&24@材料&25@99&20@催动机木军团行动,饱含力量的咒符.&27@sitem_book&101@153.png&103@0&104@0&105@&107@&108@25]力之玄文[/]x5 [i=f_i_术之玄文^5BC46D&24@材料&25@99&20@催动机木军团行动,饱含法力的咒符.&27@sitem_book&101@152.png&103@0&104@0&105@&107@&108@25]术之玄文[/]x5 
[g]=[i=f_i_大瓶甘露^00ccff&24@消耗品&25@999&8@600&20@古有仙人承露,用于长生不老食后祛病延寿,恢复精力.&27@sitem_water&101@698.png&103@0&104@0&105@&107@&108@0]大瓶甘露[/]x5 [i=f_i_包子&24@消耗品&25@99&7@600&20@带馅的包子,看起来非常可口,食用后可恢复些气力.&101@212.png&103@0&104@0&105@&107@&108@0]包子[/]x5","<over>收集　力之玄文 5/5,术之玄文 5/5",6370542618853300|6q25d_1|6q25a_1_1;6370542618853300|6q25d_2|6q25a_2_1,6370542618853300
capture-230,胜利的曙光,30,main,"[lv]=30
<ml>随着水车的建造完成，胜利的曙光照进乌梁营地。((将水车竣工的消息告诉【乌梁营地_1】的镇山威))。
[g]=经验8000 ",<over>还未找【乌梁营地_1】的镇山威谈话,6350542618650282|6q31d_1|6q31a_1_1;6180542618405797|6q31d_2|6q31a_2_1,6180542618405797
capture-231,机木妖帅,40,main,"[lv]=40
<ml>水源再一次得到了控制，是时候和机木军团的((机木妖帅))正面交手的时刻了，((在【妖之森_5】找到并战胜机木妖帅))，之后回【乌梁营地_1】向镇山威报告。
[g]=经验32000 [i=f_i_银元宝^C156C7&24@材料 消耗品&25@9999&19@双击可兑换为1000铜币&20@游戏中的货币,用于流通买卖&27@sitem_jhj&101@39.png&103@0&104@0&105@&107@&108@0]银元宝[/]x5",击杀　机木妖帅 0/1,6180542618405797|6q19d_1|6q19a_1_1,6180542618405797
capture-232,打造家具,30,side,"[lv]=30
((丑四品要你拿着原料去给【乌梁营地_2】的虞莫，让他打造家具。))
[g]=经验8000 ",<over>还未去【乌梁营地_2】找虞莫打造家具,6190542618476150|6q45d_1|6q45a_1_1;6370542618853300|6q45d_2|6q45a_2_1,6370542618853300
capture-233,辅料木材,35,side,"[lv]=35
虞莫还需要一些木材来做辅料，((去【妖之森_9】的木材采集点采集10个木材))，之后回【乌梁营地_2】交予他。
[x]=[i=f_i_木材&24@材料&25@99&20@制造武器和工具的基本素材.&27@sitem_wood&101@86.png&103@0&104@0&105@&107@&108@12]木材[/]x10 
[g]=经验15000 ",<over>收集　木材 10/10,6370542618853300|6q46d_1|6q46a_1_1;6370542618853300|6q46d_2|6q46a_2_1,6370542618853300
capture-234,家具新革命,30,side,"[lv]=30
虞莫很快就打造出了令自己满意的家具，要你((送去给【乌梁营地_1】的丑四品瞧瞧))。
[g]=经验8200 ",<over>还未去【乌梁营地_1】找丑四品谈话,6370542618853300|6q47d_1|6q47a_1_1;6190542618476150|6q47d_2|6q47a_2_1,6190542618476150
capture-235,投资工厂,30,side,"[lv]=30
丑四品认为自己找到了生意上的新门道，要你速速((将此事告诉【广青镇_1】的丑二品))，听听他的意见。
[g]=经验10000 ",<over>还未去【广青镇_1】找丑二品谈话,6190542618476150|6q48d_1|6q48a_1_1;1810542611191117|6q48d_2|6q48a_2_1,1810542611191117
capture-236,难做的买卖,30,side,"[lv]=30
丑二品认为这买卖不好做，让你((把这消息带回【乌梁营地_1】告诉丑四品))。
[g]=经验10000 ",<over>还未去【乌梁营地_1】找丑四品谈话,1810542611191117|1|6q49gs;6190542618476150|6q49d_2|6q49a_2_1,6190542618476150
capture-237,猎杀蚩颅王,32,side,"[lv]=32
【广青镇_2】的((白乞))因为眼睛被蚩颅王刺瞎，所以委托你((去【平原_5】的【狮虎窟】深处，消灭1只蚩颅王))，替他报仇。
[g]=经验10000 [i=f_i_初级精炼宝石^C156C7&24@宝物&25@999&19@可轻松将装备精炼至+2，之后精炼等级越高成功机率越小。&2;font color='#fee010'&3;双击使用该物品&2;/font&3;&20@神奇的天然宝石，是精炼装备的宝物，用于提升武器,护具以及首饰属性。&27@sitem_zgbs&101@616.png&103@0&104@0&105@&107@&108@70]初级精炼宝石[/]x1",<over>击杀　蚩颅王 1/1,2160542612239918|1|4q50gs;2160542612239918|4q50d_2|4q50a_2_1,2160542612239918
capture-238,狮虎三魁,25,side,"[lv]=25
【广青镇_2】的大斗委托你((到【平原_5】的【狮虎窟】消灭黑影队长，蛮虎队长，盘狮队长各1个))，为民除害。
((【注：该任务12小时一周期】))
[g]=[i=f_i_银元宝^C156C7&24@材料 消耗品&25@9999&19@双击可兑换为1000铜币&20@游戏中的货币,用于流通买卖&27@sitem_jhj&101@39.png&103@0&104@0&105@&107@&108@0]银元宝[/]x5","<over>击杀　黑影队长 1/1,蛮虎队长 1/1,盘狮队长 1/1",2100542611864758|4q51d_1|4q51a_1_1;2100542611864758|4q51d_2|4q51a_2_1,2100542611864758
capture-239,全新护具,25,side,"[lv]=25
袁天纲让你((找【白源镇_2】的苦虚无))，打造一批新的护具。
[g]=经验15000 ",<over>还未找【白源镇_3】的苦虚无谈话,5040542617131880|1|5q59gs,5040542617131880
capture-240,加工水晶项链,25,side,"[lv]=25
【白源镇_2】的袁天纲让你((去【白源镇_3】找苦虚无))，让他帮助制作一条水晶项链。
[g]=经验13000 ",<over>还未找【白源镇_3】的苦虚无谈话,5040542617131880|1|5q47gs,5040542617131880
capture-241,大战赤蛰子,32,main,"[lv]=32
<ml>袁天纲命你((在【沼泽_12、13、15】三处搜寻并消灭1只毒蜂王赤蛰子))，完成后回【白源镇_2】找他报告。
[g]=经验50000 [i=f_i_银元宝^C156C7&24@材料 消耗品&25@9999&19@双击可兑换为1000铜币&20@游戏中的货币,用于流通买卖&27@sitem_jhj&101@39.png&103@0&104@0&105@&107@&108@0]银元宝[/]x2",<over>击杀　赤蛰子 1/1,5040542617131880|1|5q25gs,5040542617131880
capture-242,女儿的噩耗,25,side,"[lv]=25
王喜财让你((回【白源镇_2】向袁天纲报告))他女儿被魔军掳走一事。
[g]=经验13000 ",<over>还未找【白源镇_2】的袁天纲报告,2150542612192672|1|5q52gs,2150542612192672
capture-243,女儿的礼物,25,side,"[lv]=25
【白源镇_2】的袁天纲想让你((收集2个水晶))为女儿做水晶项链。((可以去【沼泽_2】消灭瘴气泥巴获得，不过掉落机率特别低。))
[x]=[i=f_i_水晶^ffffff&24@材料&25@99&20@晶莹剔透的天然水晶.是自然界的一个奇迹.&101@111.png&103@0&104@0&105@&107@&108@100]水晶[/]x2 
[g]=经验20000 [i=f_i_L花卷^ffffff&24@消耗品&25@99&7@350&20@葱香的花卷馒头.食用后可恢复一些气力.&101@213.png&103@0&104@0&105@&107@&108@0]L花卷[/]x2",<over>收集　水晶 2/2,5040542617131880|5q9d_2|5q9a_2_1,5040542617131880
capture-244,寻找线索,25,side,"[lv]=25
((去【平原_15】消灭30个盗贼))，查找袁小姐的下落，之后返回【广青镇_2】找王喜财报告情况。
[g]=经验20000 [i=f_i_银元宝^C156C7&24@材料 消耗品&25@9999&19@双击可兑换为1000铜币&20@游戏中的货币,用于流通买卖&27@sitem_jhj&101@39.png&103@0&104@0&105@&107@&108@0]银元宝[/]x1",<over>击杀　盗贼 30/30,2150542612192672|1|5q51gs;2150542612192672|5q51d_2|5q51a_2_1,2150542612192672
capture-245,怒不可遏,30,side,"[lv]=30
袁天纲得知女儿被魔军掳去，十分生气，要你((分别到【沼泽_10、14】去消灭20只玄龟兽和20个金斑鳄。))帮他出气！
[g]=经验40000 ","<over>击杀　玄龟兽 20/20,金斑鳄 20/20",5040542617131880|1|5q53gs;5040542617131880|5q53d_2|5q53a_2_1,5040542617131880
capture-246,探望女儿,25,side,"[lv]=25
帮袁天纲送礼物给女儿，((找【广青镇_2】的王喜财对话))。
[g]=经验13000 ",<over>还未找【广青镇_2】的王喜财谈话,5040542617131880|1|5q50gs,5040542617131880
capture-247,最后的心愿,32,side,"[lv]=32
【白源镇_3】的苦虚无，要你((去【沼泽_13】找到并消灭赤蛰子，获得1个蜂胶))，然后把它交给【白源镇_1】的向隐。
[x]=[i=f_i_蜂胶^5BC46D&24@材料&25@99&19@任务物品。&20@蜂胶具有抗炎镇痛的作用。&27@sitem_piput&101@948.png&103@0&104@0&105@&107@&108@0]蜂胶[/]x1 
[g]=经验50000 [i=f_i_银元宝^C156C7&24@材料 消耗品&25@9999&19@双击可兑换为1000铜币&20@游戏中的货币,用于流通买卖&27@sitem_jhj&101@39.png&103@0&104@0&105@&107@&108@0]银元宝[/]x5",<over>收集　蜂胶 1/1,5300542617580783|1|5q22gs;4710542615621525|1|5q22ns,4710542615621525
capture-248,注定孤苦,20,side,"[lv]=20
向隐拒绝了苦虚无的心意，要你((回【白源镇_3】把她的想法告诉苦虚无))。
[g]=经验14000 ",<over>还未找【白源镇_3】的苦虚无谈话,4710542615621525|1|5q57gs,4710542615621525
capture-249,王花的花蕾,25,side,"[lv]=25
【白源镇_3】的((游氏子))也想准备礼物，要你((帮他去【沼泽_4】消灭那些王花，收集20个王花花蕾))，花蕾的掉落机率偏低，要有足够的耐心。
[x]=[i=f_i_王花花蕾^ffffff&24@材料&25@99&20@颜色艳丽的花蕾却含有剧毒.&27@sitem_book&101@143.png&103@0&104@0&105@&107@&108@28]王花花蕾[/]x20 
[g]=经验20000 [i=f_i_银元宝^C156C7&24@材料 消耗品&25@9999&19@双击可兑换为1000铜币&20@游戏中的货币,用于流通买卖&27@sitem_jhj&101@39.png&103@0&104@0&105@&107@&108@0]银元宝[/]x1",<over>收集　王花花蕾 20/20,5310542617702520|1|5q46ns,5310542617702520
capture-250,珍贵的宝贝,20,side,"[lv]=20
苦虚无做好了鳄鱼之泪的手链，((请你帮他送给【白源镇_1】的向隐))。
[g]=经验14000 ",<over>还未找【白源镇_1】的向隐谈话,5300542617580783|1|5q56gs,5300542617580783
capture-251,缺少原料,25,side,"[lv]=25
苦虚无说制作项链缺少碎铁矿作为原料，要你((去【平原_15】帮他采集15个碎铁矿))，之后回【白源镇_3】交给他。
[x]=[i=f_i_碎铁矿^ffffff&24@材料&25@99&20@制造武器和护具的基本素材&101@105.png&103@0&104@0&105@&107@&108@12]碎铁矿[/]x15 
[g]=经验20000 [i=f_i_银元宝^C156C7&24@材料 消耗品&25@9999&19@双击可兑换为1000铜币&20@游戏中的货币,用于流通买卖&27@sitem_jhj&101@39.png&103@0&104@0&105@&107@&108@0]银元宝[/]x1",<over>收集　碎铁矿 15/15,5300542617580783|1|5q48gs,5300542617580783
capture-252,项链做成,25,side,"[lv]=25
苦虚无已将水晶加工完成，他让你去((找【白源镇_3】的游氏子【制作成品项链】))，完成后再回去找【白源镇_2】的袁天纲交差。
[g]=经验13000 ",<over>找游氏子制作成品项链，之后回【白源镇_2】找袁天纲交差,5300542617580783|1|5q49gs,5300542617580783
capture-253,埋伏之战,25,main,"[lv]=25
<ml>向隐的事情完工了，((去【白源镇_2】找袁天纲回报情况))，等待战斗。
[g]=经验15000 ",<over>还未找【白源镇_2】的袁天纲谈话,4710542615621525|1|5q43gs,4710542615621525
capture-254,收集毒囊,30,side,"[lv]=30
根据申公烈的要求，((前往【水帘洞_13】从蛤蟆精身上获得毒囊))，回来交给【涧庭村】的申公烈。
[x]=[i=f_i_毒囊^ffffff&24@材料&25@99&20@怪物体内的有毒脏器。&101@84.png&103@0&104@0&105@&107@&108@19]毒囊[/]x1 
[g]=经验5000 [i=f_i_银元宝^C156C7&24@材料 消耗品&25@9999&19@双击可兑换为1000铜币&20@游戏中的货币,用于流通买卖&27@sitem_jhj&101@39.png&103@0&104@0&105@&107@&108@0]银元宝[/]x2",<over>收集　毒囊 1/1,4910542615957836|1|aq30gs;4910542615957836|1|aq30os,4910542615957836
capture-255,根治之法,30,side,"[lv]=30
受向隐之托，((前往【涧庭村】找申公烈询问根治瘴毒之法))。
[g]=经验3000 ",<over>前往【涧庭村】找申公烈对话。,4710542615621525|1|aq29gs;4910542615957836|1|aq29os,4910542615957836
capture-256,治疗心病,25,side,"[lv]=25
向隐要你((去【沼泽_3】采集10个当归，送去给【白源镇_3】苦虚无))服用。
[x]=[i=f_i_当归^ffffff&24@材料&25@99&20@若发生气血逆乱,服用之后即可降逆定乱,使气血各有所归.&101@92.png&103@0&104@0&105@&107@&108@20]当归[/]x10 
[g]=经验22000 ",<over>收集　当归 10/10,4710542615621525|1|5q58gs,4710542615621525
capture-257,白须老翁,30,side,"[lv]=30
<party>((30分钟内前往【妖之森_5】寻找棋中仙询问事由。))如要防止路途中被怪物袭击，可以去道具商人那里购买一些避怪符使用后上路。
[g]=经验1500 [i=f_i_银元宝^C156C7&24@材料 消耗品&25@9999&19@双击可兑换为1000铜币&20@游戏中的货币,用于流通买卖&27@sitem_jhj&101@39.png&103@0&104@0&105@&107@&108@0]银元宝[/]x2",<over>30分钟内前往【妖之森_5】寻找棋中仙询问事由,2120542612098244|1|day_1gs,2120542612098244
capture-258,花泪解药,30,side,"[lv]=30
((前往【沼泽_4】击杀王花，从而获得3朵王花花蕾；前往【沼泽_8】击杀金斑鳄，从而获得3滴鳄鱼之泪))，交给【白源镇_1】的向隐。
[x]=[i=f_i_王花花蕾^ffffff&24@材料&25@99&20@颜色艳丽的花蕾却含有剧毒.&27@sitem_book&101@143.png&103@0&104@0&105@&107@&108@28]王花花蕾[/]x3 [i=f_i_鳄鱼之泪^5BC46D&24@材料&25@99&20@鳄鱼湛蓝色的眼部分泌物,上好的药材.&27@sitem_yaoji&101@145.png&103@0&104@0&105@&107@&108@27]鳄鱼之泪[/]x3 
[g]=经验4000 ","<over>收集　王花花蕾 3/3,鳄鱼之泪 3/3",4710542615621525|1|aq28gs;4710542615621525|1|aq28os,4710542615621525
capture-259,药到病除,28,side,"[lv]=28
应申公烈之请，((前往【沼泽_10】击杀玄龟兽，从而获得5枚兽血))，交给【白源镇_1】的向隐。
[x]=[i=f_i_兽血&24@材料&25@99&20@野兽的血液,用于装饰,也可入药.&27@sitem_water&101@73.png&103@0&104@0&105@&107@&108@19]兽血[/]x5 
[g]=经验4000 ",<over>收集　兽血 5/5,4910542615957836|1|aq31gs;4710542615621525|1|aq31os,4710542615621525
capture-260,新鲜活力,30,side,"[lv]=30
丑二品想开发新的生意，让你((回【乌梁营地_1】问问丑四品))有没有什么好的想法。
[g]=经验8000 ",<over>还未去【乌梁营地_1】找丑四品谈话,1810542611191117|1|6q43gs;6190542618476150|6q43d_2|6q43a_2_1,6190542618476150
capture-261,拜别乌梁,38,main,"[lv]=38
<ml>((20分钟内抵达【牧原镇_1】找莫坨坨谈话，))继续冒险。
[g]=经验15000 [i=f_i_L进阶经验卡^00ccff&24@特殊&25@99&19@双击使用。击杀怪物后，将获得双倍经验。效果持续时间为3小时。该物品不能交易。&20@可以获得经验加成的神奇商城道具。&27@sitem_book&101@577.png&103@0&104@0&105@&107@&108@0]L进阶经验卡[/]x1",<over>20分钟内将抵达【牧原镇_1】找莫坨坨谈话,6180542618405797|6q23d_2|6q23a_2_1;7620542619919529|6q23d_3|6q23a_3_1,
capture-262,初入牧原,38,main,"[lv]=38
<ml>去((找【牧原镇_1】的胡澈))谈话。
[g]=经验6000 ",<over>还未找【牧原镇_1】的胡澈谈话,7620542619919529|7q1d_1|7q1a_1_1;7640542620118422|7q1d_2|7q1a_2_1,
capture-263,厨师与帅锅,40,main,"[lv]=40
莫坨坨觉得最近饭菜口味不佳，让你((去((找【牧原镇_1】的厨师骈釜子问问))是怎么回事。
[g]=经验5000 [i=f_i_包子&24@消耗品&25@99&7@600&20@带馅的包子,看起来非常可口,食用后可恢复些气力.&101@212.png&103@0&104@0&105@&107@&108@0]包子[/]x5",<over>还未找【牧原镇_1】的骈釜子对话,7620542619919529|7q12d_1|7q12a_1_1;7650542620201230|7q12d_7|7q12a_7_1,
capture-264,打不开的盒子,38,main,"[lv]=38
<ml>莫坨坨说青铜密盒太坚硬了，一般东西打不开，只有((去找【牧原镇_3】的魁星泰斗试试。))
[g]=经验7000 ",<over>还未找【牧原镇_3】的魁星泰斗谈话,7620542619919529|7q45d_1|7q45a_1_1;7470542619589250|7q45d_2|7q45a_2_1,
capture-265,打听丈夫的下落,30,main,"[lv]=30
<ml>士兵的妻子很想知道她丈夫的下落，请你((去【乌梁营地_1】找镇山威问问。))
[g]=经验10000 ",<over>还未找【乌梁营地_1】的镇山威谈话,5350542617815400|7q37d_2|7q37a_2_1;6180542618405797|7q37d_3|7q37a_3_1,
capture-266,电闪雷鸣,30,main,"[lv]=30
<ml>妖之森里突然电闪雷鸣，镇山威要你((去找【乌梁营地_2】的汉雄))商量此事。
[g]=经验10000 ",<over>还未找【乌梁营地_2】的汉雄谈话,6180542618405797|6q21d_1|6q21a_1_1;6350542618650282|6q21d_2|6q21a_2_1,
capture-267,斗草之叶,38,main,"[lv]=38
<ml>((去【草坝_5】消灭草须芒，取得10个斗草叶))交给【牧原镇_1】的胡涞。
[x]=[i=f_i_斗草叶^ffffff&24@材料&25@99&20@边缘锋利的锯齿型草叶.&27@sitem_book&101@815.png&103@0&104@0&105@&107@&108@21]斗草叶[/]x10
[g]=经验15000 ",收集　斗草叶 1/10,7630542620072660|7q4d_2|7q4a_2_1;7630542620072660|7q4d_3|7q4a_3_1,
capture-268,恶名昭著的怪物,45,main,"[lv]=45
牧原镇守卫甲委托你((去【草坝_15】击杀1只蓝茎七星。))之后再回【草坝_4】找他汇报。
[g]=经验13000 名望5 [i=f_i_珍元胸甲^5BC46D&23@凿孔上限 9 格&24@护具·躯干&25@1&21@45&3@40&4@10&14@5&15@6&27@sitem_ezhj&19@精炼潜质:
[精炼+1&1; 每升一级 物理防御+2
[精炼+1&1; 每升一级 魔法防御+2
[精炼+6&1; 每升一级 耐力+2
&2;font color='#00cc00'&3;特殊效果:
迟钝抗性:+10%&2;/font&3;
[精炼+1&1; 每升一级 迟钝抗性+5%&101@834.png&103@0&104@0&105@&107@&108@250]珍元胸甲[/]x1 [i=f_i_刻刀^f9e000&24@特殊&25@99&19@使用后可以在指定的装备上刻字留言。&20@质地坚硬,用于雕刻的钢刀。&27@sitem_jhj&101@853.png&103@0&104@0&105@&107@&108@0]刻刀[/]x2",击杀　蓝茎七星 0/1,7340542619376523|7q18d_1|7q18a_1_1,
capture-269,防御工事,10,main,"[lv]=10
云隐村的蒙达英担心魔军攻入村子，正带领大伙修筑防御工事，但缺少一些木材。((去【树海_1】的木材采集点采集20根木材))交给他。((【注：该任务2小时一周期】))
[x]=[i=f_i_木材&24@材料&25@99&20@制造武器和工具的基本素材.&27@sitem_wood&101@86.png&103@0&104@0&105@&107@&108@12]木材[/]x20
[g]=[i=f_i_银元宝^C156C7&24@材料 消耗品&25@9999&19@双击可兑换为1000铜币&20@游戏中的货币,用于流通买卖&27@sitem_jhj&101@39.png&103@0&104@0&105@&107@&108@0]银元宝[/]x1",<over>收集　木材 20/20,2000542608832485|1q28d_2|1q28a_2_1,
capture-270,甘兰香肉,42,main,"[lv]=42
骈釜子要你((去收集5个甘兰香和20块肉))做食材，在【草坝_16】消灭草球蔓可以获得甘兰香。
[x]=[i=f_i_甘兰香^5BC46D&24@材料&25@99&20@一种神奇的香料.&101@816.png&103@0&104@0&105@&107@&108@36]甘兰香[/]x5 [i=f_i_肉&24@材料 消耗品&25@99&7@50&20@动物的肉,直接食用能加些气力.&101@70.png&103@0&104@0&105@&107@&108@12]肉[/]x20
[g]=经验12000 ","收集　甘兰香 0/5,肉 20/20",7650542620201230|7q14d_1|7q14a_1_1;7650542620201230|7q14d_2|7q14a_2_1,
capture-271,画皮族人,38,main,"[lv]=38
<ml>莫坨坨讲述了囊族与画皮族之间的事情，然后要你((去【草坝_11】，击败10只草球蔓))，他要亲自审问这些妖怪，完成之后回【牧原镇_1】找莫坨坨汇报。
[g]=经验15000 名望5 ",击杀　草球蔓 0/10,7620542619919529|7q24d_3|7q24a_3_1;7620542619919529|7q24d_5|7q24a_5_1,
capture-272,汇报事态,38,main,"[lv]=38
<ml>((将杜可筠的研究成果汇报给【牧原镇_1】的胡涞。))
[g]=经验8000 ",<over>还未找【牧原镇_1】的胡涞谈话,7480542619653453|7q34d_2|7q34a_2_1;7630542620072660|7q34d_3|7q34a_3_1,
capture-273,急送香肉,40,main,"[lv]=40
骈釜子要你在((30秒内将香肉端给【牧原镇_1】的莫坨坨。))
[g]=经验3000 名望2 ",<over>30秒内把香肉送给【牧原镇_1】的莫坨坨,7650542620201230|7q15d_1|7q15a_1_1;7620542619919529|7q15d_2|7q15a_2_1,
capture-274,金色面罩,38,main,"[lv]=38
<ml>镇长正在找你，去((找【牧原镇_1】的莫坨坨对话。))
[g]=经验8000 [i=f_i_画皮寨通行证^00ccff&24@消耗品&25@99&19@&2;font color='#00ff00'&3;可以进入画皮寨的通行证.&2;/font&3;&27@sitem_book&101@785.png&103@0&104@0&105@&107@&108@180]画皮寨通行证[/]x1",<over>还未找【牧原镇_1】莫坨坨对话,7460542619494385|7q41d_1|7q41a_1_1;7620542619919529|7q41d_3|7q41a_3_1,
capture-275,紧急通知,38,main,"[lv]=38
<ml>胡涞让你((去通知【牧原镇_2】的介仕，让他不要随意出镇。))
[g]=经验8000 ",<over>还未找【牧原镇_2】的介仕谈话,7630542620072660|7q6d_1|7q6a_1_1;7710542620292513|7q6d_2|7q6a_2_1,
capture-276,恐怖的草球蔓,42,main,"[lv]=42
牧原镇守卫丙要你((去【草坝_16】击杀20个草球蔓)),完成之后回【草坝_11】找他交差。
[g]=经验13000 [i=f_i_银元宝^C156C7&24@材料 消耗品&25@9999&19@双击可兑换为1000铜币&20@游戏中的货币,用于流通买卖&27@sitem_jhj&101@39.png&103@0&104@0&105@&107@&108@0]银元宝[/]x2",击杀　草球蔓 0/20,7870542620579960|7q17d_1|7q17a_1_1;7870542620579960|7q17d_2|7q17a_2_1,
capture-277,另一边的情况,40,main,"[lv]=40
牧原镇守卫丙要你((去【草坝_4】看看牧原镇守卫甲的情况。))
[g]=经验6000 ",<over>还未找【草坝_4】的牧原镇守卫甲谈话,7870542620579960|7q54d_1|7q54a_1_1;7340542619376523|7q54d_2|7q54a_2_1,
capture-278,流亡变迁,38,main,"[lv]=38
莫坨坨要你((去【草坝_6】击杀掉20个草刺槐))，然后回【牧原镇_1】找他继续对话。
[g]=经验12000 名望3 ",击杀　草刺槐 0/20,7620542619919529|7q57d_1|7q57a_1_1;7620542619919529|7q57d_3|7q57a_3_1,
capture-279,苗帝后裔,38,main,"[lv]=38
莫坨坨要你((去【草坝_5】消灭掉20个草须芒))，然后回【牧原镇_1】找他继续对话。
[g]=经验12000 [i=f_i_银元宝^C156C7&24@材料 消耗品&25@9999&19@双击可兑换为1000铜币&20@游戏中的货币,用于流通买卖&27@sitem_jhj&101@39.png&103@0&104@0&105@&107@&108@0]银元宝[/]x2",击杀　草须芒 0/20,7620542619919529|7q56d_1|7q56a_1_1;7620542619919529|7q56d_4|7q56a_4_1,
capture-280,木偶寄情,37,main,"[lv]=37
受汉雄所托，((前往【妖之森_11】从机木锥兵身上获得5个玄机件)),交给【乌梁营地_2】的汉雄。
[x]=[i=f_i_玄机件^ffffff&24@材料&25@99&20@木质的齿轮状物件.&27@sitem_wood&101@149.png&103@0&104@0&105@&107@&108@19]玄机件[/]x5
[g]=经验4500 ",收集　玄机件 0/5,6350542618650282|aq39d_1|aq39a_1_1,
capture-281,牧原军长,38,main,"[lv]=38
<ml>((找【牧原镇_1】的守军军长胡涞谈话。))
[g]=经验8000 ",<over>还未找【牧原镇_1】的胡涞谈话,7640542620118422|7q2d_1|7q2a_1_1;7630542620072660|7q2d_2|7q2a_2_1,
capture-282,难以开口,30,main,"[lv]=30
<ml>镇山威告示你她丈夫已经牺牲，要你((带着抚恤金送去给【沼泽_11】士兵的妻子，5分钟内送到。))
[g]=经验5000 [i=f_i_银元宝^C156C7&24@材料 消耗品&25@9999&19@双击可兑换为1000铜币&20@游戏中的货币,用于流通买卖&27@sitem_jhj&101@39.png&103@0&104@0&105@&107@&108@0]银元宝[/]x5",<over>5分钟内将抚恤金送到【沼泽_11】士兵的妻子手中,6180542618405797|7q38d_1|7q38a_1_1;5350542617815400|7q38d_2|7q38a_2_1,
capture-283,囊族运送,38,main,"[lv]=38
<ml>牧原镇的介仕要你((帮忙送货物到【白源镇_3】游氏子处，10分钟内必须赶到。))
[g]=经验15000 [i=f_i_银元宝^C156C7&24@材料 消耗品&25@9999&19@双击可兑换为1000铜币&20@游戏中的货币,用于流通买卖&27@sitem_jhj&101@39.png&103@0&104@0&105@&107@&108@0]银元宝[/]x3",<over>10分钟内抵达【白源镇_3】找游氏子,7710542620292513|7q10d_2|7q10a_2_1;5310542617702520|7q10d_3|7q10a_3_1,
capture-284,青铜密盒,38,main,"[lv]=38
<ml>金长老了解了你的身份后，交给你一个青铜密盒，说秘密都在这其中，((15分钟内赶到【牧原镇_1】将密盒交给莫坨坨))。
[g]=经验15000 [i=f_i_银元宝^C156C7&24@材料 消耗品&25@9999&19@双击可兑换为1000铜币&20@游戏中的货币,用于流通买卖&27@sitem_jhj&101@39.png&103@0&104@0&105@&107@&108@0]银元宝[/]x2",<over>15分钟内赶到【牧原镇_1】将密盒交给莫坨坨,6830542619132864|7q44d_2|7q44a_2_1;7620542619919529|7q44d_3|7q44a_3_1,
capture-285,清剿残部,35,main,"[lv]=35
机木军团一溃千里，((去【妖之森_8】将残余的30个机木玄师全部清剿))，之后回【乌梁营地_1】找镇山威汇报。
((【注：该任务每日一次】))
[g]=[i=f_i_银元宝^C156C7&24@材料 消耗品&25@9999&19@双击可兑换为1000铜币&20@游戏中的货币,用于流通买卖&27@sitem_jhj&101@39.png&103@0&104@0&105@&107@&108@0]银元宝[/]x3",击杀　机木玄师 0/30,6180542618405797|6q20d_1|6q20a_1_1;6180542618405797|6q20d_2|6q20a_2_1,
capture-286,清理后患,35,main,"[lv]=35
<ml>机木军团一溃千里，((剩余的残兵败部分别躲藏在【妖之森_7、8、14】，分别去消灭机木锥兵、机木玄师、机木斧兵各15个，))斩草除根后回【乌梁营地_1】向震山威报告。
[g]=经验20000 ","击杀　机木锥兵 0/15,机木玄师 0/15,机木斧兵 0/15",6180542618405797|6q32d_1|6q32a_1_1;6180542618405797|6q32d_2|6q32a_2_1,
capture-287,缺一味药,38,main,"[lv]=38
<ml>((去【草坝_4】消灭草刺槐或草须芒收集3个魂根，交给【牧原镇_2】的医师郭菩，))好为祝掌柜治疗之用。
[x]=[i=f_i_魂根^5BC46D&24@材料&25@99&20@受混沌碎玉影响的植物根块.&27@sitem_book&101@818.png&103@0&104@0&105@&107@&108@31]魂根[/]x3
[g]=经验20000 [i=f_i_银元宝^C156C7&24@材料 消耗品&25@9999&19@双击可兑换为1000铜币&20@游戏中的货币,用于流通买卖&27@sitem_jhj&101@39.png&103@0&104@0&105@&107@&108@0]银元宝[/]x1",<over>收集　魂根 3/3,7710542620292513|7q11d_1|7q11a_1_1;7710542620292513|7q11d_2|7q11a_2_1;7720542620445842|7q11d_1|7q11a_1_1;7720542620445842|7q11d_2|7q11a_2_1,
capture-288,热心帮忙,38,main,"[lv]=38
<ml>胡涞说眼下最重要的是决定囊族命运的货物运输工作，让你((去【牧原镇_2】找负责此事的介仕。))
[g]=经验8000 ",<over>还未找【牧原镇_2】的介仕谈话,7630542620072660|7q35d_1|7q35a_1_1;7710542620292513|7q35d_2|7q35a_2_1,
capture-289,善良的姑娘,38,main,"[lv]=38
<ml>祝掌柜的病好了，((去【牧原镇_3】问问祝掌柜发生了什么事。))
[g]=经验5000 ",<over>还未找【牧原镇_3】祝掌柜对话,7720542620445842|7q40d_1|7q40a_1_1;7460542619494385|7q40d_3|7q40a_3_1,
capture-290,上古凶兽,30,main,"[lv]=30
<ml>汉雄察觉此事与上古雷兽有关，先让你((去【乌梁营地_1】的镇山威处等候消息。))
[g]=经验5000 ",<over>还未找【乌梁营地_1】的镇山威谈话,6350542618650282|6q33d_1|6q33a_1_1;6180542618405797|6q33d_2|6q33a_2_1,
capture-291,生死劫.火劫,20,main,"[lv]=20
<party>根据一心长态的请求，((前往【树洞】消灭狰狞x5))，然后回复【云隐村】的一心长态
[g]=经验5000 [i=f_i_银元宝^C156C7&24@材料 消耗品&25@9999&19@双击可兑换为1000铜币&20@游戏中的货币,用于流通买卖&27@sitem_jhj&101@39.png&103@0&104@0&105@&107@&108@0]银元宝[/]x5 [i=f_i_天眼符^00ccff&24@特殊&25@99&19@使用后，击杀怪物有概率额外掉落，效果持续30分钟。&20@道家基础符文，据说使用后可以发现肉眼无法看见的事物。&2;br/&3;&2;font color='#ffff00'&3;注：不可交易&2;/font&3;&27@sitem_book&101@574.png&103@0&104@0&105@&107@&108@0]天眼符[/]x1",击杀　狰狞 0/5,1000542608713897|day_5d_1|day_5a_1_1;1000542608713897|day_5d_2|day_5a_2_1,
capture-292,守卫的疑惑,35,main,"[lv]=35
牧原镇守卫乙让你((去镇子北侧的【草坝_11】找牧原镇守卫丙，))确认夜晚的怪异状况。
[g]=经验5000 ",<over>还未找【草坝_11】的牧原镇守卫丙对话。,7530542619690377|7q16d_1|7q16a_1_1;7870542620579960|7q16d_4|7q16a_4_1,
capture-293,提神香丸,40,main,"[lv]=40
<party>((前往【草坝_16】击杀草球蔓，从而获得20个甘兰香))，完成后回复【牧原镇_2】郭菩。
[x]=[i=f_i_甘兰香^5BC46D&24@材料&25@99&20@一种神奇的香料.&101@816.png&103@0&104@0&105@&107@&108@36]甘兰香[/]x20
[g]=经验5000 ",收集　甘兰香 0/20,7720542620445842|day_11d_1|day_11a_1_1;7720542620445842|day_11d_2|day_11a_2_1,
capture-294,替大嫂报仇,38,main,"[lv]=38
<ml>祝掌柜被怪物袭击，介仕咽不下这口恶气，要你((去【草坝_5】击杀20个草须芒，))替她报仇，之后回【牧原镇_2】找介仕交差。
[g]=经验12000 名望2 [i=f_i_银元宝^C156C7&24@材料 消耗品&25@9999&19@双击可兑换为1000铜币&20@游戏中的货币,用于流通买卖&27@sitem_jhj&101@39.png&103@0&104@0&105@&107@&108@0]银元宝[/]x2",击杀　草须芒 0/20,7710542620292513|7q8d_3|7q8a_3_1;7710542620292513|7q8d_4|7q8a_4_1,
capture-295,头脑风暴,38,main,"[lv]=38
<ml>回答【牧原镇_1】胡澈的问题，在他给出的答案中选出正确的答案。
[g]=经验8000 ",<over>还未找【牧原镇_1】的胡澈出题,7640542620118422|7q32d_1|7q32a_1_1;7640542620118422|7q32d_5|7q32a_5_1,
capture-296,突发事件,38,main,"[lv]=38
<ml>事情办完了，要((立即赶回【牧原镇_2】找介仕))汇报运送货物的事情。
[g]=经验8500 名望5 ",<over>还未找【牧原镇_2】的介仕对话,5350542617815400|7q39d_2|7q39a_2_1;7710542620292513|7q39d_3|7q39a_3_1,
capture-297,万事通,38,main,"[lv]=38
<ml>胡涞要你((去找【牧原镇_3】的杜可筠，让他研究斗草叶。))
[g]=经验8000 ",<over>还未找【牧原镇_3】的杜可筠谈话,7630542620072660|7q5d_1|7q5a_1_1;7480542619653453|7q5d_2|7q5a_2_1,
capture-298,望夫心切,30,main,"[lv]=30
<ml>游氏子说((【沼泽_11】有个等待丈夫的女子))，因为外面太危险，希望你能去劝她早点离开。
[g]=经验10000 名望2 ",<over>还未找【沼泽_11】士兵的妻子对话,5310542617702520|7q36d_1|7q36a_1_1;5350542617815400|7q36d_2|7q36a_2_1,
capture-299,危险的草刺槐,38,main,"[lv]=38
<ml>介仕让你((去【草坝_3】消灭20只草刺槐，完成后去找【牧原镇_1】的胡涞汇报。))
[g]=经验13000 [i=f_i_银元宝^C156C7&24@材料 消耗品&25@9999&19@双击可兑换为1000铜币&20@游戏中的货币,用于流通买卖&27@sitem_jhj&101@39.png&103@0&104@0&105@&107@&108@0]银元宝[/]x2",击杀　草刺槐 0/20,7710542620292513|7q7d_1|7q7a_1_1;7630542620072660|7q7d_2|7q7a_2_1,
capture-300,无缘情份,40,main,"[lv]=40
去((收集20张毛皮，1张裘皮，5个碎金片。))完成后回【涧庭村】交给介象。
[x]=[i=f_i_毛皮&24@材料&25@99&20@没经过加工的野兽毛皮,缝制用基本原料.&27@sitem_piput&101@71.png&103@0&104@0&105@&107@&108@24]毛皮[/]x20 [i=f_i_裘皮^00ccff&24@材料&25@99&20@稀有的动物毛皮,一般用于服装制作.&27@sitem_piput&101@82.png&103@0&104@0&105@&107@&108@54]裘皮[/]x1 [i=f_i_碎金片^5BC46D&24@材料&25@99&20@金色的碎片,看上去很值钱的样子.&101@106.png&103@0&104@0&105@&107@&108@180]碎金片[/]x5
[g]=经验10000 [i=f_i_银元宝^C156C7&24@材料 消耗品&25@9999&19@双击可兑换为1000铜币&20@游戏中的货币,用于流通买卖&27@sitem_jhj&101@39.png&103@0&104@0&105@&107@&108@0]银元宝[/]x5","收集　毛皮 20/20,裘皮 0/1,碎金片 0/5",4960542616750900|7q49d_2|7q49a_2_1,
capture-301,心有牵挂,40,main,"[lv]=40
受牧原镇的祝掌柜之托，需要长途跋涉，((1小时内到达【涧庭村】找介象对话。))
[g]=经验25000 名望2 [i=f_i_银元宝^C156C7&24@材料 消耗品&25@9999&19@双击可兑换为1000铜币&20@游戏中的货币,用于流通买卖&27@sitem_jhj&101@39.png&103@0&104@0&105@&107@&108@0]银元宝[/]x8",<over>1小时内赶到【涧庭村】找介象对话,7460542619494385|7q48d_1|7q48a_1_1;4960542616750900|7q48d_2|7q48a_2_1,
capture-302,修补帅锅,40,main,"[lv]=40
骈釜子的锅坏了，他要你((去找30个碎铁矿))，帮他修好帅锅，凑齐碎铁矿后回【牧原镇_1】交给骈釜子。
[x]=[i=f_i_碎铁矿^ffffff&24@材料&25@99&20@制造武器和护具的基本素材&101@105.png&103@0&104@0&105@&107@&108@12]碎铁矿[/]x30
[g]=经验8000 [i=f_i_大瓶甘露^00ccff&24@消耗品&25@999&8@600&20@古有仙人承露,用于长生不老食后祛病延寿,恢复精力.&27@sitem_water&101@698.png&103@0&104@0&105@&107@&108@0]大瓶甘露[/]x1 [i=f_i_大包还元散^00ccff&24@消耗品&25@999&7@2000&20@由高人炼制的小包药物散剂,使用之后能回复气力.&27@sitem_book&101@700.png&103@0&104@0&105@&107@&108@0]大包还元散[/]x1",<over>收集　碎铁矿 30/30,7650542620201230|7q13d_1|7q13a_1_1;7650542620201230|7q13d_2|7q13a_2_1,
capture-303,寻找多莫,46,main,"[lv]=46
郭菩发现隔壁布衣坊的多莫不见了好多天，要你((潜入位于【草坝_9】的【画皮寨】寻找多莫。))
[g]=经验12000 名望3 ",<over>还未找【画皮寨】内的多莫谈话,7720542620445842|7q22d_1|7q22a_1_1,
capture-304,寻找金长老,35,main,"[lv]=35
<ml>士兵的妻子说，((神秘的面具人—金长老向灵霞的方向去了，现在应该正在妖之森的某处，))你可以去妖之森找一下，((20分钟内招到金长老。))
[g]=经验13000 ",<over>20分钟内在【妖之森】某处找到金长老,5350542617815400|7q43d_1|7q43a_1_1;6830542619132864|7q43d_3|7q43a_3_1,
capture-305,岩针怪,36,main,"[lv]=36
<ml>胡涞要你((去【草坝_1】消灭20个岩针怪))，完成后回【牧原镇_1】向他报告。
[g]=经验12000 [i=f_i_银元宝^C156C7&24@材料 消耗品&25@9999&19@双击可兑换为1000铜币&20@游戏中的货币,用于流通买卖&27@sitem_jhj&101@39.png&103@0&104@0&105@&107@&108@0]银元宝[/]x4",击杀　岩针怪 0/20,7630542620072660|7q3d_1|7q3a_1_1;7630542620072660|7q3d_2|7q3a_2_1,
capture-306,长老的踪迹,38,main,"[lv]=38
<ml>镇长莫坨坨拜托你去寻找戴神秘面罩的金长老，你不知他踪迹何处，想起先前在沼泽碰到的的孕妇，((去【沼泽_11】找士兵的妻子了解情况))，也许她会知晓一二。
[g]=经验10000 ",<over>还未找【沼泽_11】士兵的妻子对话,7620542619919529|7q42d_1|7q42a_1_1;5350542617815400|7q42d_2|7q42a_2_1,
capture-307,植物归类,38,main,"[lv]=38
<ml>((和【牧原镇_3】杜可筠对话，选择并完成【植物归类】))，完成后再和他继续对话。
[g]=经验18000 ",帮【牧原镇_3】的杜可筠进行并完成【植物归类】。,7480542619653453|7q33d_1|7q33a_1_1;7480542619653453|7q33d_2|7q33a_2_1,
capture-308,终身宿命,38,main,"[lv]=38
莫坨坨镇长让你((去【牧原镇_2】的矿点【采集矿石】,))成功后再回【牧原镇_1】找他继续对话。
[g]=经验10000 名望5 ",去【牧原镇_2】的矿点【采集矿石】成功后找莫坨坨对话,7620542619919529|7q58d_2|7q58a_2_1;7620542619919529|7q58d_3|7q58a_3_1,
capture-309,种族起源,35,main,"[lv]=35
((听【牧原镇_1】的莫坨坨讲述关于囊族的故事。))
[g]=经验5000 ",<over>还未找【牧原镇_1】的莫坨坨谈话,7640542620118422|7q55d_2|7q55a_2_1;7620542619919529|7q55d_4|7q55a_4_1,
capture-310,最坚韧的材料,45,main,"[lv]=45
<ml>魁星泰斗需要你给他一个蓝茎翠叶，用来锻造打开密盒的工具，((去【草坝_10】找出蓝茎七星消灭它，从它身上取得1个蓝茎翠叶，))之后回【牧原镇_3】交给魁星泰斗。
[x]=[i=f_i_蓝茎翠叶^5BC46D&24@材料&25@99&20@珍稀植物蓝茎七星草的叶子.&27@sitem_book&101@820.png&103@0&104@0&105@&107@&108@102]蓝茎翠叶[/]x1
[g]=经验23000 [i=f_i_珍元面甲^5BC46D&23@凿孔上限 9 格&24@护具·头部&25@1&21@45&3@27&4@12&15@7&17@6&27@sitem_ezhj&19@精炼潜质:
[精炼+1&1; 每升一级 物理防御+2
[精炼+1&1; 每升一级 魔法防御+2
[精炼+6&1; 每升一级 敏捷+2&101@824.png&103@0&104@0&105@&107@&108@250]珍元面甲[/]x1 [i=f_i_银元宝^C156C7&24@材料 消耗品&25@9999&19@双击可兑换为1000铜币&20@游戏中的货币,用于流通买卖&27@sitem_jhj&101@39.png&103@0&104@0&105@&107@&108@0]银元宝[/]x2",收集　蓝茎翠叶 0/1,7470542619589250|7q19d_1|7q19a_1_1,
capture-311,阿达奴的困扰,3,main,"[lv]=3
<ml>无颜委托你((去【卧佛谷_1】消灭3只砂狼兽，然后找大佛村的阿达奴对话。))
    注：按【M】键可以打开地图，查找卧佛谷_1的方位。地图中红框闪烁的位置表示你当前所在的地点。
[g]=经验1100 [i=f_i_铜钱^ffffff&24@材料 消耗品&25@1000&19@1000枚时双击可兑换为银元宝.&20@游戏中的货币,用于流通买卖.&27@sitem_tq&101@163.png&103@0&104@0&105@&107@&108@0]铜钱[/]x300",击杀　砂狼兽 0/3,4110542614676637|2q12d_1|2q12a_1_1;4120542614739860|2q12d_2|2q12a_2_1,
capture-312,阿达奴的孝心,3,main,"[lv]=3
<ml>阿达奴让你((找大佛村的【炎衣娘】交谈。))
[g]=经验300 ",<over>还未找【炎衣娘】对话,4120542614739860|2q13d_1|2q13a_1_1;4130542614832797|2q13d_2|2q13a_2_1,
capture-313,拜师习武,5,main,"[lv]=5
<ml>娴无禄让你去((找大佛村的噌痴对话。))
[g]=经验1200 [i=f_i_L初阶经验卡^00ccff&24@特殊&25@99&19@双击使用。击杀怪物后，将获得双倍经验，效果持续时间为1小时。该物品不能交易。&20@可以获得经验加成的神奇商城道具。&27@sitem_book&101@576.png&103@0&104@0&105@&107@&108@0]L初阶经验卡[/]x1",<over>还未找大佛村的【噌痴】对话,4100542614427315|2q26d_1|2q26a_1_1;4140542615070416|2q26d_3|2q26a_3_1,
capture-314,宝石与镶嵌,5,main,"[lv]=5
<ml>噌痴让你((去找大佛村的娴无禄了解宝石镶嵌的方法。))
[g]=经验500 ",<over>还未找大佛村的【娴无禄】了解宝石镶嵌,4140542615070416|1|2q27n1gs;4100542614427315|2q27n1d_3|2q27n1a_3_1;4140542615070416|2q27n1d_1|2q27n1a_1_1,
capture-315,被附体的巫师,12,main,"[lv]=12
<ml>大佛村的噌痴委托你前往【卧佛谷_8】附近找到【被附体的巫师】并消灭它。消灭被附体的巫师后,回大佛村找噌痴交差。((按【M】键打开并查看大佛地区的地图，可以找到卧佛谷_8的位置。))
[g]=经验2000 [i=f_i_L花卷^ffffff&24@消耗品&25@99&7@350&20@葱香的花卷馒头.食用后可恢复一些气力.&101@213.png&103@0&104@0&105@&107@&108@0]L花卷[/]x2",击杀　被附体的巫师 0/1,4140542615070416|2q29d_1|2q29a_1_1;4140542615070416|2q29d_2|2q29a_2_1,
capture-316,采伐朽木,4,main,"[lv]=4
<ml>娴无禄委托你前往【大佛村口】的朽木采集点，采集3块朽木。之后将朽木交予大佛村的无颜。((采集之前背包里要准备好采集手套，如果没有的话，可以去道具商丑六品那里购买一些。))
[x]=[i=f_i_朽木&24@材料&25@99&20@一块烂木头，看起来没有什么用处。&27@sitem_wood&101@915.png&103@0&104@0&105@&107@&108@0]朽木[/]x3
[g]=经验1000 ",收集　朽木 0/3,4100542614427315|2q18d_1|2q18a_1_1;4110542614676637|2q18d_2|2q18a_2_1,
capture-317,查明病因,27,main,"[lv]=27
受介象所托，((前往【云隐村】找南风先生询问解救之法))。
[g]=经验3000 ",<over>前往【云隐村】找南风先生对话。,4960542616750900|aq26d_1|aq26a_1_1;6000542609425103|aq26d_2|aq26a_2_1,
capture-318,愁思难断,32,main,"[lv]=32
前往【妖之森_1】((击杀20个机木斧兵))，回复【乌梁营地_2】的虚中。
[g]=经验5000 ",击杀　机木斧兵 0/20,6360542618722932|aq32d_2|aq32a_2_1;6360542618722932|aq32d_3|aq32a_3_1,
capture-319,烦人的秃鹫,4,main,"[lv]=4
<ml>前往【卧佛谷_5】消灭2只秃鹫。之后回去找大佛村的无颜对话。
[g]=经验1300 ",击杀　秃鹫 0/2,4110542614676637|2q16d_1|2q16a_1_1;4110542614676637|2q16d_2|2q16a_2_1,
capture-320,高深技艺,5,main,"[lv]=5
<ml>无颜让你去((找大佛村的噌痴了解技能。))
[g]=经验500 ",<over>还未找大佛村的【噌痴】对话,4110542614676637|2q26n2d_1|2q26n2a_1_1;4140542615070416|2q26n2d_2|2q26n2a_2_1,
capture-321,关于采集,5,main,"[lv]=5
<ml>无颜让你找到大佛村的铁匠【娴无禄】学习采集。
[g]=经验400 [i=f_i_普通采集手套^ffffff&24@消耗品&25@999&20@平常的采集手套，带上进行采集得话可以很好的保护双手。&101@856.png&103@0&104@0&105@&107@&108@0]普通采集手套[/]x30",<over>还未找大佛村的【娴无禄】学习采集,4110542614676637|2q17d_1|2q17a_1_1;4100542614427315|2q17d_3|2q17a_3_1,
capture-322,关于状态,5,main,"[lv]=5
<ml>噌痴让你去((找大佛村的无颜了解状态。))
[g]=经验500 ",<over>还未找大佛村的【无颜】了解状态,4140542615070416|2q26n1d_1|2q26n1a_1_1;4110542614676637|2q26n1d_2|2q26n1a_2_1,
capture-323,后果,32,main,"[lv]=32
帮助张妈前往【竹林_1】((采集15块肉))，然后交给【广青镇_2】的张妈。
[x]=[i=f_i_肉&24@材料 消耗品&25@99&7@50&20@动物的肉,直接食用能加些气力.&101@70.png&103@0&104@0&105@&107@&108@12]肉[/]x15
[g]=经验4000 ",<over>收集　肉 15/15,2190542612528390|aq34d_1|aq34a_1_1;2190542612528390|aq34d_2|aq34a_2_1,
capture-324,幻狐墨宝,47,main,"[lv]=47
胡涞让你((去画皮寨消灭那里的狐媚收集10个谜之画笔))，然后回【牧原镇_1】交给他。((【该任务每日一次】))
[x]=[i=f_i_谜之画笔^5BC46D&24@材料&25@99&20@含有神力的画笔,据说可以让物体变化外观.&27@sitem_wood&101@161.png&103@0&104@0&105@&107@&108@130]谜之画笔[/]x10
[g]=[i=f_i_银元宝^C156C7&24@材料 消耗品&25@9999&19@双击可兑换为1000铜币&20@游戏中的货币,用于流通买卖&27@sitem_jhj&101@39.png&103@0&104@0&105@&107@&108@0]银元宝[/]x5 [i=f_i_点券^f9e000&24@特殊&25@9999&19@特殊消费或商城购物。&20@游戏中的换购券,用于流通买卖。&27@sitem_book&101@659.png&103@0&104@0&105@&107@&108@0]点券[/]x1",收集　谜之画笔 0/10,7630542620072660|7q28d_1|7q28a_1_1,
capture-325,获得白马,5,main,"[lv]=5
((去和【大佛村】的丑六品交谈))。
[g]=经验1000 [i=f_i_银元宝^C156C7&24@材料 消耗品&25@9999&19@双击可兑换为1000铜币&20@游戏中的货币,用于流通买卖&27@sitem_jhj&101@39.png&103@0&104@0&105@&107@&108@0]银元宝[/]x1 [i=f_i_L小白马^00ccff&23@限制装备至【坐骑】格。&24@坐骑&25@1&12@10&19@如果不下线，他会一直陪着你哦~15分钟后再次登录便会消失&20@&2;font color='#ffff00'&3;注:【有时限，禁止交易】&2;/font&3;&27@sitem_pet&101@957.png&103@0&104@0&105@&107@&108@0]L小白马[/]x1",<over>去和【大佛村】的丑六品交谈。,4090542614314425|2q8n1d_1|2q8n1a_1_1;4090542614314425|2q8n1d_2|2q8n1a_2_1,
capture-326,解开心结,22,main,"[lv]=22
应苦虚无的请求，((前往【白源镇_2】向白叟转达苦虚无的衷言))，帮助白叟解开心结。
[g]=经验2500 ",<over>前往【白源镇_2】找白叟对话。,5300542617580783|aq22d_1|aq22a_1_1;5050542617322114|aq22d_2|aq22a_2_1,
capture-327,解铃还须系铃人,37,main,"[lv]=37
应镇山威之托，((前往【乌梁营地_2】找汉雄出谋划策))。
[g]=经验3000 ",<over>前往【乌梁营地_2】找汉雄出谋划策。,6180542618405797|aq38d_1|aq38a_1_1;6350542618650282|aq38d_2|aq38a_2_1,
capture-328,介象的礼物,25,main,"[lv]=25
介象让你((回【白源镇_3】找游氏子))，并将准备的礼物带给他。
[g]=经验12000 ",<over>还未找【白源镇_3】的游氏子谈话,4960542616750900|5q45d_1|5q45a_1_1;5310542617702520|5q45d_2|5q45a_2_1,
capture-329,可歌可泣,37,main,"[lv]=37
受士兵的妻子所托，((前往【乌梁军营_1】找镇山威询问她相公的情况))。
[g]=经验3000 ",<over>前往【乌梁军营_1】找镇山威对话。,5350542617815400|aq37d_1|aq37a_1_1;6180542618405797|aq37d_2|aq37a_2_1,
capture-330,临终道别,27,main,"[lv]=27
根据游氏子的请求，((前往【涧庭村】向介象道别，并向介象转达祝福))。
[g]=经验3000 ",<over>前往【涧庭村】向介象道别。,5310542617702520|aq25d_1|aq25a_1_1;4960542616750900|aq25d_2|aq25a_2_1,
capture-331,派送兔奴,30,main,"[lv]=30
<party>跟锁妖鼎对话。
[g]=[i=f_i_魅惑兔奴^00ccff&24@宠物&25@1&19@最高拥有4种属性,且其中2种属性可以重复&20@光棍节给力宠物！可以前往【广青_1】找锁妖鼎进行调教、合体，可以得到喜出望外的属性数值。&27@sitem_pet&101@1339.png&103@0&104@0&105@&107@&108@0&19@喜好食物:
宠物用营养水
宠物成长药剂
奇效宠物药剂
&2;font color='#66ccff'&3;宠物等级:1
&2;/font&3;&2;/font&3;]魅惑兔奴[/]x1",<over>跟锁妖鼎对话。,1840542611483497|tunud_1|tunua_1_1;1840542611483497|tunud_2|tunua_2_1,
capture-332,奇宝金铃,50,main,"[lv]=50
((去画皮寨内消灭百幻大王，收集到1个大金玲))，然后交给【牧原镇_3】的魁星泰斗。((【该任务每日一次】))
[x]=[i=f_i_大金铃^00ccff&24@材料&25@99&20@巨大的金色铃铛,一般用做服装饰物.&27@sitem_jhj&101@852.png&103@0&104@0&105@&107@&108@300]大金铃[/]x1
[g]=[i=f_i_银元宝^C156C7&24@材料 消耗品&25@9999&19@双击可兑换为1000铜币&20@游戏中的货币,用于流通买卖&27@sitem_jhj&101@39.png&103@0&104@0&105@&107@&108@0]银元宝[/]x10 [i=f_i_点券^f9e000&24@特殊&25@9999&19@特殊消费或商城购物。&20@游戏中的换购券,用于流通买卖。&27@sitem_book&101@659.png&103@0&104@0&105@&107@&108@0]点券[/]x2",收集　大金铃 0/1,7470542619589250|7q59d_1|7q59a_1_1,
capture-333,前因,32,main,"[lv]=32
应虚中的请求，((前往【广青镇_2】向张妈询问向隐与白乞的关系))。
[g]=经验3000 ",<over>前往【广青镇_2】跟张妈对话。,6360542618722932|aq33d_1|aq33a_1_1;2190542612528390|aq33d_2|aq33a_2_1,
capture-334,驱除蜘蛛,3,main,"[lv]=3
<ml>噌痴让你((去【大佛村口】消灭3只砂岩蜘蛛))，然后告知大佛村的无颜。
[g]=经验1000 [i=f_i_铜钱^ffffff&24@材料 消耗品&25@1000&19@1000枚时双击可兑换为银元宝.&20@游戏中的货币,用于流通买卖.&27@sitem_tq&101@163.png&103@0&104@0&105@&107@&108@0]铜钱[/]x200",击杀　砂岩蜘蛛 0/3,4140542615070416|2q11d_1|2q11a_1_1;4110542614676637|2q11d_2|2q11a_2_1,
capture-335,取蜜止痛,27,main,"[lv]=27
应向隐的请求，((前往【沼泽_6】从毒蜂身上获取5罐蜜))，交给【白源镇_3】的游氏子。
[x]=[i=f_i_蜜^ffffff&24@材料 消耗品&25@99&7@100&20@药材,炼药原料,直接食用能回复些气力.&27@sitem_water&101@91.png&103@0&104@0&105@&107@&108@25]蜜[/]x5
[g]=经验3500 ",收集　蜜 0/5,4710542615621525|aq24d_1|aq24a_1_1;5310542617702520|aq24d_2|aq24a_2_1,
capture-336,伤痛痊愈,27,main,"[lv]=27
根据南风先生的吩咐，((前往【飞仙洞_13】从巨岩魔身上获得岩魔菱石，交给【白源镇_3】的游氏子))。
[x]=[i=f_i_岩魔菱石^00ccff&24@材料&25@99&20@晶莹剔透的多角矿石,反射出令人惊叹的蓝色光芒.&27@sitem_rock&101@112.png&103@0&104@0&105@&107@&108@132]岩魔菱石[/]x1
[g]=经验5000 [i=f_i_银元宝^C156C7&24@材料 消耗品&25@9999&19@双击可兑换为1000铜币&20@游戏中的货币,用于流通买卖&27@sitem_jhj&101@39.png&103@0&104@0&105@&107@&108@0]银元宝[/]x2",收集　岩魔菱石 0/1,6000542609425103|aq27d_1|aq27a_1_1;5310542617702520|aq27d_2|aq27a_2_1,
capture-337,试试身手,1,main,"[lv]=1
<ml>炎衣娘让你((去【大佛村口】消灭1只砂岩蜘蛛。))
[g]=经验150 ",击杀　砂岩蜘蛛 0/1,4130542614832797|2q4d_1|2q4a_1_1;4130542614832797|2q4d_2|2q4a_2_1,
capture-338,熟悉副本,5,main,"[lv]=5
<ml>丑六品让你去((找大佛村的噌痴了解副本))的相关常识。
[g]=经验800 [i=f_i_L包子&24@消耗品&25@99&7@600&20@带馅的包子,看起来非常可口,食用后可恢复些气力.&101@212.png&103@0&104@0&105@&107@&108@0]L包子[/]x5 [i=f_i_L中瓶甘露^5BC46D&24@消耗品&25@99&8@400&20@古有仙人承露,用于长生不老食后祛病延寿,恢复精力.&27@sitem_water&101@697.png&103@0&104@0&105@&107@&108@0]L中瓶甘露[/]x5",<over>还未找大佛村的【噌痴】了解副本的知识,4090542614314425|2q31n2d_1|2q31n2a_1_1;4140542615070416|2q31n2d_4|2q31n2a_4_1,
capture-339,熟悉组队,5,main,"[lv]=5
<ml>噌痴让你去((找大佛村的丑六品了解组队的知识。))
[g]=经验500 ",<over>还未找大佛村的【丑六品】谈话,4140542615070416|2q31n1d_1|2q31n1a_1_1;4090542614314425|2q31n1d_3|2q31n1a_3_1,
capture-340,死不悔改,32,main,"[lv]=32
听完张妈的叙述，((前往【白源镇_1】找向隐询问后来发生之事))。
[g]=经验3000 ",<over>前往【白源镇_1】找向隐对话。,2190542612528390|aq35d_1|aq35a_1_1;4710542615621525|aq35d_2|aq35a_2_1,
capture-341,无能为力,27,main,"[lv]=27
受游氏子之托，((前往【白源镇_1】跟向隐询问解救之法))，以助游氏子早日康复。
[g]=经验3000 ",<over>前往【白源镇_1】跟向隐对话。,5310542617702520|aq23d_1|aq23a_1_1;4710542615621525|aq23d_2|aq23a_2_1,
capture-342,习得密斩,3,main,"[lv]=3
<ml>无颜让你((去找大佛村的噌痴村长交谈。))
[g]=经验300，((习得【密斩】技能))",<over>还未去和大佛的【噌痴】交谈,4110542614676637|2q10gq|2q10gs1;4140542615070416|2q10oq1|2q10os2,
capture-343,消灭砂狼兽,3,main,"[lv]=3
<ml>炎衣娘让你前往【卧佛谷_1】找到并消灭2只砂狼兽，之后回去找大佛村的丑六品交谈。
[g]=经验1200 ",击杀　砂狼兽 0/2,4130542614832797|2q14d_1|2q14a_1_1;4090542614314425|2q14d_2|2q14a_2_1,
capture-344,消灭砂岩蜘蛛,2,main,"[lv]=2
<ml>大佛村的((炎衣娘委托你前往【大佛村口】消灭2只砂岩蜘蛛，通过村子右侧的传送门可以到达村口。))完成任务后，再回去找炎衣娘对话。
[g]=经验500 ",击杀　砂岩蜘蛛 0/2,4130542614832797|2q8d_1|2q8a_1_1;4130542614832797|2q8d_2|2q8a_2_1,
capture-345,消灭仙人刺球,6,main,"[lv]=6
无名侠客希望你((去【卧佛谷_13】消灭3个仙人刺球，))。消灭仙人刺球后回大佛村口，找无名侠客对话。
[g]=经验1000 [i=f_i_铜钱^ffffff&24@材料 消耗品&25@1000&19@1000枚时双击可兑换为银元宝.&20@游戏中的货币,用于流通买卖.&27@sitem_tq&101@163.png&103@0&104@0&105@&107@&108@0]铜钱[/]x500 [i=f_i_L初阶经验卡^00ccff&24@特殊&25@99&19@双击使用。击杀怪物后，将获得双倍经验，效果持续时间为1小时。该物品不能交易。&20@可以获得经验加成的神奇商城道具。&27@sitem_book&101@576.png&103@0&104@0&105@&107@&108@0]L初阶经验卡[/]x1",击杀　仙人刺球 0/3,3850542614170157|2q22d_1|2q22a_1_1;3850542614170157|2q22d_2|2q22a_2_1,
capture-346,一切随缘,32,main,"[lv]=32
受向隐所托，((将向隐的谢意转达给【乌梁军营_2】的虚中))。
[g]=经验3000 ",<over>前往【乌梁军营_2】跟虚中对话。,4710542615621525|aq36d_1|aq36a_1_1;6360542618722932|aq36d_2|aq36a_2_1,
capture-347,异常天象,4,main,"[lv]=4
<ml>将天象异常之事告之大佛村的无颜。
[g]=经验300 [i=f_i_L初阶经验卡^00ccff&24@特殊&25@99&19@双击使用。击杀怪物后，将获得双倍经验，效果持续时间为1小时。该物品不能交易。&20@可以获得经验加成的神奇商城道具。&27@sitem_book&101@576.png&103@0&104@0&105@&107@&108@0]L初阶经验卡[/]x1",<over>还未找大佛村的【无颜】谈话,4090542614314425|2q15d_1|2q15a_1_1;4110542614676637|2q15d_2|2q15a_2_1,
capture-348,远来的信件,15,main,"[lv]=15
<ml>噌痴让你((去【广青镇_2】找夏侯武))查探混沌之玉的消息。((向东走，穿过【树海_11】便可到达广青平原，广青镇便位于平原中部。))
提示：到达广青平原后可以按【M】键打开地图，查看一下广青镇的位置。
[g]=经验2000 [i=f_i_L回魂丹^C156C7&24@消耗品&25@999&19@死亡后与黄泉婆婆对话，可直接复活并回到绑定点。&20@神秘丹药，传说有让人起死回生的功效。&2;font color='#ffff00'&3;注:【无法交易】&2;/font&3;&101@225.png&103@0&104@0&105@&107@&108@0]L回魂丹[/]x2",<over>还未去【广青镇_2】找夏侯武谈话,4140542615070416|2q30d_1|2q30a_1_1;2220542612946566|2q30d_2|2q30a_2_1,
capture-349,灾难降临,5,main,"[lv]=5
<ml>无颜算到擎天山天宫出事了，要你传话给大佛村的噌痴
[g]=经验700 [i=f_i_避怪符^00ccff&24@特殊&25@99&19@- 双击使用后,5分钟内不会遇敌。&2;br/&3;- 点击角色的避怪状态图标可取消状态。&2;br/&3;&2;font color='#ffff00'&3;- 明怪无效。&2;/font&3;&2;br/&3;&2;font color='#ffff00'&3;- 不可交易&2;/font&3;&20@非常古老的驱魔咒符。&27@sitem_book&101@574.png&103@0&104@0&105@&107@&108@0]避怪符[/]x3",<over>还未找大佛村的【噌痴】对话,4110542614676637|2q24d_1|2q24a_1_1;4140542615070416|2q24d_3|2q24a_3_1,
capture-350,赵马夫的行踪,5,main,"[lv]=5
<ml>噌痴让你((去【卧佛谷_11】寻找赵马夫的下落，))并和他对话。
[g]=经验1500 ",<over>还未去【卧佛谷_11】找赵马夫对话,4140542615070416|2q25d_1|2q25a_1_1;4250542615145470|2q25d_2|2q25a_2_1,
capture-351,赵马夫的行踪【贰】,5,main,"[lv]=5
<ml>回【大佛村】找噌痴谈话，告知他赵马夫的下落。
[g]=经验1000 ",<over>还未去大佛村找【噌痴】对话,4250542615145470|2q25n1d_1|2q25n1a_1_1;4140542615070416|2q25n1d_2|2q25n1a_2_1,
capture-352,足见成效,22,main,"[lv]=22
应白叟的请求，((前往【白源镇_3】将魂之石交给苦虚无))，助他化解戾气。
[g]=经验2500 ",<over>前往【白源镇_3】跟苦虚无对话。,5050542617322114|aq21d_1|aq21a_1_1;5300542617580783|aq21d_2|aq21a_2_1,
capture-353,幻化龙娃,30,activity,"[lv]=30
<party>((前往【葬龙潭_8】击杀30个龙娃))，完成后回复【广青_3】幻化使者。
[g]=经验40000 [i=f_i_银元宝^C156C7&24@材料 消耗品&25@9999&19@双击可兑换为1000铜币&20@游戏中的货币,用于流通买卖&27@sitem_jhj&101@39.png&103@0&104@0&105@&107@&108@0]银元宝[/]x5 [i=f_i_龙娃幻化珠^C156C7&24@幻·幻化珠&25@1&19@装备后幻化为龙娃&20@拥有该类宝物便可随意变换为各种形态。&27@sitem_wood&101@1228.png&103@0&104@0&105@&107@&108@0]龙娃幻化珠[/]x1",击杀 龙娃 0/30,2560542613616537|huanhua_2d_1|huanhua_2a_1_1,
