monster_id,source_kind,map_id,map_name,handle,name,display_url,level,vocation,max_hp,max_mp,speed,attack,attack_min,attack_max,sweepspear_attack_min,sweepspear_attack_max,defense,mgc_defense,command_label,damage_defense_type,queue_index_team,queue_index_enemy,encounter_handles,source
wild-210-caoba-glassyx-lv38,wild,210,草坝_4,capture-210-glassyx-lv38,草刺槐,monstermap/glassyx.swf,38,游侠,1530,1034,0,273,,,,,0,91,普通攻击,physical,1,4,,"local half-defense full rerun: cross-target half-defense calibration n=137, resolved p50=273; baseline attack=264; local policy, not an original-server Attack claim; player fire unit-roll magic defense p50=91, n=25; local policy, not an original-server Defense claim"
wild-210-caoba-glasszs-lv38,wild,210,草坝_4,capture-210-glasszs-lv38,草须芒,monstermap/glasszs.swf,38,战士,2000,764,0,287,,,,,96,93,普通攻击,physical,1,4,,"local half-defense full rerun: cross-target half-defense calibration n=169, resolved p50=287; baseline attack=277; local policy, not an original-server Attack claim; player normal unit-roll defense p50=96, n=5; local policy, not an original-server Defense claim; player fire unit-roll magic defense p50=93, n=32; local policy, not an original-server Defense claim"
wild-216-caoba-glassss-lv40,wild,216,草坝_11,capture-216-glassss-lv40,草球蔓,monstermap/glassss.swf,40,术士,1357,1500,0,291,,,,,54,306,法术普通攻击,magic,1,4,,"local half-defense full rerun: strict normal half-defense n=429, resolved p50=290.500; baseline attack=281; local policy, not an original-server Attack claim; player normal unit-roll defense p50=54, n=25; local policy, not an original-server Defense claim; player fire unit-roll magic defense p50=306, n=20; local policy, not an original-server Defense claim"
wild-222-caoba-glassss-lv42,wild,222,草坝_16,capture-222-glassss-lv42,草球蔓,monstermap/glassss.swf,42,术士,1450,1518,0,301,,,,,0,340,法术普通攻击,magic,1,4,,"local half-defense full rerun: cross-target half-defense calibration n=720, resolved p50=300.5; baseline attack=290; local policy, not an original-server Attack claim; player fire unit-roll magic defense p50=340, n=430; local policy, not an original-server Defense claim"
wild-4-7089932810872715,wild,4,涧庭村口,7089932810872715,山林蜘蛛,monstermap/forestspider.swf,1,新手,15,9,15,50,,,,,9,0,普通攻击,,0,0,,"local half-defense full rerun: same defense type inherited ratio from wild-84-6807541628986490;wild-97-8100462475820589;wild-86-1200541669444892;wild-88-6668541757519206;wild-87-4857541734860164; baseline attack=48; local policy, not an original-server Attack claim"
wild-5-7069963681398983,wild,5,涧庭道,7069963681398983,山林狼兽,monstermap/graywolf.swf,1,新手,15,9,15,50,,,,,9,0,普通攻击,,1,4,,"local half-defense full rerun: same defense type inherited ratio from wild-84-6807541628986490;wild-97-8100462475820589;wild-86-1200541669444892;wild-88-6668541757519206;wild-87-4857541734860164; baseline attack=48; local policy, not an original-server Attack claim"
wild-11-5391460605264959,wild,11,涧庭道_1,5391460605264959,蟾蜍,monstermap/toad.swf,1,新手,15,9,0,157,,,,,0,0,普通攻击,,1,4,,"local half-defense full rerun: same defense type inherited ratio from wild-84-6807541628986490;wild-97-8100462475820589;wild-86-1200541669444892;wild-88-6668541757519206;wild-87-4857541734860164; baseline attack=151; local policy, not an original-server Attack claim"
wild-34-6118595074170142,wild,34,平原_3,6118595074170142,爆骨猪,monstermap/bomepig.swf,12,战士,260,155,0,127,,,,,0,0,普通攻击,,1,4,,"local half-defense full rerun: strict normal half-defense n=5, resolved p50=126.500; baseline attack=122; local policy, not an original-server Attack claim"
wild-34-9649595110235663,wild,34,平原_3,9649595110235663,牙菇,monstermap/yagu.swf,11,术士,230,190,0,136,,,,,0,0,普通攻击,,1,4,,"local half-defense full rerun: strict normal half-defense n=2, resolved p50=135.500; baseline attack=131; local policy, not an original-server Attack claim"
wild-35-7209595313846187,wild,35,平原_4,7209595313846187,爆骨猪,monstermap/bomepig.swf,13,战士,295,162,0,95,,,,,0,29,普通攻击,,1,4,,"local half-defense full rerun: strict normal half-defense n=21, resolved p50=95.000; baseline attack=92; local policy, not an original-server Attack claim; player fire unit-roll magic defense p50=29, n=55; local policy, not an original-server Defense claim"
wild-36-6483598180513553,wild,36,平原_5,6483598180513553,爆骨猪,monstermap/bomepig.swf,13,战士,280,145,0,144,,,,,0,3,普通攻击,physical,1,4,,"local half-defense full rerun: cross-target half-defense calibration n=49, resolved p50=143.75; baseline attack=139; local policy, not an original-server Attack claim; player normal unit-roll defense p50=0, n=40; local policy, not an original-server Defense claim; player fire unit-roll magic defense p50=3, n=19; local policy, not an original-server Defense claim"
wild-36-6093598288385864,wild,36,平原_5,6093598288385864,爆骨猪,monstermap/bomepig.swf,13,战士,265,162,0,138,,,,,0,5,普通攻击,,1,4,,"local half-defense full rerun: strict normal half-defense n=36, resolved p50=137.500; baseline attack=133; local policy, not an original-server Attack claim; player normal unit-roll defense p50=0, n=63; local policy, not an original-server Defense claim; player fire unit-roll magic defense p50=5, n=12; local policy, not an original-server Defense claim"
wild-37-4531543951685973,wild,37,平原_6,4531543951685973,花妖,monstermap/huayao.swf,10,战士,230,150,0,99,,,,,6,0,普通攻击,,1,4,,"local half-defense full rerun: strict normal half-defense n=9, resolved p50=98.500; baseline attack=95; local policy, not an original-server Attack claim; player normal unit-roll defense p50=6, n=34; local policy, not an original-server Defense claim"
wild-39-3309595043810827,wild,39,平原_8,3309595043810827,尖刀暴牙,monstermap/jdby.swf,12,战士,280,130,0,134,,,,,0,0,普通攻击,,1,4,,"local half-defense full rerun: strict normal half-defense n=13, resolved p50=133.500; baseline attack=129; local policy, not an original-server Attack claim"
wild-39-7153595193374620,wild,39,平原_8,7153595193374620,刺鸟,monstermap/swordbird.swf,11,游侠,230,160,0,131,,,,,0,0,普通攻击,,1,4,,"local half-defense full rerun: strict normal half-defense n=13, resolved p50=130.500; baseline attack=126; local policy, not an original-server Attack claim"
wild-40-1068595020770482,wild,40,平原_9,1068595020770482,尖刀暴牙,monstermap/jdby.swf,12,战士,280,130,0,136,,,,,0,0,普通攻击,,1,4,,"local half-defense full rerun: strict normal half-defense n=120, resolved p50=135.500; baseline attack=131; local policy, not an original-server Attack claim; player normal unit-roll defense p50=0, n=589; local policy, not an original-server Defense claim"
wild-40-6132760366794317,wild,40,平原_9,6132760366794317,刺鸟,monstermap/swordbird.swf,11,游侠,230,160,0,133,,,,,0,0,普通攻击,,1,4,,"local half-defense full rerun: strict normal half-defense n=164, resolved p50=132.500; baseline attack=128; local policy, not an original-server Attack claim; player normal unit-roll defense p50=0, n=523; local policy, not an original-server Defense claim"
wild-41-4022545119904439,wild,41,平原_10,4022545119904439,牙菇,monstermap/yagu.swf,10,术士,250,190,0,189,,,,,0,0,普通攻击,,1,4,,"local half-defense full rerun: strict normal half-defense n=1, resolved p50=189.000; baseline attack=183; local policy, not an original-server Attack claim; player normal unit-roll defense p50=0, n=14; local policy, not an original-server Defense claim"
wild-43-3795545244778453,wild,43,平原_12,3795545244778453,刺鸟,monstermap/swordbird.swf,11,游侠,230,160,0,132,,,,,0,0,普通攻击,,1,4,,"local half-defense full rerun: same monster family inherited ratio from wild-39-7153595193374620;wild-40-6132760366794317; baseline attack=127; local policy, not an original-server Attack claim"
wild-44-8028545299002561,wild,44,平原_13,8028545299002561,尖刀暴牙,monstermap/jdby.swf,12,战士,250,130,0,127,,,,,2,0,普通攻击,,1,4,,"local half-defense full rerun: same monster family inherited ratio from wild-39-3309595043810827;wild-40-1068595020770482; baseline attack=122; local policy, not an original-server Attack claim; player normal unit-roll defense p50=2, n=7; local policy, not an original-server Defense claim"
wild-48-3450545326166866,wild,48,平原_14,3450545326166866,盗贼,monstermap/robber.swf,14,游侠,330,210,0,142,,,,,121,0,普通攻击,,1,4,,"local half-defense full rerun: strict normal half-defense n=8, resolved p50=142.250; baseline attack=137; local policy, not an original-server Attack claim"
wild-49-1914555684754474,wild,49,平原_15,1914555684754474,盗贼,monstermap/robber.swf,15,游侠,445,194,0,111,,,,,16,0,普通攻击,,1,4,,"local half-defense full rerun: strict normal half-defense n=25, resolved p50=111.000; baseline attack=107; local policy, not an original-server Attack claim; player normal unit-roll defense p50=16, n=6; local policy, not an original-server Defense claim"
wild-49-3784555592010429,wild,49,平原_15,3784555592010429,盗贼,monstermap/robber.swf,16,游侠,452,210,0,119,,,,,22,0,普通攻击,,1,4,,"local half-defense full rerun: strict normal half-defense n=24, resolved p50=118.500; baseline attack=114; local policy, not an original-server Attack claim; player normal unit-roll defense p50=22, n=5; local policy, not an original-server Defense claim"
wild-50-3720596218402838,wild,50,平原_16,3720596218402838,巡路小鬼,monstermap/lilghost.swf,16,战士,520,160,0,121,,,,,26,0,普通攻击,,1,4,,"local half-defense full rerun: strict normal half-defense n=9, resolved p50=121.000; baseline attack=117; local policy, not an original-server Attack claim; player normal unit-roll defense p50=26, n=9; local policy, not an original-server Defense claim"
wild-50-1946596194721884,wild,50,平原_16,1946596194721884,巡路小鬼,monstermap/lilghost.swf,17,战士,545,184,0,124,,,,,13,0,普通攻击,,1,4,,"local half-defense full rerun: strict normal half-defense n=16, resolved p50=124.000; baseline attack=120; local policy, not an original-server Attack claim; player normal unit-roll defense p50=13, n=10; local policy, not an original-server Defense claim"
wild-51-4241545370938745,wild,51,平原_17,4241545370938745,盗贼,monstermap/robber.swf,18,游侠,470,220,0,146,,,,,13,0,普通攻击,,1,4,,"local half-defense full rerun: strict normal half-defense n=74, resolved p50=145.500; baseline attack=141; local policy, not an original-server Attack claim; player normal unit-roll defense p50=13, n=10; local policy, not an original-server Defense claim"
wild-51-lilghost-lv18,wild,51,平原_17,capture-51-lilghost-lv18,巡路小鬼,monstermap/lilghost.swf,18,战士,545,184,0,150,,,,,0,3,普通攻击,physical,1,4,,"local half-defense full rerun: strict normal half-defense n=75, resolved p50=149.500; baseline attack=144; local policy, not an original-server Attack claim; player fire unit-roll magic defense p50=3, n=9; local policy, not an original-server Defense claim"
wild-51-bigswordwolf-lv21,wild,51,平原_17,capture-51-bigswordwolf-lv21,单刀狼人,monstermap/bigswordwolf.swf,21,战士+,2500,334,0,182,,,,,0,0,普通攻击,physical,1,4,,"local half-defense full rerun: strict normal half-defense n=14, resolved p50=182.000; baseline attack=176; local policy, not an original-server Attack claim"
wild-52-4241545370938745,wild,52,平原_18,4241545370938745,盗贼,monstermap/robber.swf,18,游侠,470,220,0,164,,,,,10,0,普通攻击,,1,4,,"local half-defense full rerun: strict normal half-defense n=295, resolved p50=164.000; baseline attack=157; local policy, not an original-server Attack claim; player normal unit-roll defense p50=10, n=32; local policy, not an original-server Defense claim; player fire unit-roll magic defense p50=0, n=421; local policy, not an original-server Defense claim"
wild-52-7014979944725157,wild,52,平原_18,7014979944725157,巡路小鬼,monstermap/lilghost.swf,18,战士,545,184,0,150,,,,,22,0,普通攻击,,1,4,,"local half-defense full rerun: strict normal half-defense n=38, resolved p50=149.500; baseline attack=144; local policy, not an original-server Attack claim; player normal unit-roll defense p50=22, n=31; local policy, not an original-server Defense claim; player fire unit-roll magic defense p50=0, n=214; local policy, not an original-server Defense claim"
wild-52-1478600550966619,wild,52,平原_18,1478600550966619,单刀狼人,monstermap/bigswordwolf.swf,21,战士+,2500,334,0,225,,,,,401,0,普通攻击,,1,4,,"local half-defense full rerun: strict normal half-defense n=85, resolved p50=225.000; baseline attack=213; local policy, not an original-server Attack claim; player fire unit-roll magic defense p50=0, n=177; local policy, not an original-server Defense claim"
wild-84-6807541628986490,wild,84,竹林_1,6807541628986490,绿甲螳螂,monstermap/greenmantis.swf,3,战士,110,40,110,44,,,,,8,0,普通攻击,,1,4,,"local half-defense full rerun: strict normal half-defense n=4, resolved p50=44.250; baseline attack=43; local policy, not an original-server Attack claim"
wild-85-8881541656023182,wild,85,竹林_2,8881541656023182,绿甲螳螂,monstermap/greenmantis.swf,4,战士,140,45,140,49,,,,,9,0,普通攻击,,1,4,,"local half-defense full rerun: same monster family inherited ratio from wild-84-6807541628986490; baseline attack=48; local policy, not an original-server Attack claim"
wild-85-bamboomouse-lv3,wild,85,竹林_2,capture-85-bamboomouse-lv3,竹鼠,monstermap/bamboomouse.swf,3,游侠,100,40,140,45,,,,,8,0,普通攻击,physical,1,4,,"local half-defense full rerun: same vocation inherited ratio from wild-97-8100462475820589;wild-86-1200541669444892;wild-88-6668541757519206;wild-39-7153595193374620;wild-40-6132760366794317; baseline attack=43; local policy, not an original-server Attack claim"
wild-86-1200541669444892,wild,86,竹林_3,1200541669444892,小竹妖,monstermap/bambooboy.swf,6,游侠,180,90,180,78,,,,,14,0,普通攻击,,1,4,,"local half-defense full rerun: strict normal half-defense n=2, resolved p50=77.500; baseline attack=75; local policy, not an original-server Attack claim"
wild-87-4857541734860164,wild,87,竹林_4,4857541734860164,跳跳竹,monstermap/jumpboo.swf,6,战士,180,94,180,78,,,,,14,0,普通攻击,,1,4,,"local half-defense full rerun: strict normal half-defense n=1, resolved p50=77.500; baseline attack=75; local policy, not an original-server Attack claim"
wild-88-6668541757519206,wild,88,竹林_5,6668541757519206,刀手螳螂,monstermap/kinfemantis.swf,6,游侠,180,90,180,121,,,,,14,0,普通攻击,,1,4,,"local half-defense full rerun: strict normal half-defense n=3, resolved p50=120.500; baseline attack=116; local policy, not an original-server Attack claim"
wild-90-8848541914382828,wild,90,竹林_7,8848541914382828,竹炮,monstermap/boobomb.swf,7,战士,190,100,190,74,,,,,7,0,普通攻击,,1,4,,"local half-defense full rerun: strict normal half-defense n=2, resolved p50=73.500; baseline attack=71; local policy, not an original-server Attack claim"
wild-90-bambooboy-lv7,wild,90,竹林_7,capture-90-bambooboy-lv7,小竹妖,monstermap/bambooboy.swf,7,游侠,190,100,190,85,,,,,14,0,普通攻击,physical,1,4,,"local half-defense full rerun: same monster family inherited ratio from wild-86-1200541669444892;wild-97-8100462475820589; baseline attack=82; local policy, not an original-server Attack claim"
wild-97-8100462475820589,wild,97,竹林_10,8100462475820589,小竹妖,monstermap/bambooboy.swf,5,游侠,150,80,150,72,,,,,11,0,普通攻击,,1,4,,"local half-defense full rerun: strict normal half-defense n=1, resolved p50=72.000; baseline attack=70; local policy, not an original-server Attack claim"
wild-97-jumpboo-lv6,wild,97,竹林_10,capture-97-jumpboo-lv6,跳跳竹,monstermap/jumpboo.swf,6,战士,180,94,180,66,,,,,14,0,普通攻击,physical,1,4,,"local half-defense full rerun: strict normal half-defense n=3, resolved p50=65.500; baseline attack=63; local policy, not an original-server Attack claim"
wild-97-purplecentipede-lv12,wild,97,竹林_10,capture-97-purplecentipede-lv12,紫毒蜈蚣,monstermap/purplecentipede.swf,12,战士,400,174,0,77,,,,,0,0,普通攻击,physical,1,4,,"local half-defense full rerun: strict normal half-defense n=4, resolved p50=76.500; baseline attack=74; local policy, not an original-server Attack claim"
wild-56-1879687900196574,wild,56,沼泽_1,1879687900196574,小恶鬼,monstermap/lilghost.swf,20,战士,600,180,0,164,,,,,24,0,普通攻击,physical,1,4,,"local half-defense full rerun: strict normal half-defense n=15, resolved p50=163.500; baseline attack=158; local policy, not an original-server Attack claim; player normal unit-roll defense p50=24, n=6; local policy, not an original-server Defense claim; player fire unit-roll magic defense p50=0, n=47; local policy, not an original-server Defense claim"
wild-56-2510687873023475,wild,56,沼泽_1,2510687873023475,瘴气泥巴,monstermap/mudmonster.swf,21,术士,510,225,0,213,,,,,0,142,法术普通攻击,magic,1,4,,"local half-defense full rerun: strict normal half-defense n=10, resolved p50=213.000; baseline attack=206; local policy, not an original-server Attack claim; player normal unit-roll defense p50=0, n=13; local policy, not an original-server Defense claim; player fire unit-roll magic defense p50=142, n=30; local policy, not an original-server Defense claim"
wild-57-3495688635515392,wild,57,沼泽_2,3495688635515392,瘴气泥巴,monstermap/mudmonster.swf,22,术士,520,230,0,213,,,,,0,0,法术普通攻击,magic,1,4,,"local half-defense full rerun: same monster family inherited ratio from wild-56-2510687873023475; baseline attack=206; local policy, not an original-server Attack claim"
wild-57-4807748897740720,wild,57,沼泽_2,4807748897740720,瘴气泥巴,monstermap/mudmonster.swf,23,术士,525,250,0,225,,,,,0,0,法术普通攻击,magic,1,4,,"local half-defense full rerun: same monster family inherited ratio from wild-56-2510687873023475; baseline attack=218; local policy, not an original-server Attack claim"
wild-58-2466748997740364,wild,58,沼泽_3,2466748997740364,瘴气泥巴,monstermap/mudmonster.swf,22,术士,520,230,0,213,,,,,0,0,法术普通攻击,magic,1,4,,"local half-defense full rerun: same monster family inherited ratio from wild-56-2510687873023475; baseline attack=206; local policy, not an original-server Attack claim"
wild-58-6050764649850402,wild,58,沼泽_3,6050764649850402,瘴气泥巴,monstermap/mudmonster.swf,23,术士,525,250,0,225,,,,,0,0,法术普通攻击,magic,1,4,,"local half-defense full rerun: same monster family inherited ratio from wild-56-2510687873023475; baseline attack=218; local policy, not an original-server Attack claim"
wild-59-6910749059116478,wild,59,沼泽_4,6910749059116478,王花,monstermap/flowerking.swf,25,战士,750,210,0,197,,,,,0,46,普通攻击,physical,1,4,,"local half-defense full rerun: same monster family inherited ratio from wild-61-8794277136639545;wild-61-4255855522129221; baseline attack=190; local policy, not an original-server Attack claim; player fire unit-roll magic defense p50=46, n=6; local policy, not an original-server Defense claim"
wild-59-3372749147172679,wild,59,沼泽_4,3372749147172679,王花,monstermap/flowerking.swf,24,战士,760,160,0,202,,,,,0,7,普通攻击,physical,1,4,,"local half-defense full rerun: same monster family inherited ratio from wild-61-4255855522129221;wild-61-8794277136639545; baseline attack=195; local policy, not an original-server Attack claim; player fire unit-roll magic defense p50=7, n=10; local policy, not an original-server Defense claim"
wild-60-4388749304285760,wild,60,沼泽_5,4388749304285760,毒蜂,monstermap/drughornets.swf,24,游侠,680,220,0,167,,,,,44,14,普通攻击,physical,1,4,,"local half-defense full rerun: same monster family inherited ratio from wild-62-6230749623881500;wild-175-1292876508688954;wild-177-1356924340603876; baseline attack=162; local policy, not an original-server Attack claim; player normal unit-roll defense p50=44, n=5; local policy, not an original-server Defense claim; player fire unit-roll magic defense p50=14, n=15; local policy, not an original-server Defense claim"
wild-60-1019749509430681,wild,60,沼泽_5,1019749509430681,王花,monstermap/flowerking.swf,25,战士,750,210,0,197,,,,,0,28,普通攻击,physical,1,4,,"local half-defense full rerun: same monster family inherited ratio from wild-61-8794277136639545;wild-61-4255855522129221; baseline attack=190; local policy, not an original-server Attack claim; player fire unit-roll magic defense p50=28, n=6; local policy, not an original-server Defense claim"
wild-61-8794277136639545,wild,61,沼泽_7,8794277136639545,王花,monstermap/flowerking.swf,25,战士,750,210,0,224,,,,,0,6,普通攻击,physical,1,4,,"local half-defense full rerun: strict normal half-defense n=6, resolved p50=224.000; baseline attack=216; local policy, not an original-server Attack claim; player fire unit-roll magic defense p50=6, n=20; local policy, not an original-server Defense claim"
wild-61-4255855522129221,wild,61,沼泽_7,4255855522129221,王花,monstermap/flowerking.swf,24,战士,760,160,0,174,,,,,0,10,普通攻击,physical,1,4,,"local half-defense full rerun: strict normal half-defense n=9, resolved p50=174.000; baseline attack=168; local policy, not an original-server Attack claim; player fire unit-roll magic defense p50=10, n=30; local policy, not an original-server Defense claim"
wild-62-6230749623881500,wild,62,沼泽_6,6230749623881500,毒蜂,monstermap/drughornets.swf,25,游侠,680,220,0,177,,,,,22,4,普通攻击,physical,1,4,,"local half-defense full rerun: strict normal half-defense n=11, resolved p50=176.500; baseline attack=171; local policy, not an original-server Attack claim; player normal unit-roll defense p50=22, n=9; local policy, not an original-server Defense claim; player fire unit-roll magic defense p50=4, n=123; local policy, not an original-server Defense claim"
wild-63-8413750350934133,wild,63,沼泽_8,8413750350934133,金斑鳄,monstermap/goldcayman.swf,26,战士,980,160,0,185,,,,,60,0,普通攻击,physical,1,4,,"local half-defense full rerun: strict normal half-defense n=13, resolved p50=185.000; baseline attack=179; local policy, not an original-server Attack claim; player normal unit-roll defense p50=60, n=43; local policy, not an original-server Defense claim; player fire unit-roll magic defense p50=0, n=173; local policy, not an original-server Defense claim"
wild-63-3620750641104472,wild,63,沼泽_8,3620750641104472,金斑鳄,monstermap/goldcayman.swf,26,战士,1020,140,0,198,,,,,70,0,普通攻击,physical,1,4,,"local half-defense full rerun: strict normal half-defense n=5, resolved p50=198.000; baseline attack=191; local policy, not an original-server Attack claim; player normal unit-roll defense p50=70, n=33; local policy, not an original-server Defense claim; player fire unit-roll magic defense p50=0, n=185; local policy, not an original-server Defense claim"
wild-172-1040767153512470,wild,172,沼泽_10,1040767153512470,玄龟兽,monstermap/occulttortoise.swf,28,战士,1221,200,0,181,,,,,0,0,普通攻击,physical,1,4,,"local half-defense full rerun: same monster family inherited ratio from wild-173-2500770180184588;wild-175-9520876486737550; baseline attack=175; local policy, not an original-server Attack claim"
wild-172-4253767046366640,wild,172,沼泽_10,4253767046366640,玄龟兽,monstermap/occulttortoise.swf,29,战士,1260,200,0,181,,,,,0,0,普通攻击,physical,1,4,,"local half-defense full rerun: same monster family inherited ratio from wild-175-9520876486737550;wild-173-2500770180184588; baseline attack=175; local policy, not an original-server Attack claim"
wild-173-2500770180184588,wild,173,沼泽_11,2500770180184588,玄龟兽,monstermap/occulttortoise.swf,28,战士,1221,200,0,192,,,,,41,24,普通攻击,physical,1,4,,"local half-defense full rerun: cross-target half-defense calibration n=255, resolved p50=191.5; baseline attack=185; local policy, not an original-server Attack claim; player normal unit-roll defense p50=41, n=8; local policy, not an original-server Defense claim; player fire unit-roll magic defense p50=24, n=255; local policy, not an original-server Defense claim"
wild-174-3741766722935500,wild,174,沼泽_12,3741766722935500,玄龟兽,monstermap/occulttortoise.swf,29,战士,1260,200,0,181,,,,,0,0,普通攻击,physical,1,4,,"local half-defense full rerun: same monster family inherited ratio from wild-175-9520876486737550;wild-173-2500770180184588; baseline attack=175; local policy, not an original-server Attack claim"
wild-174-drughornets-lv28,wild,174,沼泽_12,capture-174-drughornets-lv28,毒蜂,monstermap/drughornets.swf,28,游侠,850,320,0,189,,,,,0,0,普通攻击,physical,1,4,,"local half-defense full rerun: same monster family inherited ratio from wild-175-1292876508688954;wild-177-1356924340603876;wild-62-6230749623881500; baseline attack=183; local policy, not an original-server Attack claim"
wild-175-3729876678791209,wild,175,沼泽_13,3729876678791209,赤蛰子,monstermap/beequeen.swf,32,游侠+,3100,510,0,250,,,,,0,38,普通攻击,physical,1,4,,"local half-defense full rerun: strict normal half-defense n=10, resolved p50=250.000; baseline attack=242; local policy, not an original-server Attack claim; player fire unit-roll magic defense p50=38, n=33; local policy, not an original-server Defense claim"
wild-175-1292876508688954,wild,175,沼泽_13,1292876508688954,毒蜂,monstermap/drughornets.swf,28,游侠,850,320,0,189,,,,,0,4,普通攻击,physical,1,4,,"local half-defense full rerun: strict normal half-defense n=48, resolved p50=189.000; baseline attack=183; local policy, not an original-server Attack claim; player fire unit-roll magic defense p50=4, n=93; local policy, not an original-server Defense claim"
wild-175-9520876486737550,wild,175,沼泽_13,9520876486737550,玄龟兽,monstermap/occulttortoise.swf,29,战士,1260,200,0,221,,,,,0,6,普通攻击,physical,1,4,,"local half-defense full rerun: strict normal half-defense n=43, resolved p50=221.000; baseline attack=214; local policy, not an original-server Attack claim; player fire unit-roll magic defense p50=6, n=119; local policy, not an original-server Defense claim"
wild-177-2843924512567764,wild,177,沼泽_15,2843924512567764,赤蛰子,monstermap/beequeen.swf,32,游侠+,3100,510,0,232,,,,,0,0,普通攻击,physical,1,4,,"local half-defense full rerun: strict normal half-defense n=3, resolved p50=232.000; baseline attack=224; local policy, not an original-server Attack claim"
wild-177-1356924340603876,wild,177,沼泽_15,1356924340603876,毒蜂,monstermap/drughornets.swf,28,游侠,850,320,0,184,,,,,0,0,普通攻击,physical,1,4,,"local half-defense full rerun: strict normal half-defense n=1, resolved p50=184.000; baseline attack=178; local policy, not an original-server Attack claim"
wild-178-4062924384803641,wild,178,沼泽_16,4062924384803641,毒蜂,monstermap/drughornets.swf,28,游侠,850,320,0,192,,,,,0,0,普通攻击,physical,1,4,,"local half-defense full rerun: same monster family inherited ratio from wild-175-1292876508688954;wild-177-1356924340603876;wild-62-6230749623881500; baseline attack=186; local policy, not an original-server Attack claim"
visible-131-8128205778897212,visible,131,水帘洞_1,8128205778897212,武斗蛤蟆,monstermap/kongfupanda.swf,12,游侠,510,374,130,133,,,,,0,3,普通攻击,physical,1,4,,"local half-defense full rerun: strict normal half-defense n=1, resolved p50=133.000; baseline attack=129; local policy, not an original-server Attack claim; player fire unit-roll magic defense p50=3, n=6; local policy, not an original-server Defense claim"
visible-131-8130205778898758,visible,131,水帘洞_1,8130205778898758,武斗蛤蟆,monstermap/kongfupanda.swf,12,游侠,510,374,130,133,,,,,0,3,普通攻击,physical,1,4,,"local half-defense full rerun: strict normal half-defense n=1, resolved p50=133.000; baseline attack=129; local policy, not an original-server Attack claim; player fire unit-roll magic defense p50=3, n=6; local policy, not an original-server Defense claim"
visible-131-8132205778899676,visible,131,水帘洞_1,8132205778899676,武斗蛤蟆,monstermap/kongfupanda.swf,12,游侠,510,374,130,133,,,,,0,3,普通攻击,physical,1,4,,"local half-defense full rerun: strict normal half-defense n=1, resolved p50=133.000; baseline attack=129; local policy, not an original-server Attack claim; player fire unit-roll magic defense p50=3, n=6; local policy, not an original-server Defense claim"
visible-132-1656205827185847,visible,132,水帘洞_2,1656205827185847,武斗蛤蟆,monstermap/kongfupanda.swf,13,战士,573,224,130,159,,,,,0,0,普通攻击,physical,1,4,,"local half-defense full rerun: strict normal half-defense n=1, resolved p50=159.000; baseline attack=154; local policy, not an original-server Attack claim"
visible-132-1658205827186196,visible,132,水帘洞_2,1658205827186196,武斗蛤蟆,monstermap/kongfupanda.swf,12,游侠,510,374,130,136,,,,,0,0,普通攻击,physical,1,4,,"local half-defense full rerun: strict normal half-defense n=2, resolved p50=136.250; baseline attack=132; local policy, not an original-server Attack claim"
visible-132-1660205827187303,visible,132,水帘洞_2,1660205827187303,武斗蛤蟆,monstermap/kongfupanda.swf,12,游侠,510,374,130,136,,,,,0,0,普通攻击,physical,1,4,,"local half-defense full rerun: strict normal half-defense n=2, resolved p50=136.250; baseline attack=132; local policy, not an original-server Attack claim"
visible-132-1662205827187552,visible,132,水帘洞_2,1662205827187552,武斗蛤蟆,monstermap/kongfupanda.swf,12,游侠,510,374,130,136,,,,,0,0,普通攻击,physical,1,4,,"local half-defense full rerun: strict normal half-defense n=2, resolved p50=136.250; baseline attack=132; local policy, not an original-server Attack claim"
visible-132-1664205827188995,visible,132,水帘洞_2,1664205827188995,武斗蛤蟆,monstermap/kongfupanda.swf,13,战士,573,224,130,159,,,,,0,0,普通攻击,physical,1,4,,"local half-defense full rerun: strict normal half-defense n=1, resolved p50=159.000; baseline attack=154; local policy, not an original-server Attack claim"
visible-132-1666205827189909,visible,132,水帘洞_2,1666205827189909,武斗蛤蟆,monstermap/kongfupanda.swf,13,战士,573,224,130,159,,,,,0,0,普通攻击,physical,1,4,,"local half-defense full rerun: strict normal half-defense n=1, resolved p50=159.000; baseline attack=154; local policy, not an original-server Attack claim"
visible-133-8112205902790159,visible,133,水帘洞_3,8112205902790159,武斗蛤蟆,monstermap/kongfupanda.swf,14,战士,586,294,130,162,,,,,3,0,普通攻击,physical,1,4,,"local half-defense full rerun: same monster family inherited ratio from visible-132-1656205827185847;visible-132-1664205827188995;visible-132-1666205827189909; baseline attack=157; local policy, not an original-server Attack claim; player normal unit-roll defense p50=3, n=6; local policy, not an original-server Defense claim; player fire unit-roll magic defense p50=0, n=8; local policy, not an original-server Defense claim"
visible-133-8114205902791857,visible,133,水帘洞_3,8114205902791857,武斗蛤蟆,monstermap/kongfupanda.swf,14,战士,586,294,130,162,,,,,3,0,普通攻击,physical,1,4,,"local half-defense full rerun: same monster family inherited ratio from visible-132-1656205827185847;visible-132-1664205827188995;visible-132-1666205827189909; baseline attack=157; local policy, not an original-server Attack claim; player normal unit-roll defense p50=3, n=6; local policy, not an original-server Defense claim; player fire unit-roll magic defense p50=0, n=8; local policy, not an original-server Defense claim"
visible-133-8116205902792836,visible,133,水帘洞_3,8116205902792836,武斗蛤蟆,monstermap/kongfupanda.swf,14,战士,586,294,130,162,,,,,3,0,普通攻击,physical,1,4,,"local half-defense full rerun: same monster family inherited ratio from visible-132-1656205827185847;visible-132-1664205827188995;visible-132-1666205827189909; baseline attack=157; local policy, not an original-server Attack claim; player normal unit-roll defense p50=3, n=6; local policy, not an original-server Defense claim; player fire unit-roll magic defense p50=0, n=8; local policy, not an original-server Defense claim"
visible-133-8118205902792830,visible,133,水帘洞_3,8118205902792830,武斗蛤蟆,monstermap/kongfupanda.swf,14,战士,586,294,130,162,,,,,3,0,普通攻击,physical,1,4,,"local half-defense full rerun: same monster family inherited ratio from visible-132-1656205827185847;visible-132-1664205827188995;visible-132-1666205827189909; baseline attack=157; local policy, not an original-server Attack claim; player normal unit-roll defense p50=3, n=6; local policy, not an original-server Defense claim; player fire unit-roll magic defense p50=0, n=8; local policy, not an original-server Defense claim"
visible-133-8120205902793205,visible,133,水帘洞_3,8120205902793205,武斗蛤蟆,monstermap/kongfupanda.swf,14,战士,586,294,130,162,,,,,3,0,普通攻击,physical,1,4,,"local half-defense full rerun: same monster family inherited ratio from visible-132-1656205827185847;visible-132-1664205827188995;visible-132-1666205827189909; baseline attack=157; local policy, not an original-server Attack claim; player normal unit-roll defense p50=3, n=6; local policy, not an original-server Defense claim; player fire unit-roll magic defense p50=0, n=8; local policy, not an original-server Defense claim"
visible-133-8122205902794636,visible,133,水帘洞_3,8122205902794636,武斗蛤蟆,monstermap/kongfupanda.swf,14,战士,586,294,130,162,,,,,3,0,普通攻击,physical,1,4,,"local half-defense full rerun: same monster family inherited ratio from visible-132-1656205827185847;visible-132-1664205827188995;visible-132-1666205827189909; baseline attack=157; local policy, not an original-server Attack claim; player normal unit-roll defense p50=3, n=6; local policy, not an original-server Defense claim; player fire unit-roll magic defense p50=0, n=8; local policy, not an original-server Defense claim"
visible-137-4889205982270617,visible,137,水帘洞_4,4889205982270617,剑术蛤蟆,monstermap/swordpanda.swf,15,战士,640,280,130,170,,,,,0,0,普通攻击,physical,1,4,,"local half-defense full rerun: same monster family inherited ratio from visible-144-2768206074548639;visible-144-2770206074548423;visible-140-8424206376338175;visible-140-8426206376339691;visible-140-8428206376340510; baseline attack=163; local policy, not an original-server Attack claim"
visible-137-4891205982270480,visible,137,水帘洞_4,4891205982270480,剑术蛤蟆,monstermap/swordpanda.swf,15,战士,640,280,130,170,,,,,0,0,普通攻击,physical,1,4,,"local half-defense full rerun: same monster family inherited ratio from visible-144-2768206074548639;visible-144-2770206074548423;visible-140-8424206376338175;visible-140-8426206376339691;visible-140-8428206376340510; baseline attack=163; local policy, not an original-server Attack claim"
visible-137-4893205982271973,visible,137,水帘洞_4,4893205982271973,剑术蛤蟆,monstermap/swordpanda.swf,15,战士,640,280,130,170,,,,,0,0,普通攻击,physical,1,4,,"local half-defense full rerun: same monster family inherited ratio from visible-144-2768206074548639;visible-144-2770206074548423;visible-140-8424206376338175;visible-140-8426206376339691;visible-140-8428206376340510; baseline attack=163; local policy, not an original-server Attack claim"
visible-137-4895205982272135,visible,137,水帘洞_4,4895205982272135,法术蛤蟆,monstermap/magicpanda.swf,16,术士,510,490,130,209,,,,,0,0,法术普通攻击,magic,1,4,,"local half-defense full rerun: same monster family inherited ratio from visible-143-5166206909805441;visible-143-5168206909805631;visible-143-5170206909806155;visible-145-2894206197340572;visible-145-2896206197341225; baseline attack=202; local policy, not an original-server Attack claim"
visible-137-4897205982273653,visible,137,水帘洞_4,4897205982273653,法术蛤蟆,monstermap/magicpanda.swf,16,术士,510,490,130,209,,,,,0,0,法术普通攻击,magic,1,4,,"local half-defense full rerun: same monster family inherited ratio from visible-143-5166206909805441;visible-143-5168206909805631;visible-143-5170206909806155;visible-145-2894206197340572;visible-145-2896206197341225; baseline attack=202; local policy, not an original-server Attack claim"
visible-137-4899205982273477,visible,137,水帘洞_4,4899205982273477,法术蛤蟆,monstermap/magicpanda.swf,16,术士,510,490,130,209,,,,,0,0,法术普通攻击,magic,1,4,,"local half-defense full rerun: same monster family inherited ratio from visible-143-5166206909805441;visible-143-5168206909805631;visible-143-5170206909806155;visible-145-2894206197340572;visible-145-2896206197341225; baseline attack=202; local policy, not an original-server Attack claim"
visible-140-8424206376338175,visible,140,水帘洞_7,8424206376338175,剑术蛤蟆,monstermap/swordpanda.swf,18,战士,650,280,130,152,,,,,0,0,普通攻击,physical,1,4,,"local half-defense full rerun: strict normal half-defense n=1, resolved p50=151.500; baseline attack=146; local policy, not an original-server Attack claim"
visible-140-8426206376339691,visible,140,水帘洞_7,8426206376339691,剑术蛤蟆,monstermap/swordpanda.swf,18,战士,650,280,130,152,,,,,0,0,普通攻击,physical,1,4,,"local half-defense full rerun: strict normal half-defense n=1, resolved p50=151.500; baseline attack=146; local policy, not an original-server Attack claim"
visible-140-8428206376340510,visible,140,水帘洞_7,8428206376340510,剑术蛤蟆,monstermap/swordpanda.swf,18,战士,650,280,130,152,,,,,0,0,普通攻击,physical,1,4,,"local half-defense full rerun: strict normal half-defense n=1, resolved p50=151.500; baseline attack=146; local policy, not an original-server Attack claim"
visible-140-8430206376341780,visible,140,水帘洞_7,8430206376341780,武斗蛤蟆,monstermap/kongfupanda.swf,17,游侠,590,364,130,145,,,,,0,0,普通攻击,physical,1,4,,"local half-defense full rerun: strict normal half-defense n=1, resolved p50=144.500; baseline attack=140; local policy, not an original-server Attack claim"
visible-140-8432206376342756,visible,140,水帘洞_7,8432206376342756,武斗蛤蟆,monstermap/kongfupanda.swf,17,游侠,590,364,130,145,,,,,0,0,普通攻击,physical,1,4,,"local half-defense full rerun: strict normal half-defense n=1, resolved p50=144.500; baseline attack=140; local policy, not an original-server Attack claim"
visible-141-4710206556985181,visible,141,水帘洞_8,4710206556985181,剑术蛤蟆,monstermap/swordpanda.swf,18,战士,650,280,130,152,,,,,0,0,普通攻击,physical,1,4,4710206556985181;4712206556985489,"local half-defense full rerun: same monster family inherited ratio from visible-140-8424206376338175;visible-140-8426206376339691;visible-140-8428206376340510;visible-142-9556206735436383;visible-142-9558206735437433; baseline attack=146; local policy, not an original-server Attack claim"
visible-141-4712206556985489,visible,141,水帘洞_8,4712206556985489,剑术蛤蟆,monstermap/swordpanda.swf,18,战士,650,280,130,152,,,,,0,0,普通攻击,physical,1,4,4710206556985181;4712206556985489,"local half-defense full rerun: same monster family inherited ratio from visible-140-8424206376338175;visible-140-8426206376339691;visible-140-8428206376340510;visible-142-9556206735436383;visible-142-9558206735437433; baseline attack=146; local policy, not an original-server Attack claim"
visible-141-4714206556986370,visible,141,水帘洞_8,4714206556986370,剑术蛤蟆,monstermap/swordpanda.swf,18,战士,650,280,130,152,,,,,0,0,普通攻击,physical,1,4,4714206556986370;4716206556987104,"local half-defense full rerun: same monster family inherited ratio from visible-140-8424206376338175;visible-140-8426206376339691;visible-140-8428206376340510;visible-142-9556206735436383;visible-142-9558206735437433; baseline attack=146; local policy, not an original-server Attack claim"
visible-141-4716206556987104,visible,141,水帘洞_8,4716206556987104,剑术蛤蟆,monstermap/swordpanda.swf,18,战士,650,280,130,152,,,,,0,0,普通攻击,physical,1,4,4714206556986370;4716206556987104,"local half-defense full rerun: same monster family inherited ratio from visible-140-8424206376338175;visible-140-8426206376339691;visible-140-8428206376340510;visible-142-9556206735436383;visible-142-9558206735437433; baseline attack=146; local policy, not an original-server Attack claim"
visible-141-4718206556987620,visible,141,水帘洞_8,4718206556987620,剑术蛤蟆,monstermap/swordpanda.swf,18,战士,650,280,130,152,,,,,0,0,普通攻击,physical,1,4,4718206556987620;4720206556988825,"local half-defense full rerun: same monster family inherited ratio from visible-140-8424206376338175;visible-140-8426206376339691;visible-140-8428206376340510;visible-142-9556206735436383;visible-142-9558206735437433; baseline attack=146; local policy, not an original-server Attack claim"
visible-141-4720206556988825,visible,141,水帘洞_8,4720206556988825,剑术蛤蟆,monstermap/swordpanda.swf,18,战士,650,280,130,152,,,,,0,0,普通攻击,physical,1,4,4718206556987620;4720206556988825,"local half-defense full rerun: same monster family inherited ratio from visible-140-8424206376338175;visible-140-8426206376339691;visible-140-8428206376340510;visible-142-9556206735436383;visible-142-9558206735437433; baseline attack=146; local policy, not an original-server Attack claim"
visible-142-9556206735436383,visible,142,水帘洞_9,9556206735436383,剑术蛤蟆,monstermap/swordpanda.swf,18,战士,650,280,130,134,,,,,0,0,普通攻击,physical,1,4,9556206735436383;9558206735437433,"local half-defense full rerun: strict normal half-defense n=7, resolved p50=133.500; baseline attack=129; local policy, not an original-server Attack claim; player fire unit-roll magic defense p50=0, n=7; local policy, not an original-server Defense claim"
visible-142-9558206735437433,visible,142,水帘洞_9,9558206735437433,剑术蛤蟆,monstermap/swordpanda.swf,18,战士,650,280,130,134,,,,,0,0,普通攻击,physical,1,4,9556206735436383;9558206735437433,"local half-defense full rerun: strict normal half-defense n=7, resolved p50=133.500; baseline attack=129; local policy, not an original-server Attack claim; player fire unit-roll magic defense p50=0, n=7; local policy, not an original-server Defense claim"
visible-142-9560206735437619,visible,142,水帘洞_9,9560206735437619,法术蛤蟆,monstermap/magicpanda.swf,17,术士,510,490,130,148,,,,,0,10,法术普通攻击,magic,1,4,,"local half-defense full rerun: same monster family inherited ratio from visible-143-5166206909805441;visible-143-5168206909805631;visible-143-5170206909806155;visible-145-2894206197340572;visible-145-2896206197341225; baseline attack=143; local policy, not an original-server Attack claim; player fire unit-roll magic defense p50=10, n=5; local policy, not an original-server Defense claim"
visible-142-9562206735438199,visible,142,水帘洞_9,9562206735438199,法术蛤蟆,monstermap/magicpanda.swf,17,术士,510,490,130,148,,,,,0,10,法术普通攻击,magic,1,4,,"local half-defense full rerun: same monster family inherited ratio from visible-143-5166206909805441;visible-143-5168206909805631;visible-143-5170206909806155;visible-145-2894206197340572;visible-145-2896206197341225; baseline attack=143; local policy, not an original-server Attack claim; player fire unit-roll magic defense p50=10, n=5; local policy, not an original-server Defense claim"
visible-142-9564206735439303,visible,142,水帘洞_9,9564206735439303,法术蛤蟆,monstermap/magicpanda.swf,17,术士,510,490,130,148,,,,,0,10,法术普通攻击,magic,1,4,,"local half-defense full rerun: same monster family inherited ratio from visible-143-5166206909805441;visible-143-5168206909805631;visible-143-5170206909806155;visible-145-2894206197340572;visible-145-2896206197341225; baseline attack=143; local policy, not an original-server Attack claim; player fire unit-roll magic defense p50=10, n=5; local policy, not an original-server Defense claim"
visible-142-9566206735440658,visible,142,水帘洞_9,9566206735440658,剑术蛤蟆,monstermap/swordpanda.swf,18,战士,650,280,130,134,,,,,0,0,普通攻击,physical,1,4,9566206735440658;9568206735440182,"local half-defense full rerun: strict normal half-defense n=7, resolved p50=133.500; baseline attack=129; local policy, not an original-server Attack claim; player fire unit-roll magic defense p50=0, n=7; local policy, not an original-server Defense claim"
visible-142-9568206735440182,visible,142,水帘洞_9,9568206735440182,剑术蛤蟆,monstermap/swordpanda.swf,18,战士,650,280,130,134,,,,,0,0,普通攻击,physical,1,4,9566206735440658;9568206735440182,"local half-defense full rerun: strict normal half-defense n=7, resolved p50=133.500; baseline attack=129; local policy, not an original-server Attack claim; player fire unit-roll magic defense p50=0, n=7; local policy, not an original-server Defense claim"
visible-143-5166206909805441,visible,143,水帘洞_10,5166206909805441,法术蛤蟆,monstermap/magicpanda.swf,17,术士,510,490,130,148,,,,,0,0,法术普通攻击,magic,1,4,,"local half-defense full rerun: strict normal half-defense n=2, resolved p50=147.500; baseline attack=143; local policy, not an original-server Attack claim"
visible-143-5168206909805631,visible,143,水帘洞_10,5168206909805631,法术蛤蟆,monstermap/magicpanda.swf,17,术士,510,490,130,148,,,,,0,0,法术普通攻击,magic,1,4,5168206909805631;5170206909806155;5176206909809579,"local half-defense full rerun: strict normal half-defense n=2, resolved p50=147.500; baseline attack=143; local policy, not an original-server Attack claim"
visible-143-5170206909806155,visible,143,水帘洞_10,5170206909806155,法术蛤蟆,monstermap/magicpanda.swf,17,术士,510,490,130,148,,,,,0,0,法术普通攻击,magic,1,4,5168206909805631;5170206909806155;5176206909809579,"local half-defense full rerun: strict normal half-defense n=2, resolved p50=147.500; baseline attack=143; local policy, not an original-server Attack claim"
visible-143-5172206909807859,visible,143,水帘洞_10,5172206909807859,剑术蛤蟆,monstermap/swordpanda.swf,18,战士,750,280,130,121,,,,,0,0,普通攻击,direct,1,4,5172206909807859;5174206909807286,20260531_124707_399_conn_0002#createRole+cell+hp-delta
visible-143-5174206909807286,visible,143,水帘洞_10,5174206909807286,剑术蛤蟆,monstermap/swordpanda.swf,18,战士,750,280,130,121,,,,,0,0,普通攻击,direct,1,4,5172206909807859;5174206909807286,20260531_124707_399_conn_0002#createRole+cell+hp-delta
visible-143-5176206909809579,visible,143,水帘洞_10,5176206909809579,蛤蟆精,monstermap/cracktoad.swf,20,游侠++,1500,564,130,168,,,,,0,0,普通攻击,physical,1,4,5168206909805631;5170206909806155;5176206909809579,"local half-defense full rerun: same defense type inherited ratio from wild-56-1879687900196574;wild-51-bigswordwolf-lv21;wild-52-1478600550966619;visible-75-8110675527789273;visible-75-8130675527791587; baseline attack=162; local policy, not an original-server Attack claim"
visible-144-2762206074545916,visible,144,水帘洞_5,2762206074545916,武斗蛤蟆,monstermap/kongfupanda.swf,16,游侠,570,364,130,148,,,,,0,0,普通攻击,physical,1,4,2762206074545916;2764206074546810;2766206074547838,"local half-defense full rerun: strict normal half-defense n=6, resolved p50=147.500; baseline attack=143; local policy, not an original-server Attack claim"
visible-144-2764206074546810,visible,144,水帘洞_5,2764206074546810,武斗蛤蟆,monstermap/kongfupanda.swf,16,游侠,570,364,130,148,,,,,0,0,普通攻击,physical,1,4,2762206074545916;2764206074546810;2766206074547838,"local half-defense full rerun: strict normal half-defense n=6, resolved p50=147.500; baseline attack=143; local policy, not an original-server Attack claim"
visible-144-2766206074547838,visible,144,水帘洞_5,2766206074547838,武斗蛤蟆,monstermap/kongfupanda.swf,16,游侠,570,364,130,148,,,,,0,0,普通攻击,physical,1,4,2762206074545916;2764206074546810;2766206074547838,"local half-defense full rerun: strict normal half-defense n=6, resolved p50=147.500; baseline attack=143; local policy, not an original-server Attack claim"
visible-144-2768206074548639,visible,144,水帘洞_5,2768206074548639,剑术蛤蟆,monstermap/swordpanda.swf,17,战士,708,204,130,189,,,,,0,0,普通攻击,physical,1,4,,"local half-defense full rerun: strict normal half-defense n=3, resolved p50=189.000; baseline attack=183; local policy, not an original-server Attack claim"
visible-144-2770206074548423,visible,144,水帘洞_5,2770206074548423,剑术蛤蟆,monstermap/swordpanda.swf,17,战士,708,204,130,189,,,,,0,0,普通攻击,physical,1,4,,"local half-defense full rerun: strict normal half-defense n=3, resolved p50=189.000; baseline attack=183; local policy, not an original-server Attack claim"
visible-145-2890206197338884,visible,145,水帘洞_6,2890206197338884,剑术蛤蟆,monstermap/swordpanda.swf,18,战士,650,280,130,150,,,,,0,0,普通攻击,physical,1,4,2890206197338884;2892206197339825,"local half-defense full rerun: strict normal half-defense n=3, resolved p50=150.000; baseline attack=145; local policy, not an original-server Attack claim"
visible-145-2892206197339825,visible,145,水帘洞_6,2892206197339825,剑术蛤蟆,monstermap/swordpanda.swf,18,战士,650,280,130,150,,,,,0,0,普通攻击,physical,1,4,2890206197338884;2892206197339825,"local half-defense full rerun: strict normal half-defense n=3, resolved p50=150.000; baseline attack=145; local policy, not an original-server Attack claim"
visible-145-2894206197340572,visible,145,水帘洞_6,2894206197340572,法术蛤蟆,monstermap/magicpanda.swf,17,术士,510,490,130,121,,,,,0,0,法术普通攻击,magic,1,4,,"local half-defense full rerun: strict normal half-defense n=1, resolved p50=120.500; baseline attack=116; local policy, not an original-server Attack claim"
visible-145-2896206197341225,visible,145,水帘洞_6,2896206197341225,法术蛤蟆,monstermap/magicpanda.swf,17,术士,510,490,130,121,,,,,0,0,法术普通攻击,magic,1,4,,"local half-defense full rerun: strict normal half-defense n=1, resolved p50=120.500; baseline attack=116; local policy, not an original-server Attack claim"
visible-145-2898206197342379,visible,145,水帘洞_6,2898206197342379,剑术蛤蟆,monstermap/swordpanda.swf,18,战士,650,280,130,150,,,,,0,0,普通攻击,physical,1,4,,"local half-defense full rerun: strict normal half-defense n=3, resolved p50=150.000; baseline attack=145; local policy, not an original-server Attack claim"
visible-145-2900206197343711,visible,145,水帘洞_6,2900206197343711,剑术蛤蟆,monstermap/swordpanda.swf,18,战士,650,280,130,150,,,,,0,0,普通攻击,physical,1,4,,"local half-defense full rerun: strict normal half-defense n=3, resolved p50=150.000; baseline attack=145; local policy, not an original-server Attack claim"
visible-146-6887685480585492,visible,146,黄风寨_1,6887685480585492,蛮族刀客,monstermap/barbarianweapons.swf,12,战士,520,214,130,156,,,,,0,0,普通攻击,physical,1,4,,"local half-defense full rerun: strict normal half-defense n=1, resolved p50=156.000; baseline attack=151; local policy, not an original-server Attack claim; player fire unit-roll magic defense p50=0, n=6; local policy, not an original-server Defense claim"
visible-146-6889685480586263,visible,146,黄风寨_1,6889685480586263,蛮族刀客,monstermap/barbarianweapons.swf,12,战士,520,214,130,156,,,,,0,0,普通攻击,physical,1,4,,"local half-defense full rerun: strict normal half-defense n=1, resolved p50=156.000; baseline attack=151; local policy, not an original-server Attack claim; player fire unit-roll magic defense p50=0, n=6; local policy, not an original-server Defense claim"
visible-146-6891685480586720,visible,146,黄风寨_1,6891685480586720,蛮族刀客,monstermap/barbarianweapons.swf,12,战士,520,214,130,156,,,,,0,0,普通攻击,physical,1,4,,"local half-defense full rerun: strict normal half-defense n=1, resolved p50=156.000; baseline attack=151; local policy, not an original-server Attack claim; player fire unit-roll magic defense p50=0, n=6; local policy, not an original-server Defense claim"
visible-146-6893685480587444,visible,146,黄风寨_1,6893685480587444,蛮族刀客,monstermap/barbarianweapons.swf,12,战士,520,214,130,156,,,,,0,0,普通攻击,physical,1,4,,"local half-defense full rerun: strict normal half-defense n=1, resolved p50=156.000; baseline attack=151; local policy, not an original-server Attack claim; player fire unit-roll magic defense p50=0, n=6; local policy, not an original-server Defense claim"
visible-147-7633284548716137,visible,147,黄风寨_2,7633284548716137,蛮族刀客,monstermap/barbarianweapons.swf,12,战士,520,214,130,136,,,,,0,0,普通攻击,physical,1,4,,"local half-defense full rerun: strict normal half-defense n=3, resolved p50=135.500; baseline attack=131; local policy, not an original-server Attack claim; player fire unit-roll magic defense p50=0, n=7; local policy, not an original-server Defense claim"
visible-147-7635284548716728,visible,147,黄风寨_2,7635284548716728,蛮族刀客,monstermap/barbarianweapons.swf,12,战士,520,214,130,136,,,,,0,0,普通攻击,physical,1,4,,"local half-defense full rerun: strict normal half-defense n=3, resolved p50=135.500; baseline attack=131; local policy, not an original-server Attack claim; player fire unit-roll magic defense p50=0, n=7; local policy, not an original-server Defense claim"
visible-147-7637284548717286,visible,147,黄风寨_2,7637284548717286,蛮族刀客,monstermap/barbarianweapons.swf,12,战士,520,214,130,136,,,,,0,0,普通攻击,physical,1,4,,"local half-defense full rerun: strict normal half-defense n=3, resolved p50=135.500; baseline attack=131; local policy, not an original-server Attack claim; player fire unit-roll magic defense p50=0, n=7; local policy, not an original-server Defense claim"
visible-147-7639284548717945,visible,147,黄风寨_2,7639284548717945,蛮族刀客,monstermap/barbarianweapons.swf,12,战士,520,214,130,136,,,,,0,0,普通攻击,physical,1,4,,"local half-defense full rerun: strict normal half-defense n=3, resolved p50=135.500; baseline attack=131; local policy, not an original-server Attack claim; player fire unit-roll magic defense p50=0, n=7; local policy, not an original-server Defense claim"
visible-148-1060685893848234,visible,148,黄风寨_3,1060685893848234,蛮族刀客,monstermap/barbarianweapons.swf,14,战士,550,280,130,155,,,,,0,11,普通攻击,physical,1,4,,"local half-defense full rerun: strict normal half-defense n=6, resolved p50=154.500; baseline attack=149; local policy, not an original-server Attack claim; player normal unit-roll defense p50=0, n=5; local policy, not an original-server Defense claim; player fire unit-roll magic defense p50=11, n=6; local policy, not an original-server Defense claim"
visible-148-1062685893848980,visible,148,黄风寨_3,1062685893848980,蛮族刀客,monstermap/barbarianweapons.swf,14,战士,550,280,130,155,,,,,0,11,普通攻击,physical,1,4,,"local half-defense full rerun: strict normal half-defense n=6, resolved p50=154.500; baseline attack=149; local policy, not an original-server Attack claim; player normal unit-roll defense p50=0, n=5; local policy, not an original-server Defense claim; player fire unit-roll magic defense p50=11, n=6; local policy, not an original-server Defense claim"
visible-148-1064685893849658,visible,148,黄风寨_3,1064685893849658,蛮族刀客,monstermap/barbarianweapons.swf,13,战士,530,224,130,143,,,,,0,0,普通攻击,physical,1,4,,"local half-defense full rerun: strict normal half-defense n=4, resolved p50=142.500; baseline attack=138; local policy, not an original-server Attack claim"
visible-148-1066685893850755,visible,148,黄风寨_3,1066685893850755,蛮族刀客,monstermap/barbarianweapons.swf,13,战士,530,224,130,143,,,,,0,0,普通攻击,physical,1,4,,"local half-defense full rerun: strict normal half-defense n=4, resolved p50=142.500; baseline attack=138; local policy, not an original-server Attack claim"
visible-148-1068685893850410,visible,148,黄风寨_3,1068685893850410,蛮族刀客,monstermap/barbarianweapons.swf,14,战士,550,280,130,155,,,,,0,11,普通攻击,physical,1,4,,"local half-defense full rerun: strict normal half-defense n=6, resolved p50=154.500; baseline attack=149; local policy, not an original-server Attack claim; player normal unit-roll defense p50=0, n=5; local policy, not an original-server Defense claim; player fire unit-roll magic defense p50=11, n=6; local policy, not an original-server Defense claim"
visible-148-1070685893851339,visible,148,黄风寨_3,1070685893851339,蛮族刀客,monstermap/barbarianweapons.swf,14,战士,550,280,130,155,,,,,0,11,普通攻击,physical,1,4,,"local half-defense full rerun: strict normal half-defense n=6, resolved p50=154.500; baseline attack=149; local policy, not an original-server Attack claim; player normal unit-roll defense p50=0, n=5; local policy, not an original-server Defense claim; player fire unit-roll magic defense p50=11, n=6; local policy, not an original-server Defense claim"
visible-149-3206685759634939,visible,149,黄风寨_4,3206685759634939,蛮族刀客,monstermap/barbarianweapons.swf,14,战士,550,280,130,120,,,,,0,0,普通攻击,physical,1,4,,"local half-defense full rerun: strict normal half-defense n=3, resolved p50=119.500; baseline attack=115; local policy, not an original-server Attack claim"
visible-149-3208685759635236,visible,149,黄风寨_4,3208685759635236,蛮族刀客,monstermap/barbarianweapons.swf,14,战士,550,280,130,120,,,,,0,0,普通攻击,physical,1,4,,"local half-defense full rerun: strict normal half-defense n=3, resolved p50=119.500; baseline attack=115; local policy, not an original-server Attack claim"
visible-149-3210685759635176,visible,149,黄风寨_4,3210685759635176,蛮族刀客,monstermap/barbarianweapons.swf,14,战士,550,280,130,120,,,,,0,0,普通攻击,physical,1,4,,"local half-defense full rerun: strict normal half-defense n=3, resolved p50=119.500; baseline attack=115; local policy, not an original-server Attack claim"
visible-149-3212685759636247,visible,149,黄风寨_4,3212685759636247,蛮族刀客,monstermap/barbarianweapons.swf,14,战士,550,280,130,120,,,,,0,0,普通攻击,physical,1,4,,"local half-defense full rerun: strict normal half-defense n=3, resolved p50=119.500; baseline attack=115; local policy, not an original-server Attack claim"
visible-149-3214685759637760,visible,149,黄风寨_4,3214685759637760,蛮族弓手,monstermap/barbarianbowman.swf,15,游侠,530,364,130,174,,,,,0,0,普通攻击,physical,1,4,,"local half-defense full rerun: strict normal half-defense n=1, resolved p50=174.000; baseline attack=168; local policy, not an original-server Attack claim; player fire unit-roll magic defense p50=0, n=6; local policy, not an original-server Defense claim"
visible-149-3216685759637116,visible,149,黄风寨_4,3216685759637116,蛮族弓手,monstermap/barbarianbowman.swf,15,游侠,530,364,130,174,,,,,0,0,普通攻击,physical,1,4,,"local half-defense full rerun: strict normal half-defense n=1, resolved p50=174.000; baseline attack=168; local policy, not an original-server Attack claim; player fire unit-roll magic defense p50=0, n=6; local policy, not an original-server Defense claim"
visible-149-3218685759638239,visible,149,黄风寨_4,3218685759638239,黄风二寨主,monstermap/hfscastellan.swf,19,战士++,1200,564,130,166,,,,,0,0,普通攻击,physical,1,4,3220685759639165;3218685759638239,"local half-defense full rerun: same defense type inherited ratio from visible-75-8110675527789273;visible-75-8130675527791587;visible-75-8170675527794372;visible-75-8190675527795636;visible-76-1038675671970511; baseline attack=160; local policy, not an original-server Attack claim"
visible-149-3220685759639165,visible,149,黄风寨_4,3220685759639165,蛮族弓手,monstermap/barbarianbowman.swf,15,游侠,530,364,130,174,,,,,0,0,普通攻击,physical,1,4,3220685759639165;3218685759638239,"local half-defense full rerun: strict normal half-defense n=1, resolved p50=174.000; baseline attack=168; local policy, not an original-server Attack claim; player fire unit-roll magic defense p50=0, n=6; local policy, not an original-server Defense claim"
visible-150-7626685662869779,visible,150,黄风寨_5,7626685662869779,蛮族弓手,monstermap/barbarianbowman.swf,15,游侠,530,364,130,132,,,,,0,0,普通攻击,physical,1,4,7628685662869126;7626685662869779;7632685662871580,"local half-defense full rerun: strict normal half-defense n=1, resolved p50=132.000; baseline attack=128; local policy, not an original-server Attack claim"
visible-150-7628685662869126,visible,150,黄风寨_5,7628685662869126,蛮族弓手,monstermap/barbarianbowman.swf,15,游侠,530,364,130,132,,,,,0,0,普通攻击,physical,1,4,7628685662869126;7626685662869779;7632685662871580,"local half-defense full rerun: strict normal half-defense n=1, resolved p50=132.000; baseline attack=128; local policy, not an original-server Attack claim"
visible-150-7630685662870286,visible,150,黄风寨_5,7630685662870286,蛮族战士,monstermap/barbarianfighter.swf,16,战士,600,250,130,175,,,,,0,0,普通攻击,physical,1,4,,"local half-defense full rerun: strict normal half-defense n=1, resolved p50=175.000; baseline attack=169; local policy, not an original-server Attack claim"
visible-150-7632685662871580,visible,150,黄风寨_5,7632685662871580,蛮族战士,monstermap/barbarianfighter.swf,16,战士,600,250,130,175,,,,,0,0,普通攻击,physical,1,4,7628685662869126;7626685662869779;7632685662871580,"local half-defense full rerun: strict normal half-defense n=1, resolved p50=175.000; baseline attack=169; local policy, not an original-server Attack claim"
visible-150-7634685662872533,visible,150,黄风寨_5,7634685662872533,蛮族战士,monstermap/barbarianfighter.swf,16,战士,600,250,130,175,,,,,0,0,普通攻击,physical,1,4,,"local half-defense full rerun: strict normal half-defense n=1, resolved p50=175.000; baseline attack=169; local policy, not an original-server Attack claim"
visible-150-7636685662872653,visible,150,黄风寨_5,7636685662872653,蛮族战士,monstermap/barbarianfighter.swf,16,战士,600,250,130,175,,,,,0,0,普通攻击,physical,1,4,,"local half-defense full rerun: strict normal half-defense n=1, resolved p50=175.000; baseline attack=169; local policy, not an original-server Attack claim"
visible-151-3479685591196972,visible,151,黄风寨_6,3479685591196972,蛮族刀客,monstermap/barbarianweapons.swf,14,战士,550,280,130,155,,,,,0,0,普通攻击,physical,1,4,,"local half-defense full rerun: same monster family inherited ratio from visible-148-1060685893848234;visible-148-1062685893848980;visible-148-1068685893850410;visible-148-1070685893851339;visible-149-3206685759634939; baseline attack=149; local policy, not an original-server Attack claim"
visible-151-3481685591197274,visible,151,黄风寨_6,3481685591197274,蛮族刀客,monstermap/barbarianweapons.swf,14,战士,550,280,130,155,,,,,0,0,普通攻击,physical,1,4,,"local half-defense full rerun: same monster family inherited ratio from visible-148-1060685893848234;visible-148-1062685893848980;visible-148-1068685893850410;visible-148-1070685893851339;visible-149-3206685759634939; baseline attack=149; local policy, not an original-server Attack claim"
visible-151-3483685591198699,visible,151,黄风寨_6,3483685591198699,蛮族弓手,monstermap/barbarianbowman.swf,15,游侠,530,364,130,174,,,,,0,0,普通攻击,physical,1,4,,"local half-defense full rerun: same monster family inherited ratio from visible-149-3214685759637760;visible-149-3216685759637116;visible-149-3220685759639165;visible-150-7626685662869779;visible-150-7628685662869126; baseline attack=168; local policy, not an original-server Attack claim"
visible-151-3485685591198493,visible,151,黄风寨_6,3485685591198493,蛮族弓手,monstermap/barbarianbowman.swf,15,游侠,530,364,130,174,,,,,0,0,普通攻击,physical,1,4,,"local half-defense full rerun: same monster family inherited ratio from visible-149-3214685759637760;visible-149-3216685759637116;visible-149-3220685759639165;visible-150-7626685662869779;visible-150-7628685662869126; baseline attack=168; local policy, not an original-server Attack claim"
visible-152-2200685534047114,visible,152,黄风寨_7,2200685534047114,蛮族刀客,monstermap/barbarianweapons.swf,14,战士,550,280,130,155,,,,,0,0,普通攻击,physical,1,4,,"local half-defense full rerun: same monster family inherited ratio from visible-148-1060685893848234;visible-148-1062685893848980;visible-148-1068685893850410;visible-148-1070685893851339;visible-149-3206685759634939; baseline attack=149; local policy, not an original-server Attack claim"
visible-152-2400685534048391,visible,152,黄风寨_7,2400685534048391,蛮族刀客,monstermap/barbarianweapons.swf,14,战士,550,280,130,155,,,,,0,0,普通攻击,physical,1,4,,"local half-defense full rerun: same monster family inherited ratio from visible-148-1060685893848234;visible-148-1062685893848980;visible-148-1068685893850410;visible-148-1070685893851339;visible-149-3206685759634939; baseline attack=149; local policy, not an original-server Attack claim"
visible-152-2600685534049446,visible,152,黄风寨_7,2600685534049446,蛮族刀客,monstermap/barbarianweapons.swf,14,战士,550,280,130,155,,,,,0,0,普通攻击,physical,1,4,2600685534049446;3000685534050820;2800685534050729,"local half-defense full rerun: same monster family inherited ratio from visible-148-1060685893848234;visible-148-1062685893848980;visible-148-1068685893850410;visible-148-1070685893851339;visible-149-3206685759634939; baseline attack=149; local policy, not an original-server Attack claim"
visible-152-2800685534050729,visible,152,黄风寨_7,2800685534050729,蛮族弓手,monstermap/barbarianbowman.swf,15,游侠,530,364,130,174,,,,,0,0,普通攻击,physical,1,4,2600685534049446;3000685534050820;2800685534050729,"local half-defense full rerun: same monster family inherited ratio from visible-149-3214685759637760;visible-149-3216685759637116;visible-149-3220685759639165;visible-150-7626685662869779;visible-150-7628685662869126; baseline attack=168; local policy, not an original-server Attack claim"
visible-152-3000685534050820,visible,152,黄风寨_7,3000685534050820,蛮族弓手,monstermap/barbarianbowman.swf,15,游侠,530,364,130,174,,,,,0,0,普通攻击,physical,1,4,2600685534049446;3000685534050820;2800685534050729,"local half-defense full rerun: same monster family inherited ratio from visible-149-3214685759637760;visible-149-3216685759637116;visible-149-3220685759639165;visible-150-7626685662869779;visible-150-7628685662869126; baseline attack=168; local policy, not an original-server Attack claim"
visible-153-7486686002236449,visible,153,黄风寨_8,7486686002236449,蛮族弓手,monstermap/barbarianbowman.swf,16,游侠,560,360,130,149,,,,,0,0,普通攻击,physical,1,4,7486686002236449;7488686002237979,"local half-defense full rerun: strict normal half-defense n=4, resolved p50=149.000; baseline attack=144; local policy, not an original-server Attack claim; player fire unit-roll magic defense p50=0, n=8; local policy, not an original-server Defense claim"
visible-153-7488686002237979,visible,153,黄风寨_8,7488686002237979,蛮族弓手,monstermap/barbarianbowman.swf,16,游侠,560,360,130,149,,,,,0,0,普通攻击,physical,1,4,7486686002236449;7488686002237979,"local half-defense full rerun: strict normal half-defense n=4, resolved p50=149.000; baseline attack=144; local policy, not an original-server Attack claim; player fire unit-roll magic defense p50=0, n=8; local policy, not an original-server Defense claim"
visible-153-7490686002238200,visible,153,黄风寨_8,7490686002238200,蛮族弓手,monstermap/barbarianbowman.swf,16,游侠,560,360,130,149,,,,,0,0,普通攻击,physical,1,4,7490686002238200;7492686002238537,"local half-defense full rerun: strict normal half-defense n=4, resolved p50=149.000; baseline attack=144; local policy, not an original-server Attack claim; player fire unit-roll magic defense p50=0, n=8; local policy, not an original-server Defense claim"
visible-153-7492686002238537,visible,153,黄风寨_8,7492686002238537,蛮族弓手,monstermap/barbarianbowman.swf,16,游侠,560,360,130,149,,,,,0,0,普通攻击,physical,1,4,7490686002238200;7492686002238537,"local half-defense full rerun: strict normal half-defense n=4, resolved p50=149.000; baseline attack=144; local policy, not an original-server Attack claim; player fire unit-roll magic defense p50=0, n=8; local policy, not an original-server Defense claim"
visible-153-7494686002239485,visible,153,黄风寨_8,7494686002239485,咒巫师,monstermap/incantationshaman.swf,16,术士,500,550,130,208,,,,,0,0,法术普通攻击,magic,1,4,,"local half-defense full rerun: strict normal half-defense n=2, resolved p50=207.500; baseline attack=200; local policy, not an original-server Attack claim"
visible-153-7496686002240421,visible,153,黄风寨_8,7496686002240421,咒巫师,monstermap/incantationshaman.swf,16,术士,500,550,130,208,,,,,0,0,法术普通攻击,magic,1,4,,"local half-defense full rerun: strict normal half-defense n=2, resolved p50=207.500; baseline attack=200; local policy, not an original-server Attack claim"
visible-154-4401686309555513,visible,154,黄风寨_9,4401686309555513,蛮族战士,monstermap/barbarianfighter.swf,18,战士,630,280,130,190,,,,,0,0,普通攻击,physical,1,4,4401686309555513;4403686309556739,"local half-defense full rerun: strict normal half-defense n=1, resolved p50=189.500; baseline attack=183; local policy, not an original-server Attack claim; player fire unit-roll magic defense p50=0, n=13; local policy, not an original-server Defense claim"
visible-154-4403686309556739,visible,154,黄风寨_9,4403686309556739,蛮族战士,monstermap/barbarianfighter.swf,18,战士,630,280,130,190,,,,,0,0,普通攻击,physical,1,4,4401686309555513;4403686309556739,"local half-defense full rerun: strict normal half-defense n=1, resolved p50=189.500; baseline attack=183; local policy, not an original-server Attack claim; player fire unit-roll magic defense p50=0, n=13; local policy, not an original-server Defense claim"
visible-154-4405686309557261,visible,154,黄风寨_9,4405686309557261,蛮族战士,monstermap/barbarianfighter.swf,18,战士,630,280,130,190,,,,,0,0,普通攻击,physical,1,4,4405686309557261;4407686309558215,"local half-defense full rerun: strict normal half-defense n=1, resolved p50=189.500; baseline attack=183; local policy, not an original-server Attack claim; player fire unit-roll magic defense p50=0, n=13; local policy, not an original-server Defense claim"
visible-154-4407686309558215,visible,154,黄风寨_9,4407686309558215,蛮族战士,monstermap/barbarianfighter.swf,18,战士,630,280,130,190,,,,,0,0,普通攻击,physical,1,4,4405686309557261;4407686309558215,"local half-defense full rerun: strict normal half-defense n=1, resolved p50=189.500; baseline attack=183; local policy, not an original-server Attack claim; player fire unit-roll magic defense p50=0, n=13; local policy, not an original-server Defense claim"
visible-154-4409686309558350,visible,154,黄风寨_9,4409686309558350,蛮族弓手,monstermap/barbarianbowman.swf,17,游侠,547,350,130,129,,,,,0,4,普通攻击,physical,1,4,4409686309558350;4411686309559260,"local half-defense full rerun: same monster family inherited ratio from visible-156-1810686076568601;visible-156-1812686076568276;visible-156-1814686076569307;visible-156-1816686076570599;visible-157-7597686175728336; baseline attack=125; local policy, not an original-server Attack claim; player fire unit-roll magic defense p50=4, n=8; local policy, not an original-server Defense claim"
visible-154-4411686309559260,visible,154,黄风寨_9,4411686309559260,蛮族弓手,monstermap/barbarianbowman.swf,17,游侠,547,350,130,129,,,,,0,4,普通攻击,physical,1,4,4409686309558350;4411686309559260,"local half-defense full rerun: same monster family inherited ratio from visible-156-1810686076568601;visible-156-1812686076568276;visible-156-1814686076569307;visible-156-1816686076570599;visible-157-7597686175728336; baseline attack=125; local policy, not an original-server Attack claim; player fire unit-roll magic defense p50=4, n=8; local policy, not an original-server Defense claim"
visible-155-1800686416053680,visible,155,黄风寨_10,1800686416053680,蛮族战士,monstermap/barbarianfighter.swf,18,战士,630,280,130,140,,,,,0,0,普通攻击,physical,1,4,1800686416053680;2000686416054570,"local half-defense full rerun: strict normal half-defense n=6, resolved p50=140.250; baseline attack=136; local policy, not an original-server Attack claim; player fire unit-roll magic defense p50=0, n=15; local policy, not an original-server Defense claim"
visible-155-2000686416054570,visible,155,黄风寨_10,2000686416054570,蛮族战士,monstermap/barbarianfighter.swf,18,战士,630,280,130,140,,,,,0,0,普通攻击,physical,1,4,1800686416053680;2000686416054570,"local half-defense full rerun: strict normal half-defense n=6, resolved p50=140.250; baseline attack=136; local policy, not an original-server Attack claim; player fire unit-roll magic defense p50=0, n=15; local policy, not an original-server Defense claim"
visible-155-2200686416054601,visible,155,黄风寨_10,2200686416054601,蛮族战士,monstermap/barbarianfighter.swf,18,战士,630,280,130,140,,,,,0,0,普通攻击,physical,1,4,2200686416054601;2400686416055777,"local half-defense full rerun: strict normal half-defense n=6, resolved p50=140.250; baseline attack=136; local policy, not an original-server Attack claim; player fire unit-roll magic defense p50=0, n=15; local policy, not an original-server Defense claim"
visible-155-2400686416055777,visible,155,黄风寨_10,2400686416055777,蛮族战士,monstermap/barbarianfighter.swf,18,战士,630,280,130,140,,,,,0,0,普通攻击,physical,1,4,2200686416054601;2400686416055777,"local half-defense full rerun: strict normal half-defense n=6, resolved p50=140.250; baseline attack=136; local policy, not an original-server Attack claim; player fire unit-roll magic defense p50=0, n=15; local policy, not an original-server Defense claim"
visible-155-2600686416056495,visible,155,黄风寨_10,2600686416056495,黄风大寨主,monstermap/hfcastellan.swf,20,战士++,1500,564,130,182,,,,,0,0,普通攻击,physical,1,4,2800686416057704;2600686416056495,"local half-defense full rerun: same defense type inherited ratio from wild-56-1879687900196574;wild-51-bigswordwolf-lv21;wild-52-1478600550966619;visible-75-8110675527789273;visible-75-8130675527791587; baseline attack=176; local policy, not an original-server Attack claim"
visible-155-2800686416057704,visible,155,黄风寨_10,2800686416057704,黄风寨夫人,monstermap/hflady.swf,20,游侠++,1200,704,130,168,,,,,0,0,普通攻击,physical,1,4,2800686416057704;2600686416056495,"local half-defense full rerun: same defense type inherited ratio from wild-56-1879687900196574;wild-51-bigswordwolf-lv21;wild-52-1478600550966619;visible-75-8110675527789273;visible-75-8130675527791587; baseline attack=162; local policy, not an original-server Attack claim"
visible-156-1810686076568601,visible,156,黄风寨_11,1810686076568601,蛮族弓手,monstermap/barbarianbowman.swf,17,游侠,600,360,130,129,,,,,0,0,普通攻击,physical,1,4,1810686076568601;1812686076568276,"local half-defense full rerun: strict normal half-defense n=9, resolved p50=129.000; baseline attack=125; local policy, not an original-server Attack claim"
visible-156-1812686076568276,visible,156,黄风寨_11,1812686076568276,蛮族弓手,monstermap/barbarianbowman.swf,17,游侠,600,360,130,129,,,,,0,0,普通攻击,physical,1,4,1810686076568601;1812686076568276,"local half-defense full rerun: strict normal half-defense n=9, resolved p50=129.000; baseline attack=125; local policy, not an original-server Attack claim"
visible-156-1814686076569307,visible,156,黄风寨_11,1814686076569307,蛮族弓手,monstermap/barbarianbowman.swf,17,游侠,600,360,130,129,,,,,0,0,普通攻击,physical,1,4,1814686076569307;1816686076570599,"local half-defense full rerun: strict normal half-defense n=9, resolved p50=129.000; baseline attack=125; local policy, not an original-server Attack claim"
visible-156-1816686076570599,visible,156,黄风寨_11,1816686076570599,蛮族弓手,monstermap/barbarianbowman.swf,17,游侠,600,360,130,129,,,,,0,0,普通攻击,physical,1,4,1814686076569307;1816686076570599,"local half-defense full rerun: strict normal half-defense n=9, resolved p50=129.000; baseline attack=125; local policy, not an original-server Attack claim"
visible-156-1818686076571461,visible,156,黄风寨_11,1818686076571461,咒巫师,monstermap/incantationshaman.swf,17,术士,550,550,130,213,,,,,0,0,法术普通攻击,magic,1,4,,"local half-defense full rerun: strict normal half-defense n=2, resolved p50=212.500; baseline attack=205; local policy, not an original-server Attack claim"
visible-156-1820686076572431,visible,156,黄风寨_11,1820686076572431,咒巫师,monstermap/incantationshaman.swf,17,术士,550,550,130,213,,,,,0,0,法术普通攻击,magic,1,4,,"local half-defense full rerun: strict normal half-defense n=2, resolved p50=212.500; baseline attack=205; local policy, not an original-server Attack claim"
visible-156-1822686076573189,visible,156,黄风寨_11,1822686076573189,咒巫师,monstermap/incantationshaman.swf,17,术士,550,550,130,213,,,,,0,0,法术普通攻击,magic,1,4,,"local half-defense full rerun: strict normal half-defense n=2, resolved p50=212.500; baseline attack=205; local policy, not an original-server Attack claim"
visible-157-7597686175728336,visible,157,黄风寨_12,7597686175728336,蛮族弓手,monstermap/barbarianbowman.swf,17,游侠,600,360,130,184,,,,,0,0,普通攻击,physical,1,4,7597686175728336;7599686175728881,"local half-defense full rerun: strict normal half-defense n=2, resolved p50=183.750; baseline attack=178; local policy, not an original-server Attack claim"
visible-157-7599686175728881,visible,157,黄风寨_12,7599686175728881,蛮族弓手,monstermap/barbarianbowman.swf,17,游侠,600,360,130,184,,,,,0,0,普通攻击,physical,1,4,7597686175728336;7599686175728881,"local half-defense full rerun: strict normal half-defense n=2, resolved p50=183.750; baseline attack=178; local policy, not an original-server Attack claim"
visible-157-7601686175729343,visible,157,黄风寨_12,7601686175729343,咒巫师,monstermap/incantationshaman.swf,17,术士,550,550,130,212,,,,,0,0,法术普通攻击,magic,1,4,7601686175729343;7603686175731981,"local half-defense full rerun: strict normal half-defense n=1, resolved p50=211.500; baseline attack=204; local policy, not an original-server Attack claim"
visible-157-7603686175731981,visible,157,黄风寨_12,7603686175731981,咒巫师,monstermap/incantationshaman.swf,17,术士,550,550,130,212,,,,,0,0,法术普通攻击,magic,1,4,7601686175729343;7603686175731981,"local half-defense full rerun: strict normal half-defense n=1, resolved p50=211.500; baseline attack=204; local policy, not an original-server Attack claim"
visible-157-7605686175731943,visible,157,黄风寨_12,7605686175731943,蛮族战士,monstermap/barbarianfighter.swf,18,战士,630,280,130,164,,,,,0,0,普通攻击,physical,1,4,7605686175731943;7607686175732966,"local half-defense full rerun: strict normal half-defense n=2, resolved p50=163.500; baseline attack=158; local policy, not an original-server Attack claim"
visible-157-7607686175732966,visible,157,黄风寨_12,7607686175732966,蛮族战士,monstermap/barbarianfighter.swf,18,战士,630,280,130,164,,,,,0,0,普通攻击,physical,1,4,7605686175731943;7607686175732966,"local half-defense full rerun: strict normal half-defense n=2, resolved p50=163.500; baseline attack=158; local policy, not an original-server Attack claim"
visible-64-8216674186649650,visible,64,飞仙洞_1,8216674186649650,蓝咒石怪,monstermap/bluemagicrock.swf,12,战士,560,214,130,148,,,,,0,0,普通攻击,physical,1,4,,"local half-defense full rerun: strict normal half-defense n=1, resolved p50=147.500; baseline attack=143; local policy, not an original-server Attack claim"
visible-64-8218674186650741,visible,64,飞仙洞_1,8218674186650741,蓝咒石怪,monstermap/bluemagicrock.swf,12,战士,560,214,130,148,,,,,0,0,普通攻击,physical,1,4,,"local half-defense full rerun: strict normal half-defense n=1, resolved p50=147.500; baseline attack=143; local policy, not an original-server Attack claim"
visible-65-4710674219611654,visible,65,飞仙洞_2,4710674219611654,蓝咒石怪,monstermap/bluemagicrock.swf,12,战士,560,214,130,125,,,,,0,0,普通攻击,physical,1,4,,"local half-defense full rerun: strict normal half-defense n=1, resolved p50=124.500; baseline attack=120; local policy, not an original-server Attack claim"
visible-65-4730674219612608,visible,65,飞仙洞_2,4730674219612608,蓝咒石怪,monstermap/bluemagicrock.swf,12,战士,560,214,130,125,,,,,0,0,普通攻击,physical,1,4,,"local half-defense full rerun: strict normal half-defense n=1, resolved p50=124.500; baseline attack=120; local policy, not an original-server Attack claim"
visible-66-2579674249044327,visible,66,飞仙洞_3,2579674249044327,蓝咒石怪,monstermap/bluemagicrock.swf,13,战士,573,224,130,147,,,,,0,0,普通攻击,physical,1,4,,"local half-defense full rerun: strict normal half-defense n=1, resolved p50=146.500; baseline attack=142; local policy, not an original-server Attack claim"
visible-66-2581674249044878,visible,66,飞仙洞_3,2581674249044878,蓝咒石怪,monstermap/bluemagicrock.swf,13,战士,573,224,130,147,,,,,0,0,普通攻击,physical,1,4,,"local half-defense full rerun: strict normal half-defense n=1, resolved p50=146.500; baseline attack=142; local policy, not an original-server Attack claim"
visible-66-2583674249045842,visible,66,飞仙洞_3,2583674249045842,蓝咒石怪,monstermap/bluemagicrock.swf,14,战士,586,294,130,147,,,,,0,0,普通攻击,physical,1,4,,"local half-defense full rerun: same monster family inherited ratio from visible-66-2579674249044327;visible-66-2581674249044878;visible-64-8216674186649650;visible-64-8218674186650741;visible-65-4710674219611654; baseline attack=142; local policy, not an original-server Attack claim"
visible-67-5375674287331644,visible,67,飞仙洞_4,5375674287331644,白咒石怪,monstermap/baimagicrock.swf,15,战士,632,320,130,187,,,,,0,0,普通攻击,physical,1,4,,"local half-defense full rerun: same vocation inherited ratio from visible-150-7630685662870286;visible-150-7632685662871580;visible-150-7634685662872533;visible-150-7636685662872653;visible-148-1060685893848234; baseline attack=181; local policy, not an original-server Attack claim"
visible-67-5377674287332736,visible,67,飞仙洞_4,5377674287332736,蓝咒石怪,monstermap/bluemagicrock.swf,14,战士,586,294,130,147,,,,,0,0,普通攻击,physical,1,4,,"local half-defense full rerun: same monster family inherited ratio from visible-66-2579674249044327;visible-66-2581674249044878;visible-64-8216674186649650;visible-64-8218674186650741;visible-65-4710674219611654; baseline attack=142; local policy, not an original-server Attack claim"
visible-67-5379674287333653,visible,67,飞仙洞_4,5379674287333653,蓝咒石怪,monstermap/bluemagicrock.swf,14,战士,586,294,130,147,,,,,0,0,普通攻击,physical,1,4,,"local half-defense full rerun: same monster family inherited ratio from visible-66-2579674249044327;visible-66-2581674249044878;visible-64-8216674186649650;visible-64-8218674186650741;visible-65-4710674219611654; baseline attack=142; local policy, not an original-server Attack claim"
visible-68-1509674533823464,visible,68,飞仙洞_5,1509674533823464,白咒石怪,monstermap/baimagicrock.swf,15,战士,632,320,130,187,,,,,0,0,普通攻击,physical,1,4,,"local half-defense full rerun: same vocation inherited ratio from visible-150-7630685662870286;visible-150-7632685662871580;visible-150-7634685662872533;visible-150-7636685662872653;visible-148-1060685893848234; baseline attack=181; local policy, not an original-server Attack claim"
visible-68-1511674533825915,visible,68,飞仙洞_5,1511674533825915,白咒石怪,monstermap/baimagicrock.swf,15,战士,632,320,130,187,,,,,0,0,普通攻击,physical,1,4,,"local half-defense full rerun: same vocation inherited ratio from visible-150-7630685662870286;visible-150-7632685662871580;visible-150-7634685662872533;visible-150-7636685662872653;visible-148-1060685893848234; baseline attack=181; local policy, not an original-server Attack claim"
visible-68-1513674533826981,visible,68,飞仙洞_5,1513674533826981,白咒石怪,monstermap/baimagicrock.swf,15,战士,632,320,130,187,,,,,0,0,普通攻击,physical,1,4,,"local half-defense full rerun: same vocation inherited ratio from visible-150-7630685662870286;visible-150-7632685662871580;visible-150-7634685662872533;visible-150-7636685662872653;visible-148-1060685893848234; baseline attack=181; local policy, not an original-server Attack claim"
visible-68-1515674533827497,visible,68,飞仙洞_5,1515674533827497,白咒石怪,monstermap/baimagicrock.swf,15,战士,632,320,130,187,,,,,0,0,普通攻击,physical,1,4,,"local half-defense full rerun: same vocation inherited ratio from visible-150-7630685662870286;visible-150-7632685662871580;visible-150-7634685662872533;visible-150-7636685662872653;visible-148-1060685893848234; baseline attack=181; local policy, not an original-server Attack claim"
visible-69-4255674575781235,visible,69,飞仙洞_6,4255674575781235,白咒石怪,monstermap/baimagicrock.swf,16,游侠,570,364,130,157,,,,,0,0,普通攻击,physical,1,4,4261674575785819;4255674575781235,"local half-defense full rerun: same monster family inherited ratio from visible-74-9031674933909671;visible-74-9033674933911913; baseline attack=151; local policy, not an original-server Attack claim"
visible-69-4257674575782978,visible,69,飞仙洞_6,4257674575782978,白咒石怪,monstermap/baimagicrock.swf,16,游侠,570,364,130,157,,,,,0,0,普通攻击,physical,1,4,,"local half-defense full rerun: same monster family inherited ratio from visible-74-9031674933909671;visible-74-9033674933911913; baseline attack=151; local policy, not an original-server Attack claim"
visible-69-4259674575784252,visible,69,飞仙洞_6,4259674575784252,白咒石怪,monstermap/baimagicrock.swf,16,战士,745,274,130,208,,,,,0,0,普通攻击,physical,1,4,,"local half-defense full rerun: same vocation inherited ratio from visible-150-7630685662870286;visible-150-7632685662871580;visible-150-7634685662872533;visible-150-7636685662872653;wild-50-3720596218402838; baseline attack=201; local policy, not an original-server Attack claim"
visible-69-4261674575785819,visible,69,飞仙洞_6,4261674575785819,白咒石怪,monstermap/baimagicrock.swf,16,战士,745,274,130,208,,,,,0,0,普通攻击,physical,1,4,4261674575785819;4255674575781235,"local half-defense full rerun: same vocation inherited ratio from visible-150-7630685662870286;visible-150-7632685662871580;visible-150-7634685662872533;visible-150-7636685662872653;wild-50-3720596218402838; baseline attack=201; local policy, not an original-server Attack claim"
visible-71-1183674677329555,visible,71,飞仙洞_8,1183674677329555,白咒石怪,monstermap/baimagicrock.swf,16,游侠,570,364,130,157,,,,,0,0,普通攻击,physical,1,4,,"local half-defense full rerun: same monster family inherited ratio from visible-74-9031674933909671;visible-74-9033674933911913; baseline attack=151; local policy, not an original-server Attack claim"
visible-71-1185674677330655,visible,71,飞仙洞_8,1185674677330655,白咒石怪,monstermap/baimagicrock.swf,16,游侠,570,364,130,157,,,,,0,0,普通攻击,physical,1,4,,"local half-defense full rerun: same monster family inherited ratio from visible-74-9031674933909671;visible-74-9033674933911913; baseline attack=151; local policy, not an original-server Attack claim"
visible-71-1187674677331194,visible,71,飞仙洞_8,1187674677331194,白咒石怪,monstermap/baimagicrock.swf,16,战士,745,274,130,208,,,,,0,0,普通攻击,physical,1,4,,"local half-defense full rerun: same vocation inherited ratio from visible-150-7630685662870286;visible-150-7632685662871580;visible-150-7634685662872533;visible-150-7636685662872653;wild-50-3720596218402838; baseline attack=201; local policy, not an original-server Attack claim"
visible-71-1189674677333369,visible,71,飞仙洞_8,1189674677333369,白咒石怪,monstermap/baimagicrock.swf,16,战士,745,274,130,208,,,,,0,0,普通攻击,physical,1,4,,"local half-defense full rerun: same vocation inherited ratio from visible-150-7630685662870286;visible-150-7632685662871580;visible-150-7634685662872533;visible-150-7636685662872653;wild-50-3720596218402838; baseline attack=201; local policy, not an original-server Attack claim"
visible-71-1191674677334956,visible,71,飞仙洞_8,1191674677334956,白咒石怪,monstermap/baimagicrock.swf,16,游侠,570,364,130,157,,,,,0,0,普通攻击,physical,1,4,,"local half-defense full rerun: same monster family inherited ratio from visible-74-9031674933909671;visible-74-9033674933911913; baseline attack=151; local policy, not an original-server Attack claim"
visible-71-1193674677335390,visible,71,飞仙洞_8,1193674677335390,白咒石怪,monstermap/baimagicrock.swf,16,游侠,570,364,130,157,,,,,0,0,普通攻击,physical,1,4,,"local half-defense full rerun: same monster family inherited ratio from visible-74-9031674933909671;visible-74-9033674933911913; baseline attack=151; local policy, not an original-server Attack claim"
visible-72-5313674881098281,visible,72,飞仙洞_9,5313674881098281,晶石怪,monstermap/crystalrock.swf,17,战士,708,204,130,186,,,,,0,0,普通攻击,physical,1,4,,"local half-defense full rerun: strict normal half-defense n=1, resolved p50=186.000; baseline attack=180; local policy, not an original-server Attack claim; player fire unit-roll magic defense p50=0, n=5; local policy, not an original-server Defense claim"
visible-72-5315674881099944,visible,72,飞仙洞_9,5315674881099944,晶石怪,monstermap/crystalrock.swf,17,游侠,547,350,130,177,,,,,0,0,普通攻击,physical,1,4,,"local half-defense full rerun: strict normal half-defense n=1, resolved p50=176.500; baseline attack=171; local policy, not an original-server Attack claim"
visible-72-5317674881101168,visible,72,飞仙洞_9,5317674881101168,晶石怪,monstermap/crystalrock.swf,17,战士,708,204,130,186,,,,,0,0,普通攻击,physical,1,4,5319674881102907;5317674881101168;5321674881103452,"local half-defense full rerun: strict normal half-defense n=1, resolved p50=186.000; baseline attack=180; local policy, not an original-server Attack claim; player fire unit-roll magic defense p50=0, n=5; local policy, not an original-server Defense claim"
visible-72-5319674881102907,visible,72,飞仙洞_9,5319674881102907,晶石怪,monstermap/crystalrock.swf,17,战士,708,204,130,186,,,,,0,0,普通攻击,physical,1,4,5319674881102907;5317674881101168;5321674881103452,"local half-defense full rerun: strict normal half-defense n=1, resolved p50=186.000; baseline attack=180; local policy, not an original-server Attack claim; player fire unit-roll magic defense p50=0, n=5; local policy, not an original-server Defense claim"
visible-72-5321674881103452,visible,72,飞仙洞_9,5321674881103452,晶石怪,monstermap/crystalrock.swf,17,游侠,547,350,130,177,,,,,0,0,普通攻击,physical,1,4,5319674881102907;5317674881101168;5321674881103452,"local half-defense full rerun: strict normal half-defense n=1, resolved p50=176.500; baseline attack=171; local policy, not an original-server Attack claim"
visible-73-5579674739334441,visible,73,飞仙洞_10,5579674739334441,晶石怪,monstermap/crystalrock.swf,17,战士,708,204,130,189,,,,,0,0,普通攻击,physical,1,4,,"local half-defense full rerun: strict normal half-defense n=2, resolved p50=188.500; baseline attack=182; local policy, not an original-server Attack claim"
visible-73-5581674739336439,visible,73,飞仙洞_10,5581674739336439,晶石怪,monstermap/crystalrock.swf,17,战士,708,204,130,189,,,,,0,0,普通攻击,physical,1,4,,"local half-defense full rerun: strict normal half-defense n=2, resolved p50=188.500; baseline attack=182; local policy, not an original-server Attack claim"
visible-73-5583674739338294,visible,73,飞仙洞_10,5583674739338294,晶石怪,monstermap/crystalrock.swf,17,战士,708,204,130,189,,,,,0,0,普通攻击,physical,1,4,,"local half-defense full rerun: strict normal half-defense n=2, resolved p50=188.500; baseline attack=182; local policy, not an original-server Attack claim"
visible-73-5585674739340680,visible,73,飞仙洞_10,5585674739340680,晶石怪,monstermap/crystalrock.swf,17,战士,708,204,130,189,,,,,0,0,普通攻击,physical,1,4,,"local half-defense full rerun: strict normal half-defense n=2, resolved p50=188.500; baseline attack=182; local policy, not an original-server Attack claim"
visible-73-5587674739342989,visible,73,飞仙洞_10,5587674739342989,晶石怪,monstermap/crystalrock.swf,17,游侠,547,350,130,189,,,,,0,0,普通攻击,physical,1,4,,"local half-defense full rerun: strict normal half-defense n=1, resolved p50=188.500; baseline attack=182; local policy, not an original-server Attack claim"
visible-73-5589674739343164,visible,73,飞仙洞_10,5589674739343164,晶石怪,monstermap/crystalrock.swf,17,游侠,547,350,130,189,,,,,0,0,普通攻击,physical,1,4,,"local half-defense full rerun: strict normal half-defense n=1, resolved p50=188.500; baseline attack=182; local policy, not an original-server Attack claim"
visible-74-9031674933909671,visible,74,飞仙洞_11,9031674933909671,白咒石怪,monstermap/baimagicrock.swf,16,游侠,570,364,130,157,,,,,0,0,普通攻击,physical,1,4,9031674933909671;9033674933911913,"local half-defense full rerun: strict normal half-defense n=2, resolved p50=156.500; baseline attack=151; local policy, not an original-server Attack claim"
visible-74-9033674933911913,visible,74,飞仙洞_11,9033674933911913,白咒石怪,monstermap/baimagicrock.swf,16,游侠,570,364,130,157,,,,,0,0,普通攻击,physical,1,4,9031674933909671;9033674933911913,"local half-defense full rerun: strict normal half-defense n=2, resolved p50=156.500; baseline attack=151; local policy, not an original-server Attack claim"
visible-74-9035674933912540,visible,74,飞仙洞_11,9035674933912540,白咒石怪,monstermap/baimagicrock.swf,16,战士,745,274,130,208,,,,,0,0,普通攻击,physical,1,4,,"local half-defense full rerun: same vocation inherited ratio from visible-150-7630685662870286;visible-150-7632685662871580;visible-150-7634685662872533;visible-150-7636685662872653;wild-50-3720596218402838; baseline attack=201; local policy, not an original-server Attack claim"
visible-74-9037674933914197,visible,74,飞仙洞_11,9037674933914197,白咒石怪,monstermap/baimagicrock.swf,16,战士,745,274,130,208,,,,,0,0,普通攻击,physical,1,4,,"local half-defense full rerun: same vocation inherited ratio from visible-150-7630685662870286;visible-150-7632685662871580;visible-150-7634685662872533;visible-150-7636685662872653;wild-50-3720596218402838; baseline attack=201; local policy, not an original-server Attack claim"
visible-74-9039674933915532,visible,74,飞仙洞_11,9039674933915532,晶石怪,monstermap/crystalrock.swf,17,战士,708,204,130,157,,,,,0,0,普通攻击,physical,1,4,9039674933915532;9041674933916861,"local half-defense full rerun: strict normal half-defense n=1, resolved p50=157.000; baseline attack=152; local policy, not an original-server Attack claim"
visible-74-9041674933916861,visible,74,飞仙洞_11,9041674933916861,晶石怪,monstermap/crystalrock.swf,17,战士,708,204,130,157,,,,,0,0,普通攻击,physical,1,4,9039674933915532;9041674933916861,"local half-defense full rerun: strict normal half-defense n=1, resolved p50=157.000; baseline attack=152; local policy, not an original-server Attack claim"
visible-75-8110675527789273,visible,75,飞仙洞_12,8110675527789273,晶石怪,monstermap/crystalrock.swf,18,战士,730,280,130,169,,,,,0,0,普通攻击,physical,1,4,8110675527789273;8130675527791587,"local half-defense full rerun: strict normal half-defense n=3, resolved p50=168.500; baseline attack=163; local policy, not an original-server Attack claim"
visible-75-8130675527791587,visible,75,飞仙洞_12,8130675527791587,晶石怪,monstermap/crystalrock.swf,18,战士,730,280,130,169,,,,,0,0,普通攻击,physical,1,4,8110675527789273;8130675527791587,"local half-defense full rerun: strict normal half-defense n=3, resolved p50=168.500; baseline attack=163; local policy, not an original-server Attack claim"
visible-75-8150675527792799,visible,75,飞仙洞_12,8150675527792799,晶石怪,monstermap/crystalrock.swf,17,游侠,547,350,130,187,,,,,0,0,普通攻击,physical,1,4,8150675527792799;8170675527794372;8190675527795636,"local half-defense full rerun: strict normal half-defense n=1, resolved p50=186.500; baseline attack=180; local policy, not an original-server Attack claim"
visible-75-8170675527794372,visible,75,飞仙洞_12,8170675527794372,晶石怪,monstermap/crystalrock.swf,18,战士,730,280,130,169,,,,,0,0,普通攻击,physical,1,4,8150675527792799;8170675527794372;8190675527795636,"local half-defense full rerun: strict normal half-defense n=3, resolved p50=168.500; baseline attack=163; local policy, not an original-server Attack claim"
visible-75-8190675527795636,visible,75,飞仙洞_12,8190675527795636,晶石怪,monstermap/crystalrock.swf,18,战士,730,280,130,169,,,,,0,0,普通攻击,physical,1,4,8150675527792799;8170675527794372;8190675527795636,"local half-defense full rerun: strict normal half-defense n=3, resolved p50=168.500; baseline attack=163; local policy, not an original-server Attack claim"
visible-75-8210675527797680,visible,75,飞仙洞_12,8210675527797680,晶石怪,monstermap/crystalrock.swf,17,游侠,547,350,130,187,,,,,0,0,普通攻击,physical,1,4,,"local half-defense full rerun: strict normal half-defense n=1, resolved p50=186.500; baseline attack=180; local policy, not an original-server Attack claim"
visible-76-1038675671970511,visible,76,飞仙洞_13,1038675671970511,晶石怪,monstermap/crystalrock.swf,18,战士,730,280,130,172,,,,,0,0,普通攻击,physical,1,4,1038675671970511;1040675671971889,"local half-defense full rerun: strict normal half-defense n=2, resolved p50=171.500; baseline attack=166; local policy, not an original-server Attack claim"
visible-76-1040675671971889,visible,76,飞仙洞_13,1040675671971889,晶石怪,monstermap/crystalrock.swf,18,战士,730,280,130,172,,,,,0,0,普通攻击,physical,1,4,1038675671970511;1040675671971889,"local half-defense full rerun: strict normal half-defense n=2, resolved p50=171.500; baseline attack=166; local policy, not an original-server Attack claim"
visible-76-1042675671973672,visible,76,飞仙洞_13,1042675671973672,晶石怪,monstermap/crystalrock.swf,18,战士,730,280,130,172,,,,,0,0,普通攻击,physical,1,4,1042675671973672;1048675671977626,"local half-defense full rerun: strict normal half-defense n=2, resolved p50=171.500; baseline attack=166; local policy, not an original-server Attack claim"
visible-76-1044675671974869,visible,76,飞仙洞_13,1044675671974869,晶石怪,monstermap/crystalrock.swf,17,游侠,547,350,130,169,,,,,0,0,普通攻击,physical,1,4,1044675671974869;1046675671975970,"local half-defense full rerun: strict normal half-defense n=2, resolved p50=168.500; baseline attack=163; local policy, not an original-server Attack claim"
visible-76-1046675671975970,visible,76,飞仙洞_13,1046675671975970,晶石怪,monstermap/crystalrock.swf,17,游侠,547,350,130,169,,,,,0,0,普通攻击,physical,1,4,1044675671974869;1046675671975970,"local half-defense full rerun: strict normal half-defense n=2, resolved p50=168.500; baseline attack=163; local policy, not an original-server Attack claim"
visible-76-1048675671977626,visible,76,飞仙洞_13,1048675671977626,巨岩魔,monstermap/largerock.swf,20,战士++,1500,564,130,182,,,,,0,0,普通攻击,physical,1,4,1042675671973672;1048675671977626,"local half-defense full rerun: same defense type inherited ratio from wild-56-1879687900196574;wild-51-bigswordwolf-lv21;wild-52-1478600550966619;visible-75-8110675527789273;visible-75-8130675527791587; baseline attack=176; local policy, not an original-server Attack claim"
visible-77-3028675136602500,visible,77,飞仙洞_14,3028675136602500,晶石怪,monstermap/crystalrock.swf,18,战士,730,280,130,152,,,,,0,0,普通攻击,physical,1,4,3028675136602500;3030675136603700,"local half-defense full rerun: strict normal half-defense n=9, resolved p50=151.500; baseline attack=146; local policy, not an original-server Attack claim"
visible-77-3030675136603700,visible,77,飞仙洞_14,3030675136603700,晶石怪,monstermap/crystalrock.swf,18,战士,730,280,130,152,,,,,0,0,普通攻击,physical,1,4,3028675136602500;3030675136603700,"local half-defense full rerun: strict normal half-defense n=9, resolved p50=151.500; baseline attack=146; local policy, not an original-server Attack claim"
visible-77-3032675136605872,visible,77,飞仙洞_14,3032675136605872,晶石怪,monstermap/crystalrock.swf,17,游侠,547,350,130,140,,,,,0,0,普通攻击,physical,1,4,,"local half-defense full rerun: strict normal half-defense n=4, resolved p50=139.500; baseline attack=135; local policy, not an original-server Attack claim"
visible-77-3034675136606406,visible,77,飞仙洞_14,3034675136606406,晶石怪,monstermap/crystalrock.swf,18,战士,730,280,130,152,,,,,0,0,普通攻击,physical,1,4,3034675136606406;3036675136607240,"local half-defense full rerun: strict normal half-defense n=9, resolved p50=151.500; baseline attack=146; local policy, not an original-server Attack claim"
visible-77-3036675136607240,visible,77,飞仙洞_14,3036675136607240,晶石怪,monstermap/crystalrock.swf,18,战士,730,280,130,152,,,,,0,0,普通攻击,physical,1,4,3034675136606406;3036675136607240,"local half-defense full rerun: strict normal half-defense n=9, resolved p50=151.500; baseline attack=146; local policy, not an original-server Attack claim"
visible-77-3038675136609295,visible,77,飞仙洞_14,3038675136609295,晶石怪,monstermap/crystalrock.swf,17,游侠,547,350,130,140,,,,,0,0,普通攻击,physical,1,4,,"local half-defense full rerun: strict normal half-defense n=4, resolved p50=139.500; baseline attack=135; local policy, not an original-server Attack claim"
visible-78-1675675260682596,visible,78,飞仙洞_15,1675675260682596,晶石怪,monstermap/crystalrock.swf,17,游侠,547,350,130,140,,,,,0,0,普通攻击,physical,1,4,1675675260682596;1677675260684828,"local half-defense full rerun: strict normal half-defense n=4, resolved p50=139.750; baseline attack=135; local policy, not an original-server Attack claim"
visible-78-1677675260684828,visible,78,飞仙洞_15,1677675260684828,晶石怪,monstermap/crystalrock.swf,17,游侠,547,350,130,140,,,,,0,0,普通攻击,physical,1,4,1675675260682596;1677675260684828,"local half-defense full rerun: strict normal half-defense n=4, resolved p50=139.750; baseline attack=135; local policy, not an original-server Attack claim"
visible-78-1679675260685862,visible,78,飞仙洞_15,1679675260685862,晶石怪,monstermap/crystalrock.swf,17,游侠,547,350,130,140,,,,,0,0,普通攻击,physical,1,4,1679675260685862;1681675260686878,"local half-defense full rerun: strict normal half-defense n=4, resolved p50=139.750; baseline attack=135; local policy, not an original-server Attack claim"
visible-78-1681675260686878,visible,78,飞仙洞_15,1681675260686878,岩化魔人,monstermap/magicrockman.swf,20,游侠++,1500,564,130,168,,,,,0,0,普通攻击,physical,1,4,1679675260685862;1681675260686878,"local half-defense full rerun: same defense type inherited ratio from wild-56-1879687900196574;wild-51-bigswordwolf-lv21;wild-52-1478600550966619;visible-75-8110675527789273;visible-75-8130675527791587; baseline attack=162; local policy, not an original-server Attack claim"
visible-158-5835621591157688,visible,158,狮虎窟_1,5835621591157688,黑影,monstermap/blackshadow.swf,25,游侠+,2300,724,130,212,,,,,0,0,普通攻击,physical,1,4,,"local half-defense full rerun: strict normal half-defense n=10, resolved p50=211.500; baseline attack=204; local policy, not an original-server Attack claim"
visible-158-5837621591158929,visible,158,狮虎窟_1,5837621591158929,黑影,monstermap/blackshadow.swf,25,游侠+,2300,724,130,212,,,,,0,0,普通攻击,physical,1,4,,"local half-defense full rerun: strict normal half-defense n=10, resolved p50=211.500; baseline attack=204; local policy, not an original-server Attack claim"
visible-158-5839621591159706,visible,158,狮虎窟_1,5839621591159706,黑影,monstermap/blackshadow.swf,25,游侠+,2300,724,130,212,,,,,0,0,普通攻击,physical,1,4,,"local half-defense full rerun: strict normal half-defense n=10, resolved p50=211.500; baseline attack=204; local policy, not an original-server Attack claim"
visible-159-3309621687155655,visible,159,狮虎窟_2,3309621687155655,蛮虎怪,monstermap/powertiger.swf,25,战士+,3000,584,130,205,,,,,0,0,普通攻击,physical,1,4,,"local half-defense full rerun: strict normal half-defense n=7, resolved p50=204.500; baseline attack=198; local policy, not an original-server Attack claim"
visible-159-3311621687156296,visible,159,狮虎窟_2,3311621687156296,蛮虎怪,monstermap/powertiger.swf,25,战士+,3000,584,130,205,,,,,0,0,普通攻击,physical,1,4,,"local half-defense full rerun: strict normal half-defense n=7, resolved p50=204.500; baseline attack=198; local policy, not an original-server Attack claim"
visible-159-3313621687156409,visible,159,狮虎窟_2,3313621687156409,黑影,monstermap/blackshadow.swf,25,游侠+,2300,724,130,266,,,,,0,0,普通攻击,physical,1,4,,"local half-defense full rerun: strict normal half-defense n=1, resolved p50=265.500; baseline attack=257; local policy, not an original-server Attack claim"
visible-159-3315621687157919,visible,159,狮虎窟_2,3315621687157919,黑影,monstermap/blackshadow.swf,25,游侠+,2300,724,130,266,,,,,0,0,普通攻击,physical,1,4,,"local half-defense full rerun: strict normal half-defense n=1, resolved p50=265.500; baseline attack=257; local policy, not an original-server Attack claim"
visible-160-3822621817511562,visible,160,狮虎窟_3,3822621817511562,蛮虎怪,monstermap/powertiger.swf,25,战士+,3000,584,130,229,,,,,0,0,普通攻击,physical,1,4,,"local half-defense full rerun: strict normal half-defense n=4, resolved p50=228.500; baseline attack=221; local policy, not an original-server Attack claim"
visible-160-3824621817512450,visible,160,狮虎窟_3,3824621817512450,蛮虎怪,monstermap/powertiger.swf,25,战士+,3000,584,130,229,,,,,0,0,普通攻击,physical,1,4,,"local half-defense full rerun: strict normal half-defense n=4, resolved p50=228.500; baseline attack=221; local policy, not an original-server Attack claim"
visible-160-3826621817513876,visible,160,狮虎窟_3,3826621817513876,盘狮怪,monstermap/whorllion.swf,25,战士+,2600,384,130,251,,,,,0,0,普通攻击,physical,1,4,,"local half-defense full rerun: same monster family inherited ratio from visible-163-8088622782646450;visible-163-8090622782647529;visible-163-8092622782648950;visible-166-1959622577208401;visible-166-1961622577209280; baseline attack=242; local policy, not an original-server Attack claim"
visible-161-9325621886740100,visible,161,狮虎窟_4,9325621886740100,蛮虎怪,monstermap/powertiger.swf,26,战士+,3000,584,130,220,,,,,0,0,普通攻击,physical,1,4,9325621886740100;9327621886741599,"local half-defense full rerun: cross-target half-defense calibration n=21, resolved p50=220.125; baseline attack=213; local policy, not an original-server Attack claim"
visible-161-9327621886741599,visible,161,狮虎窟_4,9327621886741599,蛮虎怪,monstermap/powertiger.swf,26,战士+,3000,584,130,220,,,,,0,0,普通攻击,physical,1,4,9325621886740100;9327621886741599,"local half-defense full rerun: cross-target half-defense calibration n=21, resolved p50=220.125; baseline attack=213; local policy, not an original-server Attack claim"
visible-161-9329621886741609,visible,161,狮虎窟_4,9329621886741609,蛮虎怪,monstermap/powertiger.swf,26,战士+,3000,584,130,220,,,,,0,0,普通攻击,physical,1,4,9329621886741609;9331621886742375,"local half-defense full rerun: cross-target half-defense calibration n=21, resolved p50=220.125; baseline attack=213; local policy, not an original-server Attack claim"
visible-161-9331621886742375,visible,161,狮虎窟_4,9331621886742375,蛮虎怪,monstermap/powertiger.swf,26,战士+,3000,584,130,220,,,,,0,0,普通攻击,physical,1,4,9329621886741609;9331621886742375,"local half-defense full rerun: cross-target half-defense calibration n=21, resolved p50=220.125; baseline attack=213; local policy, not an original-server Attack claim"
visible-161-9333621886743795,visible,161,狮虎窟_4,9333621886743795,蛮虎队长,monstermap/powertiger.swf,28,战士+,3500,600,130,234,,,,,0,0,普通攻击,physical,1,4,,"local half-defense full rerun: strict normal half-defense n=4, resolved p50=234.000; baseline attack=226; local policy, not an original-server Attack claim"
visible-162-5697622889787853,visible,162,狮虎窟_5,5697622889787853,黑影,monstermap/blackshadow.swf,25,游侠+,2300,724,130,225,,,,,0,0,普通攻击,physical,1,4,,"local half-defense full rerun: strict normal half-defense n=5, resolved p50=224.500; baseline attack=217; local policy, not an original-server Attack claim"
visible-162-5699622889788202,visible,162,狮虎窟_5,5699622889788202,黑影,monstermap/blackshadow.swf,25,游侠+,2300,724,130,225,,,,,0,0,普通攻击,physical,1,4,,"local half-defense full rerun: strict normal half-defense n=5, resolved p50=224.500; baseline attack=217; local policy, not an original-server Attack claim"
visible-162-5701622889789230,visible,162,狮虎窟_5,5701622889789230,黑影,monstermap/blackshadow.swf,25,游侠+,2300,724,130,225,,,,,0,0,普通攻击,physical,1,4,,"local half-defense full rerun: strict normal half-defense n=5, resolved p50=224.500; baseline attack=217; local policy, not an original-server Attack claim"
visible-162-5703622889791824,visible,162,狮虎窟_5,5703622889791824,黑影,monstermap/blackshadow.swf,25,游侠+,2300,724,130,225,,,,,0,0,普通攻击,physical,1,4,,"local half-defense full rerun: strict normal half-defense n=5, resolved p50=224.500; baseline attack=217; local policy, not an original-server Attack claim"
visible-163-8088622782646450,visible,163,狮虎窟_6,8088622782646450,盘狮怪,monstermap/whorllion.swf,26,战士+,2800,400,130,249,,,,,0,0,普通攻击,physical,1,4,8088622782646450;8090622782647529,"local half-defense full rerun: strict normal half-defense n=6, resolved p50=248.500; baseline attack=240; local policy, not an original-server Attack claim"
visible-163-8090622782647529,visible,163,狮虎窟_6,8090622782647529,盘狮怪,monstermap/whorllion.swf,26,战士+,2800,400,130,249,,,,,0,0,普通攻击,physical,1,4,8088622782646450;8090622782647529,"local half-defense full rerun: strict normal half-defense n=6, resolved p50=248.500; baseline attack=240; local policy, not an original-server Attack claim"
visible-163-8092622782648950,visible,163,狮虎窟_6,8092622782648950,盘狮怪,monstermap/whorllion.swf,26,战士+,2800,400,130,249,,,,,0,0,普通攻击,physical,1,4,,"local half-defense full rerun: strict normal half-defense n=6, resolved p50=248.500; baseline attack=240; local policy, not an original-server Attack claim"
visible-163-8094622782649492,visible,163,狮虎窟_6,8094622782649492,盘狮队长,monstermap/whorllion.swf,26,战士+,3300,440,130,246,,,,,0,0,普通攻击,physical,1,4,,"local half-defense full rerun: strict normal half-defense n=1, resolved p50=245.500; baseline attack=237; local policy, not an original-server Attack claim"
visible-164-7283622130690284,visible,164,狮虎窟_7,7283622130690284,黑影,monstermap/blackshadow.swf,27,游侠+,2750,724,130,205,,,,,0,0,普通攻击,physical,1,4,,"local half-defense full rerun: strict normal half-defense n=12, resolved p50=204.500; baseline attack=198; local policy, not an original-server Attack claim"
visible-164-7285622130691644,visible,164,狮虎窟_7,7285622130691644,黑影,monstermap/blackshadow.swf,27,游侠+,2750,724,130,205,,,,,0,0,普通攻击,physical,1,4,,"local half-defense full rerun: strict normal half-defense n=12, resolved p50=204.500; baseline attack=198; local policy, not an original-server Attack claim"
visible-164-7287622130692195,visible,164,狮虎窟_7,7287622130692195,黑影,monstermap/blackshadow.swf,27,游侠+,2750,724,130,205,,,,,0,0,普通攻击,physical,1,4,,"local half-defense full rerun: strict normal half-defense n=12, resolved p50=204.500; baseline attack=198; local policy, not an original-server Attack claim"
visible-165-3850623006742112,visible,165,狮虎窟_8,3850623006742112,黑影,monstermap/blackshadow.swf,26,游侠+,2500,724,130,227,,,,,0,0,普通攻击,physical,1,4,,"local half-defense full rerun: strict normal half-defense n=5, resolved p50=226.500; baseline attack=219; local policy, not an original-server Attack claim"
visible-165-3852623006743553,visible,165,狮虎窟_8,3852623006743553,黑影,monstermap/blackshadow.swf,26,游侠+,2500,724,130,227,,,,,0,0,普通攻击,physical,1,4,,"local half-defense full rerun: strict normal half-defense n=5, resolved p50=226.500; baseline attack=219; local policy, not an original-server Attack claim"
visible-165-3854623006744837,visible,165,狮虎窟_8,3854623006744837,黑影,monstermap/blackshadow.swf,26,游侠+,2500,724,130,227,,,,,0,0,普通攻击,physical,1,4,,"local half-defense full rerun: strict normal half-defense n=5, resolved p50=226.500; baseline attack=219; local policy, not an original-server Attack claim"
visible-165-3856623006745359,visible,165,狮虎窟_8,3856623006745359,黑影队长,monstermap/blackshadow.swf,26,游侠+,3000,760,130,243,,,,,0,0,普通攻击,physical,1,4,,"local half-defense full rerun: strict normal half-defense n=1, resolved p50=242.500; baseline attack=234; local policy, not an original-server Attack claim"
visible-166-1957622577207441,visible,166,狮虎窟_9,1957622577207441,蛮虎怪,monstermap/powertiger.swf,27,战士+,3200,600,130,254,,,,,0,0,普通攻击,physical,1,4,,"local half-defense full rerun: strict normal half-defense n=3, resolved p50=253.500; baseline attack=245; local policy, not an original-server Attack claim"
visible-166-1959622577208401,visible,166,狮虎窟_9,1959622577208401,盘狮怪,monstermap/whorllion.swf,27,战士+,3000,384,130,226,,,,,0,0,普通攻击,physical,1,4,1959622577208401;1961622577209280,"local half-defense full rerun: strict normal half-defense n=3, resolved p50=225.500; baseline attack=218; local policy, not an original-server Attack claim"
visible-166-1961622577209280,visible,166,狮虎窟_9,1961622577209280,盘狮怪,monstermap/whorllion.swf,27,战士+,3000,384,130,226,,,,,0,0,普通攻击,physical,1,4,1959622577208401;1961622577209280,"local half-defense full rerun: strict normal half-defense n=3, resolved p50=225.500; baseline attack=218; local policy, not an original-server Attack claim"
visible-167-7542622260835182,visible,167,狮虎窟_10,7542622260835182,盘狮怪,monstermap/whorllion.swf,27,战士+,3000,384,130,230,,,,,0,0,普通攻击,physical,1,4,7542622260835182;7544622260836750,"local half-defense full rerun: strict normal half-defense n=10, resolved p50=230.000; baseline attack=222; local policy, not an original-server Attack claim"
visible-167-7544622260836750,visible,167,狮虎窟_10,7544622260836750,盘狮怪,monstermap/whorllion.swf,27,战士+,3000,384,130,230,,,,,0,0,普通攻击,physical,1,4,7542622260835182;7544622260836750,"local half-defense full rerun: strict normal half-defense n=10, resolved p50=230.000; baseline attack=222; local policy, not an original-server Attack claim"
visible-167-7546622260836700,visible,167,狮虎窟_10,7546622260836700,蛮虎怪,monstermap/powertiger.swf,27,战士+,3200,600,130,223,,,,,0,0,普通攻击,physical,1,4,7546622260836700;7548622260837633;7550622260838906,"local half-defense full rerun: strict normal half-defense n=4, resolved p50=223.250; baseline attack=216; local policy, not an original-server Attack claim"
visible-167-7548622260837633,visible,167,狮虎窟_10,7548622260837633,盘狮怪,monstermap/whorllion.swf,27,战士+,3000,384,130,230,,,,,0,0,普通攻击,physical,1,4,7546622260836700;7548622260837633;7550622260838906,"local half-defense full rerun: strict normal half-defense n=10, resolved p50=230.000; baseline attack=222; local policy, not an original-server Attack claim"
visible-167-7550622260838906,visible,167,狮虎窟_10,7550622260838906,蚩颅王,monstermap/chiluking.swf,30,战士++,6000,600,130,267,,,,,0,0,普通攻击,physical,1,4,7546622260836700;7548622260837633;7550622260838906,"local half-defense full rerun: same defense type inherited ratio from visible-179-7655309792053800;visible-179-7657309792054436;visible-179-7659309792055843;visible-179-7661309792056337;visible-180-7409309986903451; baseline attack=257; local policy, not an original-server Attack claim"
visible-171-7893833328746190,visible,171,沼泽_9,7893833328746190,百年虫精,monstermap/wocmon.swf,30,术士++,8000,1500,180,210,,,,,0,0,法术普通攻击,magic,1,4,7893833328746190;7895833328747103;7897833328748728;7899833328749140,"local half-defense full rerun: same defense type inherited ratio from visible-186-6375311593668581;visible-186-6377311593669524;visible-186-9621310624912921;wild-196-yaozhisen-robothyun-lv34;wild-201-yaozhisen-robothyun-lv34; baseline attack=202; local policy, not an original-server Attack claim"
visible-171-7895833328747103,visible,171,沼泽_9,7895833328747103,被控制的民兵,monstermap/militia.swf,30,游侠+,1800,600,180,228,,,,,50,0,普通攻击,physical,1,4,7893833328746190;7895833328747103;7897833328748728;7899833328749140,"local half-defense full rerun: strict normal half-defense n=8, resolved p50=227.500; map171 劈山棍法 Lv5 unit-roll defense candidates=37|63, resolved p50=50, n=2; local policy, not an original-server Defense claim"
visible-171-7897833328748728,visible,171,沼泽_9,7897833328748728,被控制的民兵,monstermap/militia.swf,30,战士+,2000,500,180,236,,,,,117,0,普通攻击,physical,1,4,7893833328746190;7895833328747103;7897833328748728;7899833328749140,"local half-defense full rerun: strict normal half-defense n=14, resolved p50=236.000; map171 劈山棍法 Lv5 warrior-group unit-roll defense candidates=129|105, resolved p50=117, n=2; identical captured warrior profile; local policy, not an original-server Defense claim"
visible-171-7899833328749140,visible,171,沼泽_9,7899833328749140,被控制的民兵,monstermap/militia.swf,30,战士+,2000,500,180,236,,,,,117,0,普通攻击,physical,1,4,7893833328746190;7895833328747103;7897833328748728;7899833328749140,"local half-defense full rerun: strict normal half-defense n=14, resolved p50=236.000; map171 劈山棍法 Lv5 warrior-group unit-roll defense candidates=129|105, resolved p50=117, n=2; identical captured warrior profile; local policy, not an original-server Defense claim"
wild-192-yaozhisen-robotax-lv30,wild,192,妖之森_1,capture-192-robotax-lv30,机木斧兵,monstermap/robotax.swf,30,战士,1569,524,0,239,,,,,49,56,普通攻击,physical,1,4,,"local half-defense full rerun: same monster family inherited ratio from wild-193-yaozhisen-robotax-lv32;wild-196-yaozhisen-robotax-lv34; baseline attack=231; local policy, not an original-server Attack claim; player normal unit-roll defense p50=49, n=10; local policy, not an original-server Defense claim; player fire unit-roll magic defense p50=56, n=6; local policy, not an original-server Defense claim"
wild-192-yaozhisen-robotax-lv31,wild,192,妖之森_1,capture-192-robotax-lv31,机木斧兵,monstermap/robotax.swf,31,战士,1755,454,0,239,,,,,34,38,普通攻击,physical,1,4,,"local half-defense full rerun: same monster family inherited ratio from wild-193-yaozhisen-robotax-lv32;wild-196-yaozhisen-robotax-lv34; baseline attack=231; local policy, not an original-server Attack claim; player normal unit-roll defense p50=34, n=5; local policy, not an original-server Defense claim; player fire unit-roll magic defense p50=38, n=7; local policy, not an original-server Defense claim"
wild-193-yaozhisen-robotax-lv32,wild,193,妖之森_2,capture-193-robotax-lv32,机木斧兵,monstermap/robotax.swf,32,战士,1797,494,0,239,,,,,36,18,普通攻击,physical,1,4,,"local half-defense full rerun: strict normal half-defense n=3, resolved p50=239.000; baseline attack=231; local policy, not an original-server Attack claim; player normal unit-roll defense p50=36, n=12; local policy, not an original-server Defense claim; player fire unit-roll magic defense p50=18, n=183; local policy, not an original-server Defense claim"
wild-196-yaozhisen-robotax-lv34,wild,196,妖之森_5,capture-196-robotax-lv34,机木斧兵,monstermap/robotax.swf,34,战士,1785,460,0,353,,,,,0,41,普通攻击,physical,1,4,,"local half-defense full rerun: strict normal half-defense n=1, resolved p50=353.000; baseline attack=341; local policy, not an original-server Attack claim; player fire unit-roll magic defense p50=41, n=13; local policy, not an original-server Defense claim"
wild-196-yaozhisen-robothmarshal-lv37,wild,196,妖之森_5,capture-196-robothmarshal-lv37,机木妖帅,monstermap/robothmarshal.swf,37,战士+,6500,590,0,282,,,,,0,121,普通攻击,physical,1,4,,"local half-defense full rerun: strict normal half-defense n=6, resolved p50=282.000; baseline attack=272; local policy, not an original-server Attack claim; player fire unit-roll magic defense p50=121, n=29; local policy, not an original-server Defense claim"
wild-196-yaozhisen-robothyun-lv34,wild,196,妖之森_5,capture-196-robothyun-lv34,机木玄师,monstermap/robothyun.swf,34,术士,1189,910,0,198,,,,,0,283,法术普通攻击,magic,1,4,,"local half-defense full rerun: strict normal half-defense n=38, resolved p50=198.000; baseline attack=191; local policy, not an original-server Attack claim; player fire unit-roll magic defense p50=283, n=11; local policy, not an original-server Defense claim"
wild-196-yaozhisen-robotawl-lv34,wild,196,妖之森_5,capture-196-robotawl-lv34,机木锥兵,monstermap/robotawl.swf,34,游侠,1350,644,0,233,,,,,0,27,普通攻击,physical,1,4,,"local half-defense full rerun: strict normal half-defense n=32, resolved p50=232.750; baseline attack=225; local policy, not an original-server Attack claim; player fire unit-roll magic defense p50=27, n=19; local policy, not an original-server Defense claim"
wild-198-yaozhisen-robotawl-lv33,wild,198,妖之森_7,capture-198-robotawl-lv33,机木锥兵,monstermap/robotawl.swf,33,游侠,1270,655,0,226,,,,,0,45,普通攻击,physical,1,4,,"local half-defense full rerun: strict normal half-defense n=6, resolved p50=226.250; baseline attack=219; local policy, not an original-server Attack claim; player fire unit-roll magic defense p50=45, n=209; local policy, not an original-server Defense claim"
wild-199-yaozhisen-robothyun-lv34,wild,199,妖之森_8,capture-199-robothyun-lv34,机木玄师,monstermap/robothyun.swf,34,术士,1189,910,0,181,,,,,0,0,法术普通攻击,magic,1,4,,"local half-defense full rerun: same monster family inherited ratio from wild-196-yaozhisen-robothyun-lv34;wild-201-yaozhisen-robothyun-lv34; baseline attack=175; local policy, not an original-server Attack claim"
wild-200-yaozhisen-robotawl-lv34,wild,200,妖之森_9,capture-200-robotawl-lv34,机木锥兵,monstermap/robotawl.swf,34,游侠,1350,644,0,235,,,,,0,0,普通攻击,physical,1,4,,"local half-defense full rerun: same monster family inherited ratio from wild-196-yaozhisen-robotawl-lv34;wild-202-yaozhisen-robotawl-lv35;wild-198-yaozhisen-robotawl-lv33; baseline attack=227; local policy, not an original-server Attack claim"
wild-200-yaozhisen-robotax-lv34,wild,200,妖之森_9,capture-200-robotax-lv34,机木斧兵,monstermap/robotax.swf,34,战士,1785,460,0,340,,,,,0,0,普通攻击,physical,1,4,,"local half-defense full rerun: same monster family inherited ratio from wild-196-yaozhisen-robotax-lv34;wild-193-yaozhisen-robotax-lv32; baseline attack=329; local policy, not an original-server Attack claim"
wild-201-yaozhisen-robothyun-lv34,wild,201,妖之森_10,capture-201-robothyun-lv34,机木玄师,monstermap/robothyun.swf,34,术士,1189,910,0,200,,,,,14,287,法术普通攻击,magic,1,4,,"local half-defense full rerun: cross-target half-defense calibration n=656, resolved p50=200.25; baseline attack=193; local policy, not an original-server Attack claim; player normal unit-roll defense p50=14, n=21; local policy, not an original-server Defense claim; player fire unit-roll magic defense p50=287, n=195; local policy, not an original-server Defense claim"
wild-202-yaozhisen-robotawl-lv35,wild,202,妖之森_11,capture-202-robotawl-lv35,机木锥兵,monstermap/robotawl.swf,35,游侠,1330,624,0,223,,,,,50,0,普通攻击,physical,1,4,,"local half-defense full rerun: strict normal half-defense n=4, resolved p50=222.500; baseline attack=215; local policy, not an original-server Attack claim; player normal unit-roll defense p50=50, n=5; local policy, not an original-server Defense claim"
wild-204-yaozhisen-robotawl-lv32,wild,204,妖之森_13,capture-204-robotawl-lv32,机木锥兵,monstermap/robotawl.swf,32,游侠,1295,614,0,199,,,,,0,0,普通攻击,physical,1,4,,"local half-defense full rerun: same monster family inherited ratio from wild-198-yaozhisen-robotawl-lv33;wild-196-yaozhisen-robotawl-lv34;wild-202-yaozhisen-robotawl-lv35; baseline attack=192; local policy, not an original-server Attack claim"
wild-204-yaozhisen-robotax-lv32,wild,204,妖之森_13,capture-204-robotax-lv32,机木斧兵,monstermap/robotax.swf,32,战士,1797,494,0,340,,,,,0,0,普通攻击,physical,1,4,,"local half-defense full rerun: same monster family inherited ratio from wild-193-yaozhisen-robotax-lv32;wild-196-yaozhisen-robotax-lv34; baseline attack=329; local policy, not an original-server Attack claim"
wild-205-yaozhisen-robotax-lv35,wild,205,妖之森_14,capture-205-robotax-lv35,机木斧兵,monstermap/robotax.swf,35,战士,1827,450,0,364,,,,,0,0,普通攻击,physical,1,4,,"local half-defense full rerun: same monster family inherited ratio from wild-196-yaozhisen-robotax-lv34;wild-193-yaozhisen-robotax-lv32; baseline attack=352; local policy, not an original-server Attack claim"
visible-179-7655309792053800,visible,179,葬龙潭_1,7655309792053800,骷髅妖兵,monstermap/dhwarrior.swf,30,战士+,5400,814,130,280,,,,,0,0,普通攻击,physical,1,4,,"local half-defense full rerun: strict normal half-defense n=2, resolved p50=279.500; baseline attack=270; local policy, not an original-server Attack claim"
visible-179-7657309792054436,visible,179,葬龙潭_1,7657309792054436,骷髅妖兵,monstermap/dhwarrior.swf,30,战士+,5400,814,130,280,,,,,0,0,普通攻击,physical,1,4,,"local half-defense full rerun: strict normal half-defense n=2, resolved p50=279.500; baseline attack=270; local policy, not an original-server Attack claim"
visible-179-7659309792055843,visible,179,葬龙潭_1,7659309792055843,骷髅妖兵,monstermap/dhwarrior.swf,30,战士+,5400,814,130,280,,,,,0,0,普通攻击,physical,1,4,,"local half-defense full rerun: strict normal half-defense n=2, resolved p50=279.500; baseline attack=270; local policy, not an original-server Attack claim"
visible-179-7661309792056337,visible,179,葬龙潭_1,7661309792056337,骷髅妖兵,monstermap/dhwarrior.swf,30,战士+,5400,814,130,280,,,,,0,0,普通攻击,physical,1,4,,"local half-defense full rerun: strict normal half-defense n=2, resolved p50=279.500; baseline attack=270; local policy, not an original-server Attack claim"
visible-179-7663309792057167,visible,179,葬龙潭_1,7663309792057167,骷髅妖兵,monstermap/dhwarrior.swf,30,游侠+,4900,890,130,256,,,,,0,0,普通攻击,physical,1,4,,"local half-defense full rerun: same monster family inherited ratio from visible-180-7417309986907832;visible-180-7413309986905828;visible-180-7415309986906399;visible-181-6478310163655961;visible-181-6480310163656350; baseline attack=247; local policy, not an original-server Attack claim"
visible-180-7409309986903451,visible,180,葬龙潭_2,7409309986903451,骷髅妖兵,monstermap/dhwarrior.swf,30,战士+,5400,814,130,234,,,,,0,117,普通攻击,physical,1,4,,"local half-defense full rerun: strict normal half-defense n=2, resolved p50=233.500; baseline attack=226; local policy, not an original-server Attack claim; player fire unit-roll magic defense p50=117, n=6; local policy, not an original-server Defense claim"
visible-180-7411309986904974,visible,180,葬龙潭_2,7411309986904974,骷髅妖兵,monstermap/dhwarrior.swf,30,战士+,5400,814,130,234,,,,,0,117,普通攻击,physical,1,4,,"local half-defense full rerun: strict normal half-defense n=2, resolved p50=233.500; baseline attack=226; local policy, not an original-server Attack claim; player fire unit-roll magic defense p50=117, n=6; local policy, not an original-server Defense claim"
visible-180-7413309986905828,visible,180,葬龙潭_2,7413309986905828,骷髅妖兵,monstermap/dhwarrior.swf,31,游侠+,4900,904,130,272,,,,,0,0,普通攻击,physical,1,4,,"local half-defense full rerun: strict normal half-defense n=1, resolved p50=272.000; baseline attack=263; local policy, not an original-server Attack claim"
visible-180-7415309986906399,visible,180,葬龙潭_2,7415309986906399,骷髅妖兵,monstermap/dhwarrior.swf,31,游侠+,4900,904,130,272,,,,,0,0,普通攻击,physical,1,4,,"local half-defense full rerun: strict normal half-defense n=1, resolved p50=272.000; baseline attack=263; local policy, not an original-server Attack claim"
visible-180-7417309986907832,visible,180,葬龙潭_2,7417309986907832,骷髅妖兵,monstermap/dhwarrior.swf,30,游侠+,4900,890,130,255,,,,,0,0,普通攻击,physical,1,4,,"local half-defense full rerun: strict normal half-defense n=2, resolved p50=254.750; baseline attack=246; local policy, not an original-server Attack claim"
visible-181-6478310163655961,visible,181,葬龙潭_3,6478310163655961,骷髅妖兵,monstermap/dhwarrior.swf,31,游侠+,5000,904,130,256,,,,,0,0,普通攻击,physical,1,4,,"local half-defense full rerun: strict normal half-defense n=1, resolved p50=256.000; baseline attack=247; local policy, not an original-server Attack claim"
visible-181-6480310163656350,visible,181,葬龙潭_3,6480310163656350,骷髅妖兵,monstermap/dhwarrior.swf,31,游侠+,5000,904,130,256,,,,,0,0,普通攻击,physical,1,4,,"local half-defense full rerun: strict normal half-defense n=1, resolved p50=256.000; baseline attack=247; local policy, not an original-server Attack claim"
visible-181-6482310163657496,visible,181,葬龙潭_3,6482310163657496,白骨枪兵,monstermap/bonelance.swf,31,战士+,8400,650,130,259,,,,,0,71,普通攻击,physical,1,4,,"local half-defense full rerun: strict normal half-defense n=1, resolved p50=258.500; baseline attack=250; local policy, not an original-server Attack claim; player fire unit-roll magic defense p50=71, n=6; local policy, not an original-server Defense claim"
visible-181-6484310163658174,visible,181,葬龙潭_3,6484310163658174,白骨枪兵,monstermap/bonelance.swf,31,战士+,8400,650,130,259,,,,,0,71,普通攻击,physical,1,4,,"local half-defense full rerun: strict normal half-defense n=1, resolved p50=258.500; baseline attack=250; local policy, not an original-server Attack claim; player fire unit-roll magic defense p50=71, n=6; local policy, not an original-server Defense claim"
visible-182-1270310232361564,visible,182,葬龙潭_4,1270310232361564,灭阎首领,monstermap/hadesrabbi.swf,32,术士+,5500,1500,130,273,,,,,0,0,法术普通攻击,magic,1,4,,"local half-defense full rerun: same display resource inherited ratio from visible-186-6375311593668581;visible-186-6377311593669524;visible-186-9621310624912921; baseline attack=263; local policy, not an original-server Attack claim"
visible-182-1290310232362546,visible,182,葬龙潭_4,1290310232362546,白骨枪兵,monstermap/bonelance.swf,31,战士+,8400,650,130,266,,,,,0,0,普通攻击,physical,1,4,,"local half-defense full rerun: strict normal half-defense n=1, resolved p50=266.000; baseline attack=257; local policy, not an original-server Attack claim"
visible-182-1310310232363530,visible,182,葬龙潭_4,1310310232363530,白骨枪兵,monstermap/bonelance.swf,31,战士+,8400,650,130,266,,,,,0,0,普通攻击,physical,1,4,,"local half-defense full rerun: strict normal half-defense n=1, resolved p50=266.000; baseline attack=257; local policy, not an original-server Attack claim"
visible-182-1330310232364948,visible,182,葬龙潭_4,1330310232364948,白骨枪兵,monstermap/bonelance.swf,31,战士+,8400,650,130,266,,,,,0,0,普通攻击,physical,1,4,,"local half-defense full rerun: strict normal half-defense n=1, resolved p50=266.000; baseline attack=257; local policy, not an original-server Attack claim"
visible-182-1350310232365968,visible,182,葬龙潭_4,1350310232365968,骷髅妖兵,monstermap/dhwarrior.swf,32,游侠+,5300,910,130,260,,,,,0,0,普通攻击,physical,1,4,,"local half-defense full rerun: strict normal half-defense n=4, resolved p50=259.750; baseline attack=251; local policy, not an original-server Attack claim"
visible-182-1370310232366670,visible,182,葬龙潭_4,1370310232366670,骷髅妖兵,monstermap/dhwarrior.swf,32,游侠+,5300,910,130,260,,,,,0,0,普通攻击,physical,1,4,,"local half-defense full rerun: strict normal half-defense n=4, resolved p50=259.750; baseline attack=251; local policy, not an original-server Attack claim"
visible-185-4568310524418360,visible,185,葬龙潭_7,4568310524418360,白骨枪兵,monstermap/bonelance.swf,33,战士+,8700,650,130,272,,,,,0,63,普通攻击,physical,1,4,,"local half-defense full rerun: strict normal half-defense n=5, resolved p50=271.500; baseline attack=262; local policy, not an original-server Attack claim; player fire unit-roll magic defense p50=63, n=9; local policy, not an original-server Defense claim"
visible-185-4570310524419321,visible,185,葬龙潭_7,4570310524419321,白骨枪兵,monstermap/bonelance.swf,33,战士+,8700,650,130,272,,,,,0,63,普通攻击,physical,1,4,,"local half-defense full rerun: strict normal half-defense n=5, resolved p50=271.500; baseline attack=262; local policy, not an original-server Attack claim; player fire unit-roll magic defense p50=63, n=9; local policy, not an original-server Defense claim"
visible-185-4572310524420533,visible,185,葬龙潭_7,4572310524420533,白骨枪兵,monstermap/bonelance.swf,33,战士+,8700,650,130,272,,,,,0,63,普通攻击,physical,1,4,,"local half-defense full rerun: strict normal half-defense n=5, resolved p50=271.500; baseline attack=262; local policy, not an original-server Attack claim; player fire unit-roll magic defense p50=63, n=9; local policy, not an original-server Defense claim"
visible-185-4574310524421555,visible,185,葬龙潭_7,4574310524421555,骷髅妖兵,monstermap/dhwarrior.swf,33,游侠+,5400,940,130,270,,,,,0,137,普通攻击,physical,1,4,,"local half-defense full rerun: strict normal half-defense n=5, resolved p50=270.000; baseline attack=261; local policy, not an original-server Attack claim; player fire unit-roll magic defense p50=137, n=14; local policy, not an original-server Defense claim"
visible-185-4576310524422976,visible,185,葬龙潭_7,4576310524422976,骷髅妖兵,monstermap/dhwarrior.swf,33,游侠+,5400,940,130,270,,,,,0,137,普通攻击,physical,1,4,,"local half-defense full rerun: strict normal half-defense n=5, resolved p50=270.000; baseline attack=261; local policy, not an original-server Attack claim; player fire unit-roll magic defense p50=137, n=14; local policy, not an original-server Defense claim"
visible-185-4578310524423798,visible,185,葬龙潭_7,4578310524423798,骷髅妖兵,monstermap/dhwarrior.swf,33,游侠+,5400,940,130,270,,,,,0,137,普通攻击,physical,1,4,,"local half-defense full rerun: strict normal half-defense n=5, resolved p50=270.000; baseline attack=261; local policy, not an original-server Attack claim; player fire unit-roll magic defense p50=137, n=14; local policy, not an original-server Defense claim"
visible-186-6371311593666684,visible,186,葬龙潭_8,6371311593666684,骷髅妖兵,monstermap/dhwarrior.swf,33,游侠+,5400,940,130,297,,,,,0,147,普通攻击,physical,1,4,,"local half-defense full rerun: strict normal half-defense n=4, resolved p50=296.500; baseline attack=286; local policy, not an original-server Attack claim; player fire unit-roll magic defense p50=147, n=5; local policy, not an original-server Defense claim"
visible-186-6373311593667665,visible,186,葬龙潭_8,6373311593667665,骷髅妖兵,monstermap/dhwarrior.swf,33,游侠+,5400,940,130,297,,,,,0,147,普通攻击,physical,1,4,,"local half-defense full rerun: strict normal half-defense n=4, resolved p50=296.500; baseline attack=286; local policy, not an original-server Attack claim; player fire unit-roll magic defense p50=147, n=5; local policy, not an original-server Defense claim"
visible-186-6375311593668581,visible,186,葬龙潭_8,6375311593668581,灭阎法师,monstermap/hadesrabbi.swf,33,术士+,5150,1300,130,273,,,,,0,161,法术普通攻击,magic,1,4,,"local half-defense full rerun: strict normal half-defense n=3, resolved p50=272.500; baseline attack=263; local policy, not an original-server Attack claim; player fire unit-roll magic defense p50=161, n=5; local policy, not an original-server Defense claim"
visible-186-6377311593669524,visible,186,葬龙潭_8,6377311593669524,灭阎法师,monstermap/hadesrabbi.swf,33,术士+,5150,1300,130,273,,,,,0,161,法术普通攻击,magic,1,4,,"local half-defense full rerun: strict normal half-defense n=3, resolved p50=272.500; baseline attack=263; local policy, not an original-server Attack claim; player fire unit-roll magic defense p50=161, n=5; local policy, not an original-server Defense claim"
visible-186-9611310624908840,visible,186,葬龙潭_8,9611310624908840,龙娃,monstermap/dragonson.swf,35,战士++,13000,1584,130,259,,,,,0,0,普通攻击,physical,1,4,,"local half-defense full rerun: same defense type inherited ratio from wild-202-yaozhisen-robotawl-lv35;visible-185-4568310524418360;visible-185-4570310524419321;visible-185-4572310524420533;visible-186-9613310624909569; baseline attack=249; local policy, not an original-server Attack claim"
visible-186-9613310624909569,visible,186,葬龙潭_8,9613310624909569,白骨枪兵,monstermap/bonelance.swf,33,战士+,8700,650,130,275,,,,,0,0,普通攻击,physical,1,4,,"local half-defense full rerun: strict normal half-defense n=9, resolved p50=275.000; baseline attack=266; local policy, not an original-server Attack claim"
visible-186-9615310624909948,visible,186,葬龙潭_8,9615310624909948,白骨枪兵,monstermap/bonelance.swf,33,战士+,8700,650,130,275,,,,,0,0,普通攻击,physical,1,4,,"local half-defense full rerun: strict normal half-defense n=9, resolved p50=275.000; baseline attack=266; local policy, not an original-server Attack claim"
visible-186-9617310624910541,visible,186,葬龙潭_8,9617310624910541,骷髅妖兵,monstermap/dhwarrior.swf,33,游侠+,5400,940,130,297,,,,,0,147,普通攻击,physical,1,4,,"local half-defense full rerun: strict normal half-defense n=4, resolved p50=296.500; baseline attack=286; local policy, not an original-server Attack claim; player fire unit-roll magic defense p50=147, n=5; local policy, not an original-server Defense claim"
visible-186-9619310624911715,visible,186,葬龙潭_8,9619310624911715,骷髅妖兵,monstermap/dhwarrior.swf,33,游侠+,5400,940,130,297,,,,,0,147,普通攻击,physical,1,4,,"local half-defense full rerun: strict normal half-defense n=4, resolved p50=296.500; baseline attack=286; local policy, not an original-server Attack claim; player fire unit-roll magic defense p50=147, n=5; local policy, not an original-server Defense claim"
visible-186-9621310624912921,visible,186,葬龙潭_8,9621310624912921,灭阎法师,monstermap/hadesrabbi.swf,33,术士+,5150,1300,130,273,,,,,0,161,法术普通攻击,magic,1,4,,"local half-defense full rerun: strict normal half-defense n=3, resolved p50=272.500; baseline attack=263; local policy, not an original-server Attack claim; player fire unit-roll magic defense p50=161, n=5; local policy, not an original-server Defense claim"
visible-203-4264636384163425,visible,203,雷兽神坛,4264636384163425,熊鹿,monstermap/beardeer.swf,40,术士++,20000,3102,130,313,,,,,220,385,法术普通攻击,magic,1,4,4264636384163425;4266636384163669;4268636384164547;4270636384165790,"local half-defense full rerun: same defense type inherited ratio from wild-216-caoba-glassss-lv40;wild-222-caoba-glassss-lv42;visible-203-4266636384163669;visible-203-4268636384164547;visible-203-4270636384165790; baseline attack=302; local policy, not an original-server Attack claim; map203 强贯式 Lv5 卸甲为基准物防的50%，BuffInfo confirmed reduction=110, resolved defense=220, n=1; map203 炎狩术 Lv5 unit-roll magic defense candidates=385|385|399, resolved p50=385, n=3; actor 法术屏障 only redirects incoming damage; local policy, not an original-server Defense claim"
visible-203-4266636384163669,visible,203,雷兽神坛,4266636384163669,机木玄师,monstermap/robothyun.swf,35,术士+,2200,860,130,226,,,,,179,313,法术普通攻击,magic,1,4,4264636384163425;4266636384163669;4268636384164547;4270636384165790,"local half-defense full rerun: strict normal half-defense n=1, resolved p50=225.500; baseline attack=218; local policy, not an original-server Attack claim; map203 user-directed same-encounter defense ratio estimate: 313 * 220 / 385 = 179 from 熊鹿 captured defense/magic-defense pair; not an original-server Defense claim; map203 炎狩术 Lv5 static-group magic defense candidates=315|311, resolved p50=313, n=2; local policy, not an original-server Defense claim"
visible-203-4268636384164547,visible,203,雷兽神坛,4268636384164547,机木玄师,monstermap/robothyun.swf,35,术士+,2200,860,130,226,,,,,179,313,法术普通攻击,magic,1,4,4264636384163425;4266636384163669;4268636384164547;4270636384165790,"local half-defense full rerun: strict normal half-defense n=1, resolved p50=225.500; baseline attack=218; local policy, not an original-server Attack claim; map203 user-directed same-encounter defense ratio estimate: 313 * 220 / 385 = 179 from 熊鹿 captured defense/magic-defense pair; not an original-server Defense claim; map203 炎狩术 Lv5 static-group magic defense candidates=315|311, resolved p50=313, n=2; local policy, not an original-server Defense claim"
visible-203-4270636384165790,visible,203,雷兽神坛,4270636384165790,机木玄师,monstermap/robothyun.swf,35,术士+,2200,860,130,226,,,,,179,313,法术普通攻击,magic,1,4,4264636384163425;4266636384163669;4268636384164547;4270636384165790,"local half-defense full rerun: strict normal half-defense n=1, resolved p50=225.500; baseline attack=218; local policy, not an original-server Attack claim; map203 user-directed same-encounter defense ratio estimate: 313 * 220 / 385 = 179 from 熊鹿 captured defense/magic-defense pair; not an original-server Defense claim; map203 炎狩术 Lv5 static-group magic defense candidates=315|311, resolved p50=313, n=2; local policy, not an original-server Defense claim"
