candidate_id,map_id,map_name,monster_name,max_hp,window_count,experience_counts,item_counts,item_drop_windows,item_observed_rates,reward_indices,source,status
179-dhwarrior-4900,179,葬龙潭_1,骷髅妖兵,4900,25,0x5,兽骨x31;头骨x4;兽血x2,兽骨x20;头骨x4;兽血x2,兽骨=20/25;头骨=4/25;兽血=2/25,desktop:tmp/zanglongtan-desktop-dedup-20260812.csv;web:tmp/zanglongtan-web-drop-attribution-20260812.json,desktop+web SHA-256 dedup; Web only single-enemy battle windows; multi-enemy encounter rewards excluded from per-monster runtime rolls,candidate
179-dhwarrior-5400,179,葬龙潭_1,骷髅妖兵,5400,73,0x15,兽血x7;头骨x7;兽骨x79;骷髅面甲x1;魂之石x1,兽血x7;头骨x7;兽骨x61;骷髅面甲x1;魂之石x1,兽血=7/73;头骨=7/73;兽骨=61/73;骷髅面甲=1/73;魂之石=1/73,desktop:tmp/zanglongtan-desktop-dedup-20260812.csv;web:tmp/zanglongtan-web-drop-attribution-20260812.json,desktop+web SHA-256 dedup; Web only single-enemy battle windows; multi-enemy encounter rewards excluded from per-monster runtime rolls,candidate
180-dhwarrior-4900,180,葬龙潭_2,骷髅妖兵,4900,65,0x11,头骨x5;魂之石x4;妖兵护腕x1;兽血x5;兽骨x68,头骨x5;魂之石x4;妖兵护腕x1;兽血x5;兽骨x55,头骨=5/65;魂之石=4/65;妖兵护腕=1/65;兽血=5/65;兽骨=55/65,desktop:tmp/zanglongtan-desktop-dedup-20260812.csv;web:tmp/zanglongtan-web-drop-attribution-20260812.json,desktop+web SHA-256 dedup; Web only single-enemy battle windows; multi-enemy encounter rewards excluded from per-monster runtime rolls,candidate
180-dhwarrior-5400,180,葬龙潭_2,骷髅妖兵,5400,11,0x7,头骨x7;兽骨x7;兽血x1,头骨x7;兽骨x6;兽血x1,头骨=7/11;兽骨=6/11;兽血=1/11,desktop:tmp/zanglongtan-desktop-dedup-20260812.csv;web:tmp/zanglongtan-web-drop-attribution-20260812.json,desktop+web SHA-256 dedup; Web only single-enemy battle windows; multi-enemy encounter rewards excluded from per-monster runtime rolls,candidate
181-bonelance-8400,181,葬龙潭_3,白骨枪兵,8400,30,0x4,头骨x2;兽血x1;兽骨x3;魂之石x2;力之玄文x1;暗力之源x2,头骨x2;兽血x1;兽骨x3;魂之石x2;力之玄文x1;暗力之源x2,头骨=2/30;兽血=1/30;兽骨=3/30;魂之石=2/30;力之玄文=1/30;暗力之源=2/30,desktop:tmp/zanglongtan-desktop-dedup-20260812.csv;web:tmp/zanglongtan-web-drop-attribution-20260812.json,desktop+web SHA-256 dedup; Web only single-enemy battle windows; multi-enemy encounter rewards excluded from per-monster runtime rolls,candidate
181-dhwarrior-5000,181,葬龙潭_3,骷髅妖兵,5000,3,0x3,兽血x4;魂之石x2;头骨x2;L小喇叭x1,兽血x3;魂之石x2;头骨x2;L小喇叭x1,兽血=3/3;魂之石=2/3;头骨=2/3;L小喇叭=1/3,desktop:tmp/zanglongtan-desktop-dedup-20260812.csv;web:tmp/zanglongtan-web-drop-attribution-20260812.json,desktop+web SHA-256 dedup; Web only single-enemy battle windows; multi-enemy encounter rewards excluded from per-monster runtime rolls,candidate
182-bonelance-8400,182,葬龙潭_4,白骨枪兵,8400,7,0x6,头骨x5;兽骨x3;L小喇叭x1;兽血x1,头骨x5;兽骨x3;L小喇叭x1;兽血x1,头骨=5/7;兽骨=3/7;L小喇叭=1/7;兽血=1/7,desktop:tmp/zanglongtan-desktop-dedup-20260812.csv;web:tmp/zanglongtan-web-drop-attribution-20260812.json,desktop+web SHA-256 dedup; Web only single-enemy battle windows; multi-enemy encounter rewards excluded from per-monster runtime rolls,candidate
182-dhwarrior-5300,182,葬龙潭_4,骷髅妖兵,5300,4,0x3,兽血x2;兽骨x4;头骨x2,兽血x2;兽骨x3;头骨x1,兽血=2/4;兽骨=3/4;头骨=1/4,desktop:tmp/zanglongtan-desktop-dedup-20260812.csv;web:tmp/zanglongtan-web-drop-attribution-20260812.json,desktop+web SHA-256 dedup; Web only single-enemy battle windows; multi-enemy encounter rewards excluded from per-monster runtime rolls,candidate
182-hadesrabbi-5500,182,葬龙潭_4,灭阎首领,5500,4,0x2,头骨x1;兽血x1;图腾面具x1;魂之石x1;兽骨x1,头骨x1;兽血x1;图腾面具x1;魂之石x1;兽骨x1,头骨=1/4;兽血=1/4;图腾面具=1/4;魂之石=1/4;兽骨=1/4,desktop:tmp/zanglongtan-desktop-dedup-20260812.csv;web:tmp/zanglongtan-web-drop-attribution-20260812.json,desktop+web SHA-256 dedup; Web only single-enemy battle windows; multi-enemy encounter rewards excluded from per-monster runtime rolls,candidate
183-dhwarrior-5300,183,葬龙潭_5,骷髅妖兵,5300,2,0x2,头骨x2;兽血x1,头骨x2;兽血x1,头骨=2/2;兽血=1/2,20260802_122156_881_auto_move_session/conn_0002/server-to-client-0001.bin#7844|7961,desktop SHA-256 dedup; no current visible monster mapping; retained for audit only,audit_only
183-hadesrabbi-4700,183,葬龙潭_5,灭阎法师,4700,1,0x1,兽骨x1,兽骨x1,兽骨=1/1,20260802_122156_881_auto_move_session/conn_0002/server-to-client-0001.bin#7472,desktop SHA-256 dedup; no current visible monster mapping; retained for audit only,audit_only
184-bonelance-8600,184,葬龙潭_6,白骨枪兵,8600,2,0x2,头骨x2;兽血x1,头骨x2;兽血x1,头骨=2/2;兽血=1/2,20260802_122156_881_auto_move_session/conn_0002/server-to-client-0001.bin#8360|8622,desktop SHA-256 dedup; no current visible monster mapping; retained for audit only,audit_only
184-hadesrabbi-5100,184,葬龙潭_6,灭阎法师,5100,3,0x3,甘露x2;L小喇叭x1;兽骨x1;头骨x1,甘露x2;L小喇叭x1;兽骨x1;头骨x1,甘露=2/3;L小喇叭=1/3;兽骨=1/3;头骨=1/3,20260802_122156_881_auto_move_session/conn_0002/server-to-client-0001.bin#9204|9392;20260802_140559_811_auto_move_session/conn_0002/server-to-client-0001.bin#12125,desktop SHA-256 dedup; no current visible monster mapping; retained for audit only,audit_only
185-bonelance-8700,185,葬龙潭_7,白骨枪兵,8700,30,0x8,兽血x6;魂之石x2;头骨x3;兽骨x1;L小喇叭x1;鬼面护肩x1;青鳞护腰x1;暗力之源x1;木材x1,兽血x5;魂之石x2;头骨x3;兽骨x1;L小喇叭x1;鬼面护肩x1;青鳞护腰x1;暗力之源x1;木材x1,兽血=5/30;魂之石=2/30;头骨=3/30;兽骨=1/30;L小喇叭=1/30;鬼面护肩=1/30;青鳞护腰=1/30;暗力之源=1/30;木材=1/30,desktop:tmp/zanglongtan-desktop-dedup-20260812.csv;web:tmp/zanglongtan-web-drop-attribution-20260812.json,desktop+web SHA-256 dedup; Web only single-enemy battle windows; multi-enemy encounter rewards excluded from per-monster runtime rolls,candidate
185-dhwarrior-5400,185,葬龙潭_7,骷髅妖兵,5400,8,0x8,兽血x4;头骨x8;兽骨x5;锁纹护腰x1;L小喇叭x2;魂之石x1,兽血x4;头骨x6;兽骨x5;锁纹护腰x1;L小喇叭x2;魂之石x1,兽血=4/8;头骨=6/8;兽骨=5/8;锁纹护腰=1/8;L小喇叭=2/8;魂之石=1/8,desktop:tmp/zanglongtan-desktop-dedup-20260812.csv;web:tmp/zanglongtan-web-drop-attribution-20260812.json,desktop+web SHA-256 dedup; Web only single-enemy battle windows; multi-enemy encounter rewards excluded from per-monster runtime rolls,candidate
186-dhwarrior-5400,186,葬龙潭_8,骷髅妖兵,5400,9,0x4,头骨x5;兽血x1;兽骨x8;魂之石x1;L小喇叭x1,头骨x4;兽血x1;兽骨x7;魂之石x1;L小喇叭x1,头骨=4/9;兽血=1/9;兽骨=7/9;魂之石=1/9;L小喇叭=1/9,desktop:tmp/zanglongtan-desktop-dedup-20260812.csv;web:tmp/zanglongtan-web-drop-attribution-20260812.json,desktop+web SHA-256 dedup; Web only single-enemy battle windows; multi-enemy encounter rewards excluded from per-monster runtime rolls,candidate
186-bonelance-8700,186,葬龙潭_8,白骨枪兵,8700,65,0x0,黑钢刃x3,黑钢刃x3,黑钢刃=3/65,web:tmp/zanglongtan-web-drop-attribution-20260812.json,user attribution 2026-08-12: map186 multi-enemy reward 黑钢刃 belongs to 白骨枪兵; capture-backed approximate,candidate
186-dragonson-13000,186,葬龙潭_8,龙娃,13000,5,0x1,魂之石x2;黑钢链x1;大龙骨x1;铜钱x1000;宝匣x4;初级精炼宝石x10;精炼宝石x3;力之玄文x2;风火轮x1;头骨x1;兽骨x2;银元宝x5,魂之石x1;黑钢链x1;大龙骨x1;铜钱x1;宝匣x4;初级精炼宝石x10;精炼宝石x3;力之玄文x2;风火轮x1;头骨x1;兽骨x1;银元宝x1,魂之石=1/5;黑钢链=1/5;大龙骨=1/5;铜钱=1/5;宝匣=4/5;初级精炼宝石=10/59;精炼宝石=3/59;力之玄文=2/59;风火轮=1/59;头骨=1/5;兽骨=1/5;银元宝=1/5,desktop:tmp/zanglongtan-desktop-dedup-20260812.csv;web:tmp/zanglongtan-web-drop-attribution-20260812.json,desktop+web SHA-256 dedup; user attribution 2026-08-12 assigns map186 multi-enemy rewards 初级精炼宝石/精炼宝石/力之玄文/风火轮 to 龙娃; web window rates are capture-backed approximate,candidate
186-hadesrabbi-5150,186,葬龙潭_8,灭阎法师,5150,6,0x4,头骨x3;兽骨x2;图腾面具x3;甘露x3;兽血x6,头骨x3;兽骨x2;图腾面具x2;甘露x3;兽血x4,头骨=3/6;兽骨=2/6;图腾面具=2/6;甘露=3/6;兽血=4/6,desktop:tmp/zanglongtan-desktop-dedup-20260812.csv;web:tmp/zanglongtan-web-drop-attribution-20260812.json,desktop+web SHA-256 dedup; Web only single-enemy battle windows; multi-enemy encounter rewards excluded from per-monster runtime rolls,candidate
210-glassyx-1530,210,草坝_4,草刺槐,1530,48,1404x10;1416x4;1448x3;1464x2;2808x16;2832x6;2896x4;2928x3,韧苇叶x39;斗草叶x5;魂根x6;L小喇叭x8,韧苇叶x38;斗草叶x5;魂根x6;L小喇叭x8,韧苇叶=38/48;斗草叶=5/48;魂根=6/48;L小喇叭=8/48,20260704_151008_059_session_32068/20260704_151124_915_conn_0002/server-to-client-0001.bin#364;20260711_205359_937_auto_move_session/conn_0002/server-to-client-0001.bin#4015,20260704_151008_059_session_32068/20260704_151124_915_conn_0002/server-to-client-0001.bin;20260711_205359_937_auto_move_session/conn_0002/server-to-client-0001.bin,candidate
210-glasszs-2000,210,草坝_4,草须芒,2000,32,1404x6;1416x1;1448x2;1464x2;2808x15;2832x2;2896x1;2928x1,斗草叶x22;韧苇叶x8;L小喇叭x8;珍元护肩x1,斗草叶x21;韧苇叶x8;L小喇叭x7;珍元护肩x1,斗草叶=21/32;韧苇叶=8/32;L小喇叭=7/32;珍元护肩=1/32,20260704_151008_059_session_32068/20260704_151124_915_conn_0002/server-to-client-0001.bin#4428;20260711_205359_937_auto_move_session/conn_0002/server-to-client-0001.bin#8076,20260704_151008_059_session_32068/20260704_151124_915_conn_0002/server-to-client-0001.bin;20260711_205359_937_auto_move_session/conn_0002/server-to-client-0001.bin,candidate
216-glassss-1357,216,草坝_11,草球蔓,1357,262,748x6;764x2;772x1;1480x31;1496x37;1512x2;1528x8;1544x17;2960x51;2992x53;3024x1;3056x14;3088x29,韧苇叶x132;斗草叶x131;L小喇叭x32;甘兰香x17;珍元护腕x2;珍元护腰x8;画皮寨通行证x2,韧苇叶x122;斗草叶x126;L小喇叭x32;甘兰香x17;珍元护腕x2;珍元护腰x8;画皮寨通行证x2,韧苇叶=122/262;斗草叶=126/262;L小喇叭=32/262;甘兰香=17/262;珍元护腕=2/262;珍元护腰=8/262;画皮寨通行证=2/262,20260704_151008_059_session_32068/20260704_151124_915_conn_0002/server-to-client-0001.bin#24719;20260711_205359_937_auto_move_session/conn_0002/server-to-client-0001.bin#344;20260712_022452_142_auto_move_session/conn_0002/server-to-client-0001.bin#604,20260704_151008_059_session_32068/20260704_151124_915_conn_0002/server-to-client-0001.bin;20260711_205359_937_auto_move_session/conn_0002/server-to-client-0001.bin;20260712_022452_142_auto_move_session/conn_0002/server-to-client-0001.bin,candidate
222-glassss-1450,222,草坝_16,草球蔓,1450,124,788x1;1560x29;1576x9;3120x19;3152x15;4680x30;4728x10,韧苇叶x73;L小喇叭x18;斗草叶x72;珍元护腕x4;珍元护腰x1;甘兰香x6,韧苇叶x63;L小喇叭x18;斗草叶x64;珍元护腕x4;珍元护腰x1;甘兰香x6,韧苇叶=63/124;L小喇叭=18/124;斗草叶=64/124;珍元护腕=4/124;珍元护腰=1/124;甘兰香=6/124,20260712_022452_142_auto_move_session/conn_0002/server-to-client-0001.bin#26206;20260712_172043_134_auto_move_session/conn_0002/server-to-client-0001.bin#2889,20260712_022452_142_auto_move_session/conn_0002/server-to-client-0001.bin;20260712_172043_134_auto_move_session/conn_0002/server-to-client-0001.bin,candidate
5-graywolf-15,5,云隐村口_1,山林狼兽,15,2,0x2,肉x2;兽牙x1,肉x2;兽牙x1,肉=2/2;兽牙=1/2,20260517_043413_010_conn_0005#107|192,20260517_043413_010_conn_0005,candidate
6-sandstonespider-15,6,大佛村口,砂岩蜘蛛,15,10,0x3;12x1;14x6,丝x8;虫壳x3;石块x3,丝x8;虫壳x3;石块x3,丝=8/10;虫壳=3/10;石块=3/10,instance2.staging/20260606_210959_953_conn_0002/server-to-client-0001.bin#313|347|530|568|833|890|1454|2365|2469|3564,instance2.staging/20260606_210959_953_conn_0002/server-to-client-0001.bin,candidate
7-sandwolf-15,7,卧佛谷_1,砂狼兽,15,6,0x2;12x4,兽血x3;肉x2;毛皮x3;兽牙x1,兽血x3;肉x2;毛皮x3;兽牙x1,兽血=3/6;肉=2/6;毛皮=3/6;兽牙=1/6,instance2.staging/20260606_210959_953_conn_0002/server-to-client-0001.bin#1132|1165|1379|1414;20260605_230911_564_session_21960/20260605_230922_544_conn_0002/server-to-client-0001.bin#22244;20260613_111650_689_session_17088/20260613_111711_184_conn_0002/server-to-client-0001.bin#9287,instance2.staging/20260606_210959_953_conn_0002/server-to-client-0001.bin;20260605_230911_564_session_21960/20260605_230922_544_conn_0002/server-to-client-0001.bin;20260613_111650_689_session_17088/20260613_111711_184_conn_0002/server-to-client-0001.bin,candidate
8-sandstonespider-45,8,卧佛谷_2,砂岩蜘蛛,45,2,0x2,虫壳x2,虫壳x2,虫壳=2/2,instance2.staging/20260606_215548_514_conn_0005/server-to-client-0001.bin#186;20260605_230911_564_session_21960/20260605_230922_544_conn_0002/server-to-client-0001.bin#22282,instance2.staging/20260606_215548_514_conn_0005/server-to-client-0001.bin;20260605_230911_564_session_21960/20260605_230922_544_conn_0002/server-to-client-0001.bin,candidate
9-forestspider-45,9,云隐村口_2,山林蜘蛛,45,1,0x1,丝x1;虫壳x1,丝x1;虫壳x1,丝=1/1;虫壳=1/1,20260517_184742_475_conn_0002#400,20260517_184742_475_conn_0002,candidate
10-frog-15,10,涧庭村口,猴蛙,15,8,0x2;12x1;14x5,肉x4;黏液x6;丝x1;兽骨x2;兽血x2;L小喇叭x1,肉x4;黏液x6;丝x1;兽骨x2;兽血x2;L小喇叭x1,肉=4/8;黏液=6/8;丝=1/8;兽骨=2/8;兽血=2/8;L小喇叭=1/8,20260522_222531_099_conn_0002#213|258|426|491|875|1542|1879;20260523_210149_461_conn_0002#205,20260522_222531_099_conn_0002;20260523_210149_461_conn_0002,candidate
11-toad-15,11,涧庭道_1,蟾蜍,15,8,0x1;12x4;14x3,黏液x7;兽血x2;丝x2;肉x2;兽骨x2;L小喇叭x2,黏液x7;兽血x2;丝x2;肉x2;兽骨x2;L小喇叭x2,黏液=7/8;兽血=2/8;丝=2/8;肉=2/8;兽骨=2/8;L小喇叭=2/8,20260522_222531_099_conn_0002#915|969|1002|1171|1446|1476|1507;20260523_210149_461_conn_0002#241,20260522_222531_099_conn_0002;20260523_210149_461_conn_0002,candidate
12-frog-15,12,涧庭道_2,猴蛙,15,1,0x1,L小喇叭x1;黏液x1;丝x1,L小喇叭x1;黏液x1;丝x1,L小喇叭=1/1;黏液=1/1;丝=1/1,20260523_210149_461_conn_0002#444,20260523_210149_461_conn_0002,candidate
15-swordbird-112,15,云隐山道_3,刺鸟,112,4,0x4,羽x3;肉x1;喙x2,羽x3;肉x1;喙x2,羽=3/4;肉=1/4;喙=2/4,20260605_230911_564_session_21960/20260605_230922_544_conn_0002/server-to-client-0001.bin#214|251|296|1153,20260605_230911_564_session_21960/20260605_230922_544_conn_0002/server-to-client-0001.bin,candidate
16-swordbird-112,16,云隐山道_4,刺鸟,112,3,0x3,喙x1;羽x2,喙x1;羽x2,喙=1/3;羽=2/3,instance2.staging/20260607_013640_125_conn_0011/server-to-client-0001.bin#782|1102;20260605_230911_564_session_21960/20260605_230922_544_conn_0002/server-to-client-0001.bin#1460,instance2.staging/20260607_013640_125_conn_0011/server-to-client-0001.bin;20260605_230911_564_session_21960/20260605_230922_544_conn_0002/server-to-client-0001.bin,candidate
17-jdby-155,17,云隐山道_5,尖刀暴牙,155,4,0x4,兽牙x4;石块x2;头骨x4,兽牙x3;石块x2;头骨x4,兽牙=3/4;石块=2/4;头骨=4/4,20260605_230911_564_session_21960/20260605_230922_544_conn_0002/server-to-client-0001.bin#367|434|479|1565,20260605_230911_564_session_21960/20260605_230922_544_conn_0002/server-to-client-0001.bin,candidate
18-baimagicrock-570,18,飞仙崖,白咒石怪,570,7,0x7,石块x6;碎铁矿x4;L小喇叭x1;废渣x4,石块x5;碎铁矿x4;L小喇叭x1;废渣x3,石块=5/7;碎铁矿=4/7;L小喇叭=1/7;废渣=3/7,20260605_230911_564_session_21960/20260605_230922_544_conn_0002/server-to-client-0001.bin#2740|2829|3016|3143|3253|3327|5032,20260605_230911_564_session_21960/20260605_230922_544_conn_0002/server-to-client-0001.bin,candidate
18-baimagicrock-632,18,飞仙崖,白咒石怪,632,4,0x4,废渣x3;石块x2;碎铁矿x3;L小喇叭x1,废渣x3;石块x2;碎铁矿x3;L小喇叭x1,废渣=3/4;石块=2/4;碎铁矿=3/4;L小喇叭=1/4,20260605_230911_564_session_21960/20260605_230922_544_conn_0002/server-to-client-0001.bin#2275|2397|2456|2520,20260605_230911_564_session_21960/20260605_230922_544_conn_0002/server-to-client-0001.bin,candidate
18-baimagicrock-745,18,飞仙崖,白咒石怪,745,3,0x3,废渣x3;石块x2;碎铁矿x1,废渣x3;石块x2;碎铁矿x1,废渣=3/3;石块=2/3;碎铁矿=1/3,20260605_230911_564_session_21960/20260605_230922_544_conn_0002/server-to-client-0001.bin#2673|5121|5171,20260605_230911_564_session_21960/20260605_230922_544_conn_0002/server-to-client-0001.bin,candidate
18-bluemagicrock-560,18,飞仙崖,蓝咒石怪,560,3,0x3,碎铁矿x1;石块x1;废渣x1,碎铁矿x1;石块x1;废渣x1,碎铁矿=1/3;石块=1/3;废渣=1/3,20260605_230911_564_session_21960/20260605_230922_544_conn_0002/server-to-client-0001.bin#1723|1764|1849,20260605_230911_564_session_21960/20260605_230922_544_conn_0002/server-to-client-0001.bin,candidate
18-bluemagicrock-573,18,飞仙崖,蓝咒石怪,573,1,0x1,石块x1;碎铁矿x1,石块x1;碎铁矿x1,石块=1/1;碎铁矿=1/1,20260605_230911_564_session_21960/20260605_230922_544_conn_0002/server-to-client-0001.bin#2037,20260605_230911_564_session_21960/20260605_230922_544_conn_0002/server-to-client-0001.bin,candidate
18-bluemagicrock-586,18,飞仙崖,蓝咒石怪,586,3,0x3,废渣x3;碎铁矿x1;石块x1,废渣x3;碎铁矿x1;石块x1,废渣=3/3;碎铁矿=1/3;石块=1/3,20260605_230911_564_session_21960/20260605_230922_544_conn_0002/server-to-client-0001.bin#1991|2196|2241,20260605_230911_564_session_21960/20260605_230922_544_conn_0002/server-to-client-0001.bin,candidate
18-crystalrock-547,18,飞仙崖,晶石怪,547,9,292x7;584x2,废渣x8;石块x5;碎铁矿x4,废渣x7;石块x5;碎铁矿x3,废渣=7/9;石块=5/9;碎铁矿=3/9,20260605_230911_564_session_21960/20260605_230922_544_conn_0002/server-to-client-0001.bin#4384|5293|5337|5545|6107|6402|6549|7024|7642,20260605_230911_564_session_21960/20260605_230922_544_conn_0002/server-to-client-0001.bin,candidate
18-crystalrock-708,18,飞仙崖,晶石怪,708,6,292x5;584x1,碎铁矿x1;废渣x5;石块x2,碎铁矿x1;废渣x5;石块x2,碎铁矿=1/6;废渣=5/6;石块=2/6,20260605_230911_564_session_21960/20260605_230922_544_conn_0002/server-to-client-0001.bin#3588|3707|3841|4042|4848|6598,20260605_230911_564_session_21960/20260605_230922_544_conn_0002/server-to-client-0001.bin,candidate
18-crystalrock-730,18,飞仙崖,晶石怪,730,5,632x5,石块x6;废渣x6;碎铁矿x2;L小喇叭x1,石块x5;废渣x3;碎铁矿x2;L小喇叭x1,石块=5/5;废渣=3/5;碎铁矿=2/5;L小喇叭=1/5,20260605_230911_564_session_21960/20260605_230922_544_conn_0002/server-to-client-0001.bin#5915|6060|7307|7514|7955,20260605_230911_564_session_21960/20260605_230922_544_conn_0002/server-to-client-0001.bin,candidate
18-jdby-160,18,飞仙崖,尖刀暴牙,160,2,0x2,石块x2;兽牙x1,石块x2;兽牙x1,石块=2/2;兽牙=1/2,instance2.staging/20260607_013640_125_conn_0011/server-to-client-0001.bin#446;20260605_230911_564_session_21960/20260605_230922_544_conn_0002/server-to-client-0001.bin#1621,instance2.staging/20260607_013640_125_conn_0011/server-to-client-0001.bin;20260605_230911_564_session_21960/20260605_230922_544_conn_0002/server-to-client-0001.bin,candidate
18-largerock-1500,18,飞仙崖,巨岩魔,1500,2,682x1;0x1,废渣x2;石块x3;水晶x2;岩魔菱石x2;岩魔球石x2;巨岩魔的拳x2;巨岩魔的头x1;岩化护腿x2;蓝晶护肩x2;岩魔剑x1;宝匣x1,废渣x2;石块x2;水晶x2;岩魔菱石x2;岩魔球石x2;巨岩魔的拳x2;巨岩魔的头x1;岩化护腿x2;蓝晶护肩x2;岩魔剑x1;宝匣x1,废渣=2/2;石块=2/2;水晶=2/2;岩魔菱石=2/2;岩魔球石=2/2;巨岩魔的拳=2/2;巨岩魔的头=1/2;岩化护腿=1/5;蓝晶护肩=1/5;岩魔剑=1/5;宝匣=1/2,20260605_230911_564_session_21960/20260605_230922_544_conn_0002/server-to-client-0001.bin#7868;20260613_160656_039_session_27124/20260613_160706_875_conn_0002/server-to-client-0001.bin#2692,20260605_230911_564_session_21960/20260605_230922_544_conn_0002/server-to-client-0001.bin;20260613_160656_039_session_27124/20260613_160706_875_conn_0002/server-to-client-0001.bin,candidate
18-magicrockman-1500,18,飞仙崖,岩化魔人,1500,2,658x1;0x1,废渣x1;碎铁矿x1;石块x3;岩化护腿x2;碎金片x1;岩魔菱石x1,废渣x1;碎铁矿x1;石块x2;岩化护腿x2;碎金片x1;岩魔菱石x1,废渣=1/2;碎铁矿=1/2;石块=2/2;岩化护腿=1/5;碎金片=1/2;岩魔菱石=1/2,20260605_230911_564_session_21960/20260605_230922_544_conn_0002/server-to-client-0001.bin#6237;20260613_160656_039_session_27124/20260613_160706_875_conn_0002/server-to-client-0001.bin#2048,20260605_230911_564_session_21960/20260605_230922_544_conn_0002/server-to-client-0001.bin;20260613_160656_039_session_27124/20260613_160706_875_conn_0002/server-to-client-0001.bin,candidate
31-yagu-220,31,平原_1,牙菇,220,2,0x2,蘑菇x1;毒囊x1;L小喇叭x1,蘑菇x1;毒囊x1;L小喇叭x1,蘑菇=1/2;毒囊=1/2;L小喇叭=1/2,20260531_124707_399_session_23556/20260531_124713_924_conn_0002/server-to-client-0001.bin#9962|10052,20260531_124707_399_session_23556/20260531_124713_924_conn_0002/server-to-client-0001.bin,candidate
33-bambooboy-800,33,平原_2,竹妖首领,800,1,732x1,甘露x1;宝匣x2,甘露x1;宝匣x1,甘露=1/1;宝匣=1/1,instance2.staging/20260613_165248_812_conn_0002/server-to-client-0001.bin#525,instance2.staging/20260613_165248_812_conn_0002/server-to-client-0001.bin,candidate
33-blackiron-260,33,平原_2,黑铁怪,260,83,0x81;168x2,废渣x39;石块x40;碎铁矿x38;L小喇叭x3;铁块x1,废渣x39;石块x40;碎铁矿x38;L小喇叭x3;铁块x1,废渣=39/83;石块=40/83;碎铁矿=38/83;L小喇叭=3/83;铁块=1/83,instance2.staging/20260606_215548_514_conn_0005/server-to-client-0001.bin#3352|3394;instance2.staging/20260612_211850_206_conn_0002/server-to-client-0001.bin#6283|6312|6354|6403|6433|6512|6553|6614|6739|6819|6855|6893|6940|6983|7024|7054|7097|7129|7202|7246|7303|7351|7398;instance2.staging/20260613_165248_812_conn_0002/server-to-client-0001.bin#636|680;20260528_223742_571_session_45112/20260528_223753_707_conn_0002/server-to-client-0001.bin#2639|2674;20260530_013348_770_session_22244/20260530_013356_323_conn_0002/server-to-client-0001.bin#251|286|342|400;20260530_140245_657_session_19972/20260530_140252_496_conn_0002/server-to-client-0001.bin#399|436|466|521|557|596|1066|1096|1126|1182|1236;20260531_023839_239_session_45660/20260531_023846_804_conn_0002/server-to-client-0001.bin#115|147;20260531_030921_326_session_42888/20260531_030928_076_conn_0002/server-to-client-0001.bin#206|237|268|300|340|385|413|440|468|510|542|572|608|644|682|716;20260531_124707_399_session_23556/20260531_124713_924_conn_0002/server-to-client-0001.bin#10172|10238|10275|10309|10385|10450|10491|10526|10592|10623|10661|10694|10743|10773|10836|10874|10910|10945|10976|11006|11068,instance2.staging/20260606_215548_514_conn_0005/server-to-client-0001.bin;instance2.staging/20260612_211850_206_conn_0002/server-to-client-0001.bin;instance2.staging/20260613_165248_812_conn_0002/server-to-client-0001.bin;20260528_223742_571_session_45112/20260528_223753_707_conn_0002/server-to-client-0001.bin;20260530_013348_770_session_22244/20260530_013356_323_conn_0002/server-to-client-0001.bin;20260530_140245_657_session_19972/20260530_140252_496_conn_0002/server-to-client-0001.bin;20260531_023839_239_session_45660/20260531_023846_804_conn_0002/server-to-client-0001.bin;20260531_030921_326_session_42888/20260531_030928_076_conn_0002/server-to-client-0001.bin;20260531_124707_399_session_23556/20260531_124713_924_conn_0002/server-to-client-0001.bin,candidate
34-bomepig-260,34,平原_3,爆骨猪,260,11,0x8;206x3,兽骨x2;毛皮x6;肉x2;兽血x4;大猪牙x2;L小喇叭x1,兽骨x2;毛皮x6;肉x2;兽血x4;大猪牙x2;L小喇叭x1,兽骨=2/11;毛皮=6/11;肉=2/11;兽血=4/11;大猪牙=2/11;L小喇叭=1/11,instance2.staging/20260613_165248_812_conn_0002/server-to-client-0001.bin#865;20260524_113450_799_conn_0002#2533|2590|2667;20260531_124707_399_session_23556/20260531_124713_924_conn_0002/server-to-client-0001.bin#11192|11228|11312|11378|11492|11524|11617,instance2.staging/20260613_165248_812_conn_0002/server-to-client-0001.bin;20260524_113450_799_conn_0002;20260531_124707_399_session_23556/20260531_124713_924_conn_0002/server-to-client-0001.bin,candidate
34-yagu-230,34,平原_3,牙菇,230,4,0x2;182x2,蘑菇x2;毒囊x2;毛皮x1;兽血x1,蘑菇x2;毒囊x2;毛皮x1;兽血x1,蘑菇=2/4;毒囊=2/4;毛皮=1/4;兽血=1/4,instance2.staging/20260613_165248_812_conn_0002/server-to-client-0001.bin#962;20260524_113450_799_conn_0002#2621|2759;20260531_124707_399_session_23556/20260531_124713_924_conn_0002/server-to-client-0001.bin#11672,instance2.staging/20260613_165248_812_conn_0002/server-to-client-0001.bin;20260524_113450_799_conn_0002;20260531_124707_399_session_23556/20260531_124713_924_conn_0002/server-to-client-0001.bin,candidate
35-bomepig-295,35,平原_4,爆骨猪,295,5,0x5,大猪牙x2;毛皮x4;兽骨x1;兽血x1;肉x1,大猪牙x1;毛皮x4;兽骨x1;兽血x1;肉x1,大猪牙=1/5;毛皮=4/5;兽骨=1/5;兽血=1/5;肉=1/5,instance2.staging/20260613_165248_812_conn_0002/server-to-client-0001.bin#1057|1094|1123;20260531_030921_326_session_42888/20260531_030928_076_conn_0002/server-to-client-0001.bin#953|990,instance2.staging/20260613_165248_812_conn_0002/server-to-client-0001.bin;20260531_030921_326_session_42888/20260531_030928_076_conn_0002/server-to-client-0001.bin,candidate
36-bomepig-265,36,平原_5,爆骨猪,265,45,0x11;236x1;440x4;448x10;460x2;472x4;880x5;896x3;944x4,兽血x17;兽骨x16;毛皮x21;肉x17;大猪牙x12;L小喇叭x1,兽血x15;兽骨x14;毛皮x18;肉x17;大猪牙x12;L小喇叭x1,兽血=15/45;兽骨=14/45;毛皮=18/45;肉=17/45;大猪牙=12/45;L小喇叭=1/45,instance2.staging/20260607_004047_780_conn_0009/server-to-client-0001.bin#662|712|852|911|1169|1260|1323|1863|1925|2060|2219|2387;instance2.staging/20260607_013640_125_conn_0011/server-to-client-0001.bin#4137;instance2.staging/20260616_215819_960_conn_0002/server-to-client-0001.bin#8079;instance2.staging/20260623_220652_796_conn_0003/server-to-client-0001.bin#3035;20260524_113450_799_conn_0002#7909|7996|8053|8102|8391|8594|8668|8748|8847;20260531_124707_399_session_23556/20260531_124713_924_conn_0002/server-to-client-0001.bin#2031|2219|2692|2836|3004|3219|3361;20260611_222123_073_session_33544/20260611_222129_098_conn_0002/server-to-client-0001.bin#271|436|546|665|1202|1372|1426|1569|1798|1866|1919|1971;20260616_215712_071_session_41212/20260616_215718_725_conn_0002/server-to-client-0001.bin#2885;20260623_220255_773_session_30460/20260623_220301_631_conn_0002/server-to-client-0001.bin#2332,instance2.staging/20260607_004047_780_conn_0009/server-to-client-0001.bin;instance2.staging/20260607_013640_125_conn_0011/server-to-client-0001.bin;instance2.staging/20260616_215819_960_conn_0002/server-to-client-0001.bin;instance2.staging/20260623_220652_796_conn_0003/server-to-client-0001.bin;20260524_113450_799_conn_0002;20260531_124707_399_session_23556/20260531_124713_924_conn_0002/server-to-client-0001.bin;20260611_222123_073_session_33544/20260611_222129_098_conn_0002/server-to-client-0001.bin;20260616_215712_071_session_41212/20260616_215718_725_conn_0002/server-to-client-0001.bin;20260623_220255_773_session_30460/20260623_220301_631_conn_0002/server-to-client-0001.bin,candidate
36-bomepig-280,36,平原_5,爆骨猪,280,75,0x25;224x1;440x6;448x11;460x3;472x2;880x9;896x8;920x3;944x7,大猪牙x26;毛皮x39;L小喇叭x8;肉x39;兽血x23;兽骨x33;野猪的头x1,大猪牙x25;毛皮x38;L小喇叭x8;肉x36;兽血x21;兽骨x29;野猪的头x1,大猪牙=25/75;毛皮=38/75;L小喇叭=8/75;肉=36/75;兽血=21/75;兽骨=29/75;野猪的头=1/75,instance2.staging/20260607_004047_780_conn_0009/server-to-client-0001.bin#997|1076|1404|1499|1567|1626|1730|1820|1970|2165|2336|2573|2611|2730|2816;instance2.staging/20260607_013640_125_conn_0011/server-to-client-0001.bin#4193|4312;instance2.staging/20260623_220652_796_conn_0003/server-to-client-0001.bin#2978;20260524_113450_799_conn_0002#7480|7586|7678|7732|7835|8185|8252|8340|8491|8932|9061|9194|9255|9349|9444|9508|9599;20260531_124707_399_session_23556/20260531_124713_924_conn_0002/server-to-client-0001.bin#2092|2148|2286|2384|2434|2470|2555|2644|2752|2792|2916|2950|3053|3088|3131|3166|3325|3393|3454|3514|3580|3645|3710;20260611_222123_073_session_33544/20260611_222129_098_conn_0002/server-to-client-0001.bin#161|359|486|619|700|822|859|933|985|1037|1088|1147|1283|1502|1667|2065;20260623_220255_773_session_30460/20260623_220301_631_conn_0002/server-to-client-0001.bin#2292,instance2.staging/20260607_004047_780_conn_0009/server-to-client-0001.bin;instance2.staging/20260607_013640_125_conn_0011/server-to-client-0001.bin;instance2.staging/20260623_220652_796_conn_0003/server-to-client-0001.bin;20260524_113450_799_conn_0002;20260531_124707_399_session_23556/20260531_124713_924_conn_0002/server-to-client-0001.bin;20260611_222123_073_session_33544/20260611_222129_098_conn_0002/server-to-client-0001.bin;20260623_220255_773_session_30460/20260623_220301_631_conn_0002/server-to-client-0001.bin,candidate
37-huayao-230,37,平原_6,花妖,230,55,0x37;168x12;172x6,花瓣x23;叶片x23;藤条x21;L小喇叭x5;蜜x11;何首乌x2;花妖护腕x1,花瓣x23;叶片x23;藤条x21;L小喇叭x5;蜜x11;何首乌x2;花妖护腕x1,花瓣=23/55;叶片=23/55;藤条=21/55;L小喇叭=5/55;蜜=11/55;何首乌=2/55;花妖护腕=1/55,instance2.staging/20260606_215548_514_conn_0005/server-to-client-0001.bin#3563|3611|3671|3752|3825|3895|3947|4071|4116|4183|4253|4329;instance2.staging/20260612_211850_206_conn_0002/server-to-client-0001.bin#3536|3567|3608|3645|3706|3756|3809|3840|3889|18326|18356|18440|18482|18516|18557|18689|18773|19005;instance2.staging/20260620_104553_547_conn_0004/server-to-client-0001.bin#3112;20260523_210149_461_conn_0002#3537|3649|3706|3763|3956|4005;20260531_124707_399_session_23556/20260531_124713_924_conn_0002/server-to-client-0001.bin#15797|15831|15875|16202|16286|16325|16426|16457|16499;20260605_230911_564_session_21960/20260605_230922_544_conn_0002/server-to-client-0001.bin#18888|19015|19057|19143|19242|19288|19317|19407|19450,instance2.staging/20260606_215548_514_conn_0005/server-to-client-0001.bin;instance2.staging/20260612_211850_206_conn_0002/server-to-client-0001.bin;instance2.staging/20260620_104553_547_conn_0004/server-to-client-0001.bin;20260523_210149_461_conn_0002;20260531_124707_399_session_23556/20260531_124713_924_conn_0002/server-to-client-0001.bin;20260605_230911_564_session_21960/20260605_230922_544_conn_0002/server-to-client-0001.bin,candidate
38-bomepig-260,38,平原_7,爆骨猪,260,3,0x2;210x1,兽骨x1;毛皮x2;肉x1,兽骨x1;毛皮x2;肉x1,兽骨=1/3;毛皮=2/3;肉=1/3,instance2.staging/20260606_215548_514_conn_0005/server-to-client-0001.bin#5334;instance2.staging/20260620_104553_547_conn_0004/server-to-client-0001.bin#3056;20260531_124707_399_session_23556/20260531_124713_924_conn_0002/server-to-client-0001.bin#11740,instance2.staging/20260606_215548_514_conn_0005/server-to-client-0001.bin;instance2.staging/20260620_104553_547_conn_0004/server-to-client-0001.bin;20260531_124707_399_session_23556/20260531_124713_924_conn_0002/server-to-client-0001.bin,candidate
39-jdby-280,39,平原_8,尖刀暴牙,280,8,0x7;210x1,兽牙x2;石块x4;头骨x4;人参x1,兽牙x2;石块x4;头骨x4;人参x1,兽牙=2/8;石块=4/8;头骨=4/8;人参=1/8,instance2.staging/20260606_215548_514_conn_0005/server-to-client-0001.bin#5220;instance2.staging/20260620_104553_547_conn_0004/server-to-client-0001.bin#3000;20260531_124707_399_session_23556/20260531_124713_924_conn_0002/server-to-client-0001.bin#11821|11851|12002|16591;20260605_230911_564_session_21960/20260605_230922_544_conn_0002/server-to-client-0001.bin#18744|19560,instance2.staging/20260606_215548_514_conn_0005/server-to-client-0001.bin;instance2.staging/20260620_104553_547_conn_0004/server-to-client-0001.bin;20260531_124707_399_session_23556/20260531_124713_924_conn_0002/server-to-client-0001.bin;20260605_230911_564_session_21960/20260605_230922_544_conn_0002/server-to-client-0001.bin,candidate
39-swordbird-230,39,平原_8,刺鸟,230,6,0x3;182x2;186x1,喙x4;羽x4,喙x4;羽x4,喙=4/6;羽=4/6,instance2.staging/20260606_215548_514_conn_0005/server-to-client-0001.bin#5268;20260524_113450_799_conn_0002#2812|3040;20260531_124707_399_session_23556/20260531_124713_924_conn_0002/server-to-client-0001.bin#11787|11879|11972,instance2.staging/20260606_215548_514_conn_0005/server-to-client-0001.bin;20260524_113450_799_conn_0002;20260531_124707_399_session_23556/20260531_124713_924_conn_0002/server-to-client-0001.bin,candidate
40-jdby-280,40,平原_9,尖刀暴牙,280,8,0x1;206x3;210x3,兽牙x2;石块x5;头骨x1;L小喇叭x2,兽牙x2;石块x5;头骨x1;L小喇叭x2,兽牙=2/8;石块=5/8;头骨=1/8;L小喇叭=2/8,instance2.staging/20260606_235347_660_conn_0007/server-to-client-0001.bin#134|458;instance2.staging/20260607_004047_780_conn_0009/server-to-client-0001.bin#216;instance2.staging/20260607_013640_125_conn_0011/server-to-client-0001.bin#3267|3476|3602|3634;20260605_230911_564_session_21960/20260605_230922_544_conn_0002/server-to-client-0001.bin#18708,instance2.staging/20260606_235347_660_conn_0007/server-to-client-0001.bin;instance2.staging/20260607_004047_780_conn_0009/server-to-client-0001.bin;instance2.staging/20260607_013640_125_conn_0011/server-to-client-0001.bin;20260605_230911_564_session_21960/20260605_230922_544_conn_0002/server-to-client-0001.bin,candidate
40-swordbird-230,40,平原_9,刺鸟,230,8,0x1;182x4;186x3,喙x2;羽x7;肉x1;爪x1,喙x2;羽x7;肉x1;爪x1,喙=2/8;羽=7/8;肉=1/8;爪=1/8,instance2.staging/20260606_215548_514_conn_0005/server-to-client-0001.bin#5097;instance2.staging/20260606_235347_660_conn_0007/server-to-client-0001.bin#398;instance2.staging/20260607_004047_780_conn_0009/server-to-client-0001.bin#154;instance2.staging/20260607_013640_125_conn_0011/server-to-client-0001.bin#3221|3348|3399|3539;instance2.staging/20260620_104553_547_conn_0004/server-to-client-0001.bin#2926,instance2.staging/20260606_215548_514_conn_0005/server-to-client-0001.bin;instance2.staging/20260606_235347_660_conn_0007/server-to-client-0001.bin;instance2.staging/20260607_004047_780_conn_0009/server-to-client-0001.bin;instance2.staging/20260607_013640_125_conn_0011/server-to-client-0001.bin;instance2.staging/20260620_104553_547_conn_0004/server-to-client-0001.bin,candidate
41-yagu-250,41,平原_10,牙菇,250,9,0x3;164x2;168x3;324x1,兽牙x3;毒囊x6;蘑菇x2;L小喇叭x1,兽牙x3;毒囊x6;蘑菇x2;L小喇叭x1,兽牙=3/9;毒囊=6/9;蘑菇=2/9;L小喇叭=1/9,instance2.staging/20260606_215548_514_conn_0005/server-to-client-0001.bin#4403|5402|5463;instance2.staging/20260607_004047_780_conn_0009/server-to-client-0001.bin#3394;instance2.staging/20260612_211850_206_conn_0002/server-to-client-0001.bin#4642;instance2.staging/20260613_165248_812_conn_0002/server-to-client-0001.bin#254|351;20260523_210149_461_conn_0002#4765|4809,instance2.staging/20260606_215548_514_conn_0005/server-to-client-0001.bin;instance2.staging/20260607_004047_780_conn_0009/server-to-client-0001.bin;instance2.staging/20260612_211850_206_conn_0002/server-to-client-0001.bin;instance2.staging/20260613_165248_812_conn_0002/server-to-client-0001.bin;20260523_210149_461_conn_0002,candidate
43-swordbird-230,43,平原_12,刺鸟,230,2,192x2,羽x2,羽x2,羽=2/2,instance2.staging/20260606_215548_514_conn_0005/server-to-client-0001.bin#4483;20260523_210149_461_conn_0002#4949,instance2.staging/20260606_215548_514_conn_0005/server-to-client-0001.bin;20260523_210149_461_conn_0002,candidate
44-jdby-250,44,平原_13,尖刀暴牙,250,7,210x2;216x1;404x4,石块x4;何首乌x1;兽牙x4;头骨x3;人参x1,石块x4;何首乌x1;兽牙x4;头骨x3;人参x1,石块=4/7;何首乌=1/7;兽牙=4/7;头骨=3/7;人参=1/7,20260523_210149_461_conn_0002#5029|9348|9453;20260524_113450_799_conn_0002#6460|6567|6606|6638,20260523_210149_461_conn_0002;20260524_113450_799_conn_0002,candidate
48-robber-330,48,平原_14,盗贼,330,136,0x10;234x106;488x11;500x7,盗贼护臂x1;盗贼的首级x29;红方巾x10;铜钱x495;L小喇叭x21;毛皮x15;剔骨刀x2;盗贼的鞋x1;盗贼护腿x2,盗贼护臂x1;盗贼的首级x29;红方巾x10;铜钱x99;L小喇叭x21;毛皮x15;剔骨刀x2;盗贼的鞋x1;盗贼护腿x2,盗贼护臂=1/136;盗贼的首级=29/136;红方巾=10/136;铜钱=99/136;L小喇叭=21/136;毛皮=15/136;剔骨刀=2/136;盗贼的鞋=1/136;盗贼护腿=2/136,instance2.staging/20260612_211850_206_conn_0002/server-to-client-0001.bin#5071|5165|5239|5295|5381|5475|5520|5583|5629|5675|5719|5764|5809|5858|5986|6032|6079|6132|7707|7799|7873|7977|8009|8056|8101|8149|8183|8226|9592|9619|9662|9778|9831|9874|9922|10040|10203|10246|10296|10353|10469|10594|10708|10756|10803|10912|10956|11027|11120|11200|11241|11273|11339|11402|11454|11594|11676|11749|11860|11890|11939|11988|12086|12118|12150|12177|12207|12286|12330|12357|12404|12447|12516|12547|12574|12630|12684|12725|12799|12831|12872|12923|12965|12993|13024|13053|13099|13171|13199|13263|13300|13341|13385|13438|13492|13522|13554|13665|13711|13794|13821|13863|13896|13925|13954|14013;20260524_113450_799_conn_0002#10156|10228|10371|10415|10485|10584|15075|15154;20260531_030921_326_session_42888/20260531_030928_076_conn_0002/server-to-client-0001.bin#1430|1475|1542|1585;20260531_210124_142_session_08616/20260531_210131_983_conn_0002/server-to-client-0001.bin#824|876|904|931;20260611_222123_073_session_33544/20260611_222129_098_conn_0002/server-to-client-0001.bin#2877|2927|3018|3057|3112|3196|3235|3274|3335|3402|3578|3629|3693;20260612_211741_424_session_38832/20260612_211756_199_conn_0002/server-to-client-0001.bin#32055,instance2.staging/20260612_211850_206_conn_0002/server-to-client-0001.bin;20260524_113450_799_conn_0002;20260531_030921_326_session_42888/20260531_030928_076_conn_0002/server-to-client-0001.bin;20260531_210124_142_session_08616/20260531_210131_983_conn_0002/server-to-client-0001.bin;20260611_222123_073_session_33544/20260611_222129_098_conn_0002/server-to-client-0001.bin;20260612_211741_424_session_38832/20260612_211756_199_conn_0002/server-to-client-0001.bin,candidate
49-robber-445,49,平原_15,盗贼,445,26,0x19;290x2;516x1;580x1;610x3,铜钱x140;盗贼的首级x7;毛皮x4;L小喇叭x3;红方巾x2;盗贼护腿x1,铜钱x22;盗贼的首级x7;毛皮x4;L小喇叭x3;红方巾x2;盗贼护腿x1,铜钱=22/26;盗贼的首级=7/26;毛皮=4/26;L小喇叭=3/26;红方巾=2/26;盗贼护腿=1/26,instance2.staging/20260616_215819_960_conn_0002/server-to-client-0001.bin#4896|5311|5362|5502|5582|5668|5817|6098|6170;20260524_005936_257_conn_0002#231|361;20260524_113450_799_conn_0002#178|249|729|1247;20260524_190906_802_conn_0002#511;20260531_124707_399_session_23556/20260531_124713_924_conn_0002/server-to-client-0001.bin#14486|14639;20260612_211741_424_session_38832/20260612_211756_199_conn_0002/server-to-client-0001.bin#32120|32307|32342|32419|32523|32576|32902|32992,instance2.staging/20260616_215819_960_conn_0002/server-to-client-0001.bin;20260524_005936_257_conn_0002;20260524_113450_799_conn_0002;20260524_190906_802_conn_0002;20260531_124707_399_session_23556/20260531_124713_924_conn_0002/server-to-client-0001.bin;20260612_211741_424_session_38832/20260612_211756_199_conn_0002/server-to-client-0001.bin,candidate
49-robber-452,49,平原_15,盗贼,452,20,0x14;282x1;320x2;610x3,L小喇叭x3;铜钱x95;剔骨刀x1;红方巾x3;盗贼的首级x3;毛皮x4;盗贼布衣x1;盗贼护臂x1,L小喇叭x3;铜钱x17;剔骨刀x1;红方巾x3;盗贼的首级x3;毛皮x4;盗贼布衣x1;盗贼护臂x1,L小喇叭=3/20;铜钱=17/20;剔骨刀=1/20;红方巾=3/20;盗贼的首级=3/20;毛皮=4/20;盗贼布衣=1/20;盗贼护臂=1/20,instance2.staging/20260616_215819_960_conn_0002/server-to-client-0001.bin#5425|5457|5729|5858|5945;20260524_113450_799_conn_0002#380|586|783|889|1381|15488;20260531_124707_399_session_23556/20260531_124713_924_conn_0002/server-to-client-0001.bin#14692|14905;20260612_211741_424_session_38832/20260612_211756_199_conn_0002/server-to-client-0001.bin#32175|32230|32452|32627|32678|32752|32846,instance2.staging/20260616_215819_960_conn_0002/server-to-client-0001.bin;20260524_113450_799_conn_0002;20260531_124707_399_session_23556/20260531_124713_924_conn_0002/server-to-client-0001.bin;20260612_211741_424_session_38832/20260612_211756_199_conn_0002/server-to-client-0001.bin,candidate
50-lilghost-520,50,平原_16,巡路小鬼,520,27,0x3;282x5;292x1;564x4;588x3;590x3;604x2;1176x3;1232x2;1264x1,铜钱x117,铜钱x27,铜钱=27/27,instance2.staging/20260612_211850_206_conn_0002/server-to-client-0001.bin#8531|8865|8911;instance2.staging/20260613_165248_812_conn_0002/server-to-client-0001.bin#3610|4718;20260524_113450_799_conn_0002#4686|5599|5785|10785|10871|11228|15559|15805;20260524_190906_802_conn_0002#679|762|947;20260527_221927_589_session_32860/20260527_221946_203_conn_0002/server-to-client-0001.bin#463|758|891|943;20260611_222123_073_session_33544/20260611_222129_098_conn_0002/server-to-client-0001.bin#3948|4024|4338|4494|4731;20260613_160656_039_session_27124/20260613_160706_875_conn_0002/server-to-client-0001.bin#4829|5330,instance2.staging/20260612_211850_206_conn_0002/server-to-client-0001.bin;instance2.staging/20260613_165248_812_conn_0002/server-to-client-0001.bin;20260524_113450_799_conn_0002;20260524_190906_802_conn_0002;20260527_221927_589_session_32860/20260527_221946_203_conn_0002/server-to-client-0001.bin;20260611_222123_073_session_33544/20260611_222129_098_conn_0002/server-to-client-0001.bin;20260613_160656_039_session_27124/20260613_160706_875_conn_0002/server-to-client-0001.bin,candidate
50-lilghost-545,50,平原_16,巡路小鬼,545,36,0x5;292x4;308x5;584x1;590x6;616x2;644x6;660x1;1180x1;1232x3;1288x1;1320x1,铜钱x143;L小喇叭x2;狼牙棒x1,铜钱x34;L小喇叭x2;狼牙棒x1,铜钱=34/36;L小喇叭=2/36;狼牙棒=1/36,instance2.staging/20260612_211850_206_conn_0002/server-to-client-0001.bin#8325|8438|8664|9116;instance2.staging/20260613_165248_812_conn_0002/server-to-client-0001.bin#3678|3928|4354|4528|4837;20260524_113450_799_conn_0002#5896|6047|10667|10929|10985|11696|15610|15699;20260524_190906_802_conn_0002#724;20260527_221927_589_session_32860/20260527_221946_203_conn_0002/server-to-client-0001.bin#562|627|680|840|1017|1233|1386;20260611_222123_073_session_33544/20260611_222129_098_conn_0002/server-to-client-0001.bin#3898|4147|4218|4282|4613|4860;20260613_160656_039_session_27124/20260613_160706_875_conn_0002/server-to-client-0001.bin#4868|4988|5176|5248|5381,instance2.staging/20260612_211850_206_conn_0002/server-to-client-0001.bin;instance2.staging/20260613_165248_812_conn_0002/server-to-client-0001.bin;20260524_113450_799_conn_0002;20260524_190906_802_conn_0002;20260527_221927_589_session_32860/20260527_221946_203_conn_0002/server-to-client-0001.bin;20260611_222123_073_session_33544/20260611_222129_098_conn_0002/server-to-client-0001.bin;20260613_160656_039_session_27124/20260613_160706_875_conn_0002/server-to-client-0001.bin,candidate
51-bigswordwolf-2500,51,平原_17,单刀狼人,2500,5,0x2;1342x2;1394x1,铜钱x70;狼兽的头x2;毛皮x5;盗贼护臂x2;红方巾x1;盗贼的首级x1,铜钱x5;狼兽的头x2;毛皮x3;盗贼护臂x2;红方巾x1;盗贼的首级x1,铜钱=5/5;狼兽的头=2/5;毛皮=3/5;盗贼护臂=2/5;红方巾=1/5;盗贼的首级=1/5,instance2.staging/20260613_165248_812_conn_0002/server-to-client-0001.bin#1755|2589;20260528_223742_571_session_45112/20260528_223753_707_conn_0002/server-to-client-0001.bin#2435;20260613_160656_039_session_27124/20260613_160706_875_conn_0002/server-to-client-0001.bin#3684|4192,instance2.staging/20260613_165248_812_conn_0002/server-to-client-0001.bin;20260528_223742_571_session_45112/20260528_223753_707_conn_0002/server-to-client-0001.bin;20260613_160656_039_session_27124/20260613_160706_875_conn_0002/server-to-client-0001.bin,candidate
51-lilghost-545,51,平原_17,巡路小鬼,545,8,0x3;316x1;632x2;948x2,铜钱x45;L小喇叭x3;盗贼的首级x2,铜钱x8;L小喇叭x3;盗贼的首级x2,铜钱=8/8;L小喇叭=3/8;盗贼的首级=2/8,instance2.staging/20260613_165248_812_conn_0002/server-to-client-0001.bin#1318|1436|2149|2839|3262;20260613_160656_039_session_27124/20260613_160706_875_conn_0002/server-to-client-0001.bin#3968|4358|4595,instance2.staging/20260613_165248_812_conn_0002/server-to-client-0001.bin;20260613_160656_039_session_27124/20260613_160706_875_conn_0002/server-to-client-0001.bin,candidate
51-robber-470,51,平原_17,盗贼,470,18,0x9;316x3;632x4;948x2,毛皮x8;盗贼的首级x4;铜钱x80;红方巾x2;盗贼护腿x2,毛皮x6;盗贼的首级x4;铜钱x12;红方巾x2;盗贼护腿x2,毛皮=6/18;盗贼的首级=4/18;铜钱=12/18;红方巾=2/18;盗贼护腿=2/18,instance2.staging/20260613_165248_812_conn_0002/server-to-client-0001.bin#1831|1928|2238|2345|2419|2692|2921|3056|3154;20260613_160656_039_session_27124/20260613_160706_875_conn_0002/server-to-client-0001.bin#3786|3839|4003|4056|4103|4276|4400|4488|4562,instance2.staging/20260613_165248_812_conn_0002/server-to-client-0001.bin;20260613_160656_039_session_27124/20260613_160706_875_conn_0002/server-to-client-0001.bin,candidate
52-bigswordwolf-2500,52,平原_18,单刀狼人,2500,18,0x10;1342x2;1368x2;2788x2;2912x1,红方巾x9;铜钱x175;盗贼布衣x2;毛皮x25;狼兽的头x5;盗贼的首级x6;裘皮x2;狮虎窟通行证x2;盗贼护腿x2;L小喇叭x1,红方巾x7;铜钱x18;盗贼布衣x2;毛皮x15;狼兽的头x5;盗贼的首级x6;裘皮x2;狮虎窟通行证x2;盗贼护腿x2;L小喇叭x1,红方巾=7/18;铜钱=18/18;盗贼布衣=2/18;毛皮=15/18;狼兽的头=5/18;盗贼的首级=6/18;裘皮=2/18;狮虎窟通行证=2/18;盗贼护腿=2/18;L小喇叭=1/18,instance2.staging/20260612_211850_206_conn_0002/server-to-client-0001.bin#21503|22255;instance2.staging/20260623_220652_796_conn_0003/server-to-client-0001.bin#972|1110|1974|2125;20260524_113450_799_conn_0002#14649;20260531_023839_239_session_45660/20260531_023846_804_conn_0002/server-to-client-0001.bin#1629|2543;20260531_124707_399_session_23556/20260531_124713_924_conn_0002/server-to-client-0001.bin#620|12772;20260605_230911_564_session_21960/20260605_230922_544_conn_0002/server-to-client-0001.bin#9680;20260612_211741_424_session_38832/20260612_211756_199_conn_0002/server-to-client-0001.bin#34490|34666;20260623_220255_773_session_30460/20260623_220301_631_conn_0002/server-to-client-0001.bin#940|1068|1525|1650,instance2.staging/20260612_211850_206_conn_0002/server-to-client-0001.bin;instance2.staging/20260623_220652_796_conn_0003/server-to-client-0001.bin;20260524_113450_799_conn_0002;20260531_023839_239_session_45660/20260531_023846_804_conn_0002/server-to-client-0001.bin;20260531_124707_399_session_23556/20260531_124713_924_conn_0002/server-to-client-0001.bin;20260605_230911_564_session_21960/20260605_230922_544_conn_0002/server-to-client-0001.bin;20260612_211741_424_session_38832/20260612_211756_199_conn_0002/server-to-client-0001.bin;20260623_220255_773_session_30460/20260623_220301_631_conn_0002/server-to-client-0001.bin,candidate
52-lilghost-545,52,平原_18,巡路小鬼,545,158,0x125;316x4;322x3;328x8;632x3;644x5;656x6;1312x3,铜钱x764;L小喇叭x16;红方巾x2;盗贼护臂x1;盗贼的首级x3;狼牙棒x2;毛皮x4;盗贼的鞋x1;狮虎窟通行证x1,铜钱x151;L小喇叭x16;红方巾x2;盗贼护臂x1;盗贼的首级x3;狼牙棒x2;毛皮x4;盗贼的鞋x1;狮虎窟通行证x1,铜钱=151/158;L小喇叭=16/158;红方巾=2/158;盗贼护臂=1/158;盗贼的首级=3/158;狼牙棒=2/158;毛皮=4/158;盗贼的鞋=1/158;狮虎窟通行证=1/158,instance2.staging/20260612_211850_206_conn_0002/server-to-client-0001.bin#19693|19964|20286|20420|20523|20593|20719|20772|20868|20909|21145|21296|21328;instance2.staging/20260621_181438_231_conn_0002/server-to-client-0001.bin#27927|28015|28054|28396|28436|28598|28644|28705|28902|28959|29112|29171|29201|29230|29357|29565|29640|29710|29896|29962|30395|30515|30849|31001|31030|31105|31160|31331|31409|31494|31525|31554|31593|31818|31864|31904|32035|32202|32375|32452|32538|32566|32677|32799|32829|32854|33204|33257|33455;instance2.staging/20260623_220652_796_conn_0003/server-to-client-0001.bin#824|1279|1607|1749|2223|2297|2545|2600;20260527_221927_589_session_32860/20260527_221946_203_conn_0002/server-to-client-0001.bin#3883;20260528_223742_571_session_45112/20260528_223753_707_conn_0002/server-to-client-0001.bin#216|529|621|1055|1543;20260531_023839_239_session_45660/20260531_023846_804_conn_0002/server-to-client-0001.bin#531|1057|1704|1752|1936;20260531_030921_326_session_42888/20260531_030928_076_conn_0002/server-to-client-0001.bin#1727|1815;20260531_124707_399_session_23556/20260531_124713_924_conn_0002/server-to-client-0001.bin#12829|12875|13098|13238;20260605_230911_564_session_21960/20260605_230922_544_conn_0002/server-to-client-0001.bin#8913|8966|9066;20260612_211741_424_session_38832/20260612_211756_199_conn_0002/server-to-client-0001.bin#33421|33564|33739|33822|33867|33906|33962|34004|34068|34105|34205|34309|34343;20260621_181347_712_session_14620/20260621_181354_257_conn_0002/server-to-client-0001.bin#26142|26341|26368|26492|26796|26942|27083|27111|27173|27229|27314|27396|27643|27724|27933|27979|28255|28322|28374|28431|28461|28594|28767|29003|29117|29255|29300|29470|30113|30159|30215|30314|30390|30518|30777|30860|30967|31060|31179|31235|31415|31689|31775|31915|32089|32326|32588;20260623_220255_773_session_30460/20260623_220301_631_conn_0002/server-to-client-0001.bin#846|1168|1300|1357|1706|1734|1864|1894,instance2.staging/20260612_211850_206_conn_0002/server-to-client-0001.bin;instance2.staging/20260621_181438_231_conn_0002/server-to-client-0001.bin;instance2.staging/20260623_220652_796_conn_0003/server-to-client-0001.bin;20260527_221927_589_session_32860/20260527_221946_203_conn_0002/server-to-client-0001.bin;20260528_223742_571_session_45112/20260528_223753_707_conn_0002/server-to-client-0001.bin;20260531_023839_239_session_45660/20260531_023846_804_conn_0002/server-to-client-0001.bin;20260531_030921_326_session_42888/20260531_030928_076_conn_0002/server-to-client-0001.bin;20260531_124707_399_session_23556/20260531_124713_924_conn_0002/server-to-client-0001.bin;20260605_230911_564_session_21960/20260605_230922_544_conn_0002/server-to-client-0001.bin;20260612_211741_424_session_38832/20260612_211756_199_conn_0002/server-to-client-0001.bin;20260621_181347_712_session_14620/20260621_181354_257_conn_0002/server-to-client-0001.bin;20260623_220255_773_session_30460/20260623_220301_631_conn_0002/server-to-client-0001.bin,candidate
52-robber-470,52,平原_18,盗贼,470,142,0x114;316x1;322x2;328x7;632x1;644x2;656x11;1312x4,铜钱x714;L小喇叭x20;盗贼的首级x19;盗贼的鞋x2;红方巾x13;毛皮x25;盗贼护腿x1;盗贼腰带x2;盗贼布衣x3;盗贼护臂x2,铜钱x119;L小喇叭x20;盗贼的首级x19;盗贼的鞋x2;红方巾x13;毛皮x25;盗贼护腿x1;盗贼腰带x2;盗贼布衣x3;盗贼护臂x2,铜钱=119/142;L小喇叭=20/142;盗贼的首级=19/142;盗贼的鞋=2/142;红方巾=13/142;毛皮=25/142;盗贼护腿=1/142;盗贼腰带=2/142;盗贼布衣=3/142;盗贼护臂=2/142,instance2.staging/20260612_211850_206_conn_0002/server-to-client-0001.bin#19884|20056|21048|21219;instance2.staging/20260621_181438_231_conn_0002/server-to-client-0001.bin#27990|28094|28133|28181|28212|28331|28474|28747|28862|29003|29033|29419|29445|29526|29592|29665|29752|29817|29846|30022|30089|30129|30177|30216|30270|30347|30437|30472|30584|30638|30717|30790|30970|31215|31286|31673|31715|31951|31993|32094|32127|32159|32239|32317|32480|32607|32717|32941|33091|33230|33296|33358;instance2.staging/20260623_220652_796_conn_0003/server-to-client-0001.bin#667|1353|1504|2385|2460|2733;20260527_221927_589_session_32860/20260527_221946_203_conn_0002/server-to-client-0001.bin#3615|3736|4036|4153;20260528_223742_571_session_45112/20260528_223753_707_conn_0002/server-to-client-0001.bin#312|834|946|1012|1110|1163|1218|1280|1376|1420;20260531_023839_239_session_45660/20260531_023846_804_conn_0002/server-to-client-0001.bin#415|599|696|1811|2017|2095;20260531_030921_326_session_42888/20260531_030928_076_conn_0002/server-to-client-0001.bin#1893;20260531_124707_399_session_23556/20260531_124713_924_conn_0002/server-to-client-0001.bin#128;20260605_230911_564_session_21960/20260605_230922_544_conn_0002/server-to-client-0001.bin#8852|9140;20260612_211741_424_session_38832/20260612_211756_199_conn_0002/server-to-client-0001.bin#33514|33621|34156|34255;20260621_181347_712_session_14620/20260621_181354_257_conn_0002/server-to-client-0001.bin#21853|26099|26259|26422|26538|26597|26652|26718|26840|26870|27428|27492|27813|28044|28126|28168|28489|28841|28892|28953|29065|29515|29669|29733|29871|30034|30248|30454|30577|30622|30681|30916|31107|31135|31375|31553|31583|31610|31806|31870|31991|32021|32133|32175|32444|32655;20260623_220255_773_session_30460/20260623_220301_631_conn_0002/server-to-client-0001.bin#770|1204|1259|1782|1819|1988,instance2.staging/20260612_211850_206_conn_0002/server-to-client-0001.bin;instance2.staging/20260621_181438_231_conn_0002/server-to-client-0001.bin;instance2.staging/20260623_220652_796_conn_0003/server-to-client-0001.bin;20260527_221927_589_session_32860/20260527_221946_203_conn_0002/server-to-client-0001.bin;20260528_223742_571_session_45112/20260528_223753_707_conn_0002/server-to-client-0001.bin;20260531_023839_239_session_45660/20260531_023846_804_conn_0002/server-to-client-0001.bin;20260531_030921_326_session_42888/20260531_030928_076_conn_0002/server-to-client-0001.bin;20260531_124707_399_session_23556/20260531_124713_924_conn_0002/server-to-client-0001.bin;20260605_230911_564_session_21960/20260605_230922_544_conn_0002/server-to-client-0001.bin;20260612_211741_424_session_38832/20260612_211756_199_conn_0002/server-to-client-0001.bin;20260621_181347_712_session_14620/20260621_181354_257_conn_0002/server-to-client-0001.bin;20260623_220255_773_session_30460/20260623_220301_631_conn_0002/server-to-client-0001.bin,candidate
54-robber-465,54,平原_20,盗贼,465,1,310x1,铜钱x5,铜钱x1,铜钱=1/1,20260605_230911_564_session_21960/20260605_230922_544_conn_0002/server-to-client-0001.bin#20327,20260605_230911_564_session_21960/20260605_230922_544_conn_0002/server-to-client-0001.bin,candidate
55-lilghost-560,55,平原_21,巡路小鬼,560,1,672x1,铜钱x3,铜钱x1,铜钱=1/1,20260605_230911_564_session_21960/20260605_230922_544_conn_0002/server-to-client-0001.bin#20402,20260605_230911_564_session_21960/20260605_230922_544_conn_0002/server-to-client-0001.bin,candidate
56-lilghost-600,56,沼泽_1,小恶鬼,600,64,0x23;360x3;708x14;736x6;746x4;1416x6;1468x8,L小喇叭x4;铜钱x211;废渣x15;毒囊x11;狮虎窟通行证x2;水晶x1,L小喇叭x4;铜钱x53;废渣x15;毒囊x11;狮虎窟通行证x2;水晶x1,L小喇叭=4/64;铜钱=53/64;废渣=15/64;毒囊=11/64;狮虎窟通行证=2/64;水晶=1/64,instance2.staging/20260613_165248_812_conn_0002/server-to-client-0001.bin#11235|11355|11410|11613|116347|116394|116679|116852|117078|117270|117322|117437|117477|117549|117734|117795|117853|117905|117987|125609|125649|125768|125816|125895|126143|126211|126271|126327;20260605_230911_564_session_21960/20260605_230922_544_conn_0002/server-to-client-0001.bin#20548|20663|20952;20260606_200103_131_session_00324/20260606_200109_321_conn_0002/server-to-client-0001.bin#2643|2839|2942|3004|3138|3468|3565|3701|3773|3832|3959|4076|4142|16157|16235|16383|16632|16844|17127|17296|17410|17458|17568|17708;20260613_160656_039_session_27124/20260614_022551_559_conn_0004/server-to-client-0001.bin#7234|7308|7508|7577|7684|8085|8162|8271|8354,instance2.staging/20260613_165248_812_conn_0002/server-to-client-0001.bin;20260605_230911_564_session_21960/20260605_230922_544_conn_0002/server-to-client-0001.bin;20260606_200103_131_session_00324/20260606_200109_321_conn_0002/server-to-client-0001.bin;20260613_160656_039_session_27124/20260614_022551_559_conn_0004/server-to-client-0001.bin,candidate
56-mudmonster-510,56,沼泽_1,瘴气泥巴,510,43,0x4;368x1;386x3;736x8;760x11;772x1;1468x5;1472x6;1520x4,废渣x45;毒囊x21;铜钱x15;L小喇叭x2;水晶x1;泥戒指x1,废渣x38;毒囊x20;铜钱x4;L小喇叭x2;水晶x1;泥戒指x1,废渣=38/43;毒囊=20/43;铜钱=4/43;L小喇叭=2/43;水晶=1/43;泥戒指=1/43,instance2.staging/20260613_165248_812_conn_0002/server-to-client-0001.bin#11303|11447|116091|116185|116257|116504|116632|116963|117020|117135|117686|125707|126010|126367|126489;20260605_230911_564_session_21960/20260605_230922_544_conn_0002/server-to-client-0001.bin#20464|20599;20260606_200103_131_session_00324/20260606_200109_321_conn_0002/server-to-client-0001.bin#2686|2735|2974|3045|3217|3271|3308|3356|3401|3862|4242|16317|16450|16538|16666|16909|16958|17067|17198|17252|17369|17635;20260613_160656_039_session_27124/20260614_022551_559_conn_0004/server-to-client-0001.bin#7416|7862|8436|8622,instance2.staging/20260613_165248_812_conn_0002/server-to-client-0001.bin;20260605_230911_564_session_21960/20260605_230922_544_conn_0002/server-to-client-0001.bin;20260606_200103_131_session_00324/20260606_200109_321_conn_0002/server-to-client-0001.bin;20260613_160656_039_session_27124/20260614_022551_559_conn_0004/server-to-client-0001.bin,candidate
57-mudmonster-520,57,沼泽_2,瘴气泥巴,520,18,0x9;414x1;788x2;812x3;1576x1;1624x1;1680x1,废渣x19;毒囊x8;泥戒指x1;L小喇叭x3;水晶x2,废渣x14;毒囊x8;泥戒指x1;L小喇叭x3;水晶x2,废渣=14/18;毒囊=8/18;泥戒指=1/18;L小喇叭=3/18;水晶=2/18,instance2.staging/20260613_165248_812_conn_0002/server-to-client-0001.bin#115736|115784|118128;20260605_230911_564_session_21960/20260605_230922_544_conn_0002/server-to-client-0001.bin#21525;20260606_200103_131_session_00324/20260606_200109_321_conn_0002/server-to-client-0001.bin#4499|4537|15901|15959|16012;20260612_211741_424_session_38832/20260612_211756_199_conn_0002/server-to-client-0001.bin#1965|2033|2102|2149|2293|2389|2426|2643|2712,instance2.staging/20260613_165248_812_conn_0002/server-to-client-0001.bin;20260605_230911_564_session_21960/20260605_230922_544_conn_0002/server-to-client-0001.bin;20260606_200103_131_session_00324/20260606_200109_321_conn_0002/server-to-client-0001.bin;20260612_211741_424_session_38832/20260612_211756_199_conn_0002/server-to-client-0001.bin,candidate
57-mudmonster-525,57,沼泽_2,瘴气泥巴,525,12,0x4;868x3;1680x1;1736x4,废渣x15;毒囊x6,废渣x11;毒囊x6,废渣=11/12;毒囊=6/12,instance2.staging/20260613_165248_812_conn_0002/server-to-client-0001.bin#115871|116008|118039|118178|118223|118333;20260606_200103_131_session_00324/20260606_200109_321_conn_0002/server-to-client-0001.bin#4460|16072;20260612_211741_424_session_38832/20260612_211756_199_conn_0002/server-to-client-0001.bin#1707|1926|2494|2596,instance2.staging/20260613_165248_812_conn_0002/server-to-client-0001.bin;20260606_200103_131_session_00324/20260606_200109_321_conn_0002/server-to-client-0001.bin;20260612_211741_424_session_38832/20260612_211756_199_conn_0002/server-to-client-0001.bin,candidate
58-mudmonster-520,58,沼泽_3,瘴气泥巴,520,1,1680x1,废渣x1,废渣x1,废渣=1/1,20260606_200103_131_session_00324/20260606_200109_321_conn_0002/server-to-client-0001.bin#4660,20260606_200103_131_session_00324/20260606_200109_321_conn_0002/server-to-client-0001.bin,candidate
58-mudmonster-525,58,沼泽_3,瘴气泥巴,525,1,1628x1,废渣x2,废渣x1,废渣=1/1,20260606_200103_131_session_00324/20260606_200109_321_conn_0002/server-to-client-0001.bin#15832,20260606_200103_131_session_00324/20260606_200109_321_conn_0002/server-to-client-0001.bin,candidate
59-flowerking-750,59,沼泽_4,王花,750,17,0x4;964x6;980x1;1872x1;1904x1;1928x2;1960x2,花瓣x15;王花花蕾x5;蜜x7;藤条x7;魂之石x1,花瓣x13;王花花蕾x5;蜜x5;藤条x7;魂之石x1,花瓣=13/17;王花花蕾=5/17;蜜=5/17;藤条=7/17;魂之石=1/17,instance2.staging/20260613_165248_812_conn_0002/server-to-client-0001.bin#121627|121672|121907|121994;20260606_200103_131_session_00324/20260606_200109_321_conn_0002/server-to-client-0001.bin#4811|4984|5208|5400|8817|8992|11532|12735|12818;20260613_160656_039_session_27124/20260614_022551_559_conn_0004/server-to-client-0001.bin#2886|2970|3237|3334,instance2.staging/20260613_165248_812_conn_0002/server-to-client-0001.bin;20260606_200103_131_session_00324/20260606_200109_321_conn_0002/server-to-client-0001.bin;20260613_160656_039_session_27124/20260614_022551_559_conn_0004/server-to-client-0001.bin,candidate
59-flowerking-760,59,沼泽_4,王花,760,16,0x3;908x1;924x2;1816x9;1872x1,花瓣x12;藤条x9;葬龙潭通行证x2;蜜x9;王花花蕾x2;L小喇叭x1,花瓣x11;藤条x9;葬龙潭通行证x2;蜜x9;王花花蕾x2;L小喇叭x1,花瓣=11/16;藤条=9/16;葬龙潭通行证=2/16;蜜=9/16;王花花蕾=2/16;L小喇叭=1/16,instance2.staging/20260613_165248_812_conn_0002/server-to-client-0001.bin#121342|121437|121797;20260606_200103_131_session_00324/20260606_200109_321_conn_0002/server-to-client-0001.bin#5065|5293|8906|11671|11841|11976|12159|12308|12424|12586;20260613_160656_039_session_27124/20260614_022551_559_conn_0004/server-to-client-0001.bin#2514|2637|3149,instance2.staging/20260613_165248_812_conn_0002/server-to-client-0001.bin;20260606_200103_131_session_00324/20260606_200109_321_conn_0002/server-to-client-0001.bin;20260613_160656_039_session_27124/20260614_022551_559_conn_0004/server-to-client-0001.bin,candidate
60-drughornets-680,60,沼泽_5,毒蜂,680,39,0x10;454x1;908x14;924x2;1816x10;1848x2,蜜x19;刺x28;虫壳x10;毒囊x30;L小喇叭x2;蜂之眼x1,蜜x19;刺x22;虫壳x10;毒囊x24;L小喇叭x2;蜂之眼x1,蜜=19/39;刺=22/39;虫壳=10/39;毒囊=24/39;L小喇叭=2/39;蜂之眼=1/39,instance2.staging/20260613_165248_812_conn_0002/server-to-client-0001.bin#119872|119990|120143|120204|120484|120689|120743|121066|121140|121219;20260606_200103_131_session_00324/20260606_200109_321_conn_0002/server-to-client-0001.bin#5469|5562|5754|5973|9078|9132|9217|9330|10126|10290|10412|10478|10531|10675|10933|11071|11166|11433|12875;20260613_160656_039_session_27124/20260614_022551_559_conn_0004/server-to-client-0001.bin#785|958|1130|1208|1619|1840|1920|2224|2321|2419,instance2.staging/20260613_165248_812_conn_0002/server-to-client-0001.bin;20260606_200103_131_session_00324/20260606_200109_321_conn_0002/server-to-client-0001.bin;20260613_160656_039_session_27124/20260614_022551_559_conn_0004/server-to-client-0001.bin,candidate
60-flowerking-750,60,沼泽_5,王花,750,28,0x11;964x3;1872x10;1904x2;1928x2,藤条x14;毒囊x9;蜜x4;王花花蕾x4;花瓣x9;刺x11;虫壳x4;L小喇叭x1,藤条x14;毒囊x9;蜜x4;王花花蕾x4;花瓣x9;刺x11;虫壳x4;L小喇叭x1,藤条=14/28;毒囊=9/28;蜜=4/28;王花花蕾=4/28;花瓣=9/28;刺=11/28;虫壳=4/28;L小喇叭=1/28,instance2.staging/20260613_165248_812_conn_0002/server-to-client-0001.bin#119571|119752|119828|120067|120268|120340|120427|120567|120609|120924|121012;20260606_200103_131_session_00324/20260606_200109_321_conn_0002/server-to-client-0001.bin#5853|5934|10093|10235|10766|11268;20260613_160656_039_session_27124/20260614_022551_559_conn_0004/server-to-client-0001.bin#440|621|708|1054|1287|1385|1530|1671|1744|2076|2137,instance2.staging/20260613_165248_812_conn_0002/server-to-client-0001.bin;20260606_200103_131_session_00324/20260606_200109_321_conn_0002/server-to-client-0001.bin;20260613_160656_039_session_27124/20260614_022551_559_conn_0004/server-to-client-0001.bin,candidate
61-flowerking-750,61,沼泽_7,王花,750,100,0x57;446x3;892x8;1756x2;1784x7;1808x8;2608x2;2660x7;2676x2;2712x4,花瓣x89;藤条x119;蜜x60;王花花蕾x26;L小喇叭x14;魂之石x8,花瓣x70;藤条x79;蜜x54;王花花蕾x23;L小喇叭x12;魂之石x8,花瓣=70/100;藤条=79/100;蜜=54/100;王花花蕾=23/100;L小喇叭=12/100;魂之石=8/100,instance2.staging/20260611_222156_557_conn_0002/server-to-client-0001.bin#4509|4861|5188|6006|6152|6751;instance2.staging/20260619_152158_516_conn_0002/server-to-client-0001.bin#3809|3901|4067|4402|4712|5024|5344|5429|5616|5989|6051|6382|6554|6637|6835|6925|7863|8229|8443|8528|9226|9318|9600|9680|9822|9914|10000|10097|10346|10433|10834|11295|11365|11541|11744|11830|11968;instance2.staging/20260619_190236_818_conn_0002/server-to-client-0001.bin#20404|20487|20602|20700|20860|21012|21099|21191|21260;20260612_211741_424_session_38832/20260612_211756_199_conn_0002/server-to-client-0001.bin#10365;20260613_111650_689_session_17088/20260613_111711_184_conn_0002/server-to-client-0001.bin#2826;20260619_152110_886_session_33084/20260619_152118_193_conn_0002/server-to-client-0001.bin#4367|4469|4595|4923|5159|5399|5667|5726|5844|6195|6269|6546|6716|6801|6963|7029|7823|8080|8245|8329|8850|8925|9143|9225|9329|9412|9474|9564|9747|9829|10145|10547|10594|10782|10952|11026|11148;20260619_190155_492_session_02408/20260619_190201_802_conn_0002/server-to-client-0001.bin#18057|18134|18256|18324|18493|18607|18663|18732|18801,instance2.staging/20260611_222156_557_conn_0002/server-to-client-0001.bin;instance2.staging/20260619_152158_516_conn_0002/server-to-client-0001.bin;instance2.staging/20260619_190236_818_conn_0002/server-to-client-0001.bin;20260612_211741_424_session_38832/20260612_211756_199_conn_0002/server-to-client-0001.bin;20260613_111650_689_session_17088/20260613_111711_184_conn_0002/server-to-client-0001.bin;20260619_152110_886_session_33084/20260619_152118_193_conn_0002/server-to-client-0001.bin;20260619_190155_492_session_02408/20260619_190201_802_conn_0002/server-to-client-0001.bin,candidate
61-flowerking-760,61,沼泽_7,王花,760,91,0x46;446x3;892x9;1704x6;1756x5;1784x1;2556x5;2608x10;2660x5,花瓣x67;藤条x94;蜜x40;王花花蕾x18;葬龙潭通行证x1;L小喇叭x3;魂之石x2,花瓣x51;藤条x65;蜜x37;王花花蕾x17;葬龙潭通行证x1;L小喇叭x3;魂之石x2,花瓣=51/91;藤条=65/91;蜜=37/91;王花花蕾=17/91;葬龙潭通行证=1/91;L小喇叭=3/91;魂之石=2/91,instance2.staging/20260611_222156_557_conn_0002/server-to-client-0001.bin#4646|4751|5037|5420|5586|5737|5917|6346|6601;instance2.staging/20260619_152158_516_conn_0002/server-to-client-0001.bin#4186|4342|4518|4807|4907|5095|5184|5248|5531|5714|5798|5877|6156|6276|6475|6722|7128|7221|7431|7545|7643|7739|8138|8323|8637|8746|9042|9134|9399|9484|10249|10657|10745|10949|11069|11458|11656|11886|12099;instance2.staging/20260619_190236_818_conn_0002/server-to-client-0001.bin#20794|20929;20260619_152110_886_session_33084/20260619_152118_193_conn_0002/server-to-client-0001.bin#4703|4867|5035|5235|5313|5460|5543|5590|5787|5943|6014|6102|6347|6435|6632|6862|7200|7297|7497|7597|7658|7725|7982|8149|8425|8528|8712|8789|8987|9046|9665|10017|10090|10240|10351|10709|10871|11087|11253;20260619_190155_492_session_02408/20260619_190201_802_conn_0002/server-to-client-0001.bin#18401|18543,instance2.staging/20260611_222156_557_conn_0002/server-to-client-0001.bin;instance2.staging/20260619_152158_516_conn_0002/server-to-client-0001.bin;instance2.staging/20260619_190236_818_conn_0002/server-to-client-0001.bin;20260619_152110_886_session_33084/20260619_152118_193_conn_0002/server-to-client-0001.bin;20260619_190155_492_session_02408/20260619_190201_802_conn_0002/server-to-client-0001.bin,candidate
62-drughornets-680,62,沼泽_6,毒蜂,680,154,0x54;904x26;948x20;964x2;980x1;1808x26;1896x22;1928x3,虫壳x46;毒囊x135;蜜x50;刺x85;蜂之眼x3;L小喇叭x15,虫壳x42;毒囊x112;蜜x42;刺x78;蜂之眼x3;L小喇叭x15,虫壳=42/154;毒囊=112/154;蜜=42/154;刺=78/154;蜂之眼=3/154;L小喇叭=15/154,instance2.staging/20260611_222156_557_conn_0002/server-to-client-0001.bin#214|288|332|504|548|648|698|779|821|858|898|938|976|1024|1060|1233|1327|1440|1577|1629|1761|1842|1960|2025|2093|2170|2264|2369|2465|2539|2596|2638|2696|2765|2868|2935|3023|3116|3236|3317|3412|3482|3519|3678|3762|3817|3902|3951|4036|4075|4103|4342;instance2.staging/20260613_165248_812_conn_0002/server-to-client-0001.bin#119238|119333|119413|123551|123639|123696|123799|123937|123984|124107|124163|124222|124280|124325|124401|124459|124511|124566|124671|124733|124788|124836|124928|124984|125096|125173|125220;instance2.staging/20260619_190236_818_conn_0002/server-to-client-0001.bin#19269|19308|19364|19461|19634|19714|19796|19871|19944|20007|20060|20108|20182|20249;20260606_200103_131_session_00324/20260606_200109_321_conn_0002/server-to-client-0001.bin#6035|6921|12956|13394|13520|13575|13644|13734|13848|13925|13995|14077|14169|14277|14391|14445|14502|15143|15325|15376|15446;20260613_160656_039_session_27124/20260614_022551_559_conn_0004/server-to-client-0001.bin#239|301|4664|4748|4833|5004|5154|5224|5375|5470|5562|5653|5730|5837|5917|5980|6082|6212|6296|6344|6430|6599|6666|6728|6849|6904;20260619_190155_492_session_02408/20260619_190201_802_conn_0002/server-to-client-0001.bin#16950|17031|17112|17170|17289|17410|17493|17536|17579|17619|17705|17781|17817|17880,instance2.staging/20260611_222156_557_conn_0002/server-to-client-0001.bin;instance2.staging/20260613_165248_812_conn_0002/server-to-client-0001.bin;instance2.staging/20260619_190236_818_conn_0002/server-to-client-0001.bin;20260606_200103_131_session_00324/20260606_200109_321_conn_0002/server-to-client-0001.bin;20260613_160656_039_session_27124/20260614_022551_559_conn_0004/server-to-client-0001.bin;20260619_190155_492_session_02408/20260619_190201_802_conn_0002/server-to-client-0001.bin,candidate
63-goldcayman-1020,63,沼泽_8,金斑鳄,1020,178,0x70;972x1;1416x1;1864x13;1888x23;1912x4;1944x6;1976x7;2008x1;2040x3;2796x10;2832x32;2868x1;2916x3;3060x2,兽牙x258;兽骨x166;兽血x99;鳄鱼之泪x39;肉x72;皮革x46;L小喇叭x21;精制皮革x6;碎金片x11;初级精炼宝石x2,兽牙x154;兽骨x130;兽血x86;鳄鱼之泪x39;肉x65;皮革x42;L小喇叭x21;精制皮革x6;碎金片x11;初级精炼宝石x2,兽牙=154/178;兽骨=130/178;兽血=86/178;鳄鱼之泪=39/178;肉=65/178;皮革=42/178;L小喇叭=21/178;精制皮革=6/178;碎金片=11/178;初级精炼宝石=2/178,instance2.staging/20260613_165248_812_conn_0002/server-to-client-0001.bin#122645;instance2.staging/20260619_152158_516_conn_0002/server-to-client-0001.bin#784|889|1292|1403|1531|1860|2072|2616|2773|3176|3337|3439|3496|3680|12445|12585|13072|13437|13574|13729|13929|14232|14369|15183|15281|15543|15689|15819|15974|16553|16873|17153|17416|17611|17983|18352|18543|19768|19895|20447|20576|20822|21204|21623|22827|23355|23856|24146|24418|24653|24762|24883|25000|25372|25567|25745|25866|26270|26414|26649|26752|26957|27104|27376|27637|27907|28007;20260606_200103_131_session_00324/20260606_200109_321_conn_0002/server-to-client-0001.bin#7703|7818|8102|8455|8672|20949|21326|22466|22561|22920|23321|23505|24871|25017;20260612_211741_424_session_38832/20260612_211756_199_conn_0002/server-to-client-0001.bin#2913|3025|3319|3482|3599|3675|4131|4292|4721|4848|4994|5142|5532|5695|6466|7124|7361|7579|8255|8416|8567|8909|9005|9075|9449|9590;20260613_111650_689_session_17088/20260613_111711_184_conn_0002/server-to-client-0001.bin#2066|2420;20260613_160656_039_session_27124/20260614_022551_559_conn_0004/server-to-client-0001.bin#3790;20260619_152110_886_session_33084/20260619_152118_193_conn_0002/server-to-client-0001.bin#530|619|992|1072|1178|1524|1750|2802|2940|3309|3459|3545|3645|3830|11570|11689|12106|12432|12554|12679|12816|13027|13119|13768|13860|14051|14163|14243|14344|14789|15023|15232|15420|15552|15818|16124|16324|17336|17447|17886|18016|18239|18556|18919|19890|20266|20646|20888|21145|21325|21417|21521|21610|21949|22132|22278|22365|22726|22856|23031|23132|23333|23446|23652|23848|24047|24132,instance2.staging/20260613_165248_812_conn_0002/server-to-client-0001.bin;instance2.staging/20260619_152158_516_conn_0002/server-to-client-0001.bin;20260606_200103_131_session_00324/20260606_200109_321_conn_0002/server-to-client-0001.bin;20260612_211741_424_session_38832/20260612_211756_199_conn_0002/server-to-client-0001.bin;20260613_111650_689_session_17088/20260613_111711_184_conn_0002/server-to-client-0001.bin;20260613_160656_039_session_27124/20260614_022551_559_conn_0004/server-to-client-0001.bin;20260619_152110_886_session_33084/20260619_152118_193_conn_0002/server-to-client-0001.bin,candidate
63-goldcayman-980,63,沼泽_8,金斑鳄,980,196,0x81;1416x1;1864x16;1888x23;1912x4;1944x7;1976x4;2008x1;2040x3;2796x7;2832x32;2916x8;2964x5;3012x2;3060x1,肉x95;兽牙x211;兽骨x180;皮革x46;鳄鱼之泪x50;兽血x111;L小喇叭x30;碎金片x20;精制皮革x8,肉x84;兽牙x157;兽骨x127;皮革x43;鳄鱼之泪x43;兽血x98;L小喇叭x28;碎金片x20;精制皮革x8,肉=84/196;兽牙=157/196;兽骨=127/196;皮革=43/196;鳄鱼之泪=43/196;兽血=98/196;L小喇叭=28/196;碎金片=20/196;精制皮革=8/196,instance2.staging/20260613_165248_812_conn_0002/server-to-client-0001.bin#122442|122547|122780;instance2.staging/20260619_152158_516_conn_0002/server-to-client-0001.bin#1039|1129|1189|1639|1753|1980|2143|2213|2344|2509|2973|3063|3255|3569|12298|12695|12817|12940|13834|14125|14486|14786|15043|15417|16128|16281|16391|16670|16766|16973|17048|17291|17745|17863|18266|18463|18851|18983|19117|19514|19650|20033|20151|20283|20669|21004|21094|21746|21984|22069|22184|22298|22418|22508|22632|22731|22926|23094|23217|23607|23744|24013|24513|25212|25487|25645|25985|26137|26522|26857|27208|27771|28093;20260606_200103_131_session_00324/20260606_200109_321_conn_0002/server-to-client-0001.bin#7290|7405|7546|8320|21187|21456|21639|21821|21925|22321|22688|22767|23166|24558|24706|24803|25187|25352;20260612_211741_424_session_38832/20260612_211756_199_conn_0002/server-to-client-0001.bin#3203|3850|4014|4392|4579|5293|5405|5885|6033|6228|6333|6671|6920|7003|7229|7435|7761|7974|8138|8740|9256;20260613_111650_689_session_17088/20260613_111711_184_conn_0002/server-to-client-0001.bin#1692|1937|2157|2325|2522;20260613_160656_039_session_27124/20260614_022551_559_conn_0004/server-to-client-0001.bin#3561|3672|3915;20260619_152110_886_session_33084/20260619_152118_193_conn_0002/server-to-client-0001.bin#748|828|904|1285|1408|1643|1850|1931|2053|2695|3131|3199|3388|3732|11454|11780|11876|12009|12749|12939|13199|13430|13664|13966|14469|14604|14670|14869|14933|15105|15163|15331|15644|15741|16027|16238|16590|16693|16799|17114|17220|17560|17673|17762|18119|18393|18468|19001|19195|19270|19395|19469|19561|19654|19764|19826|19959|20077|20163|20450|20553|20773|21214|21803|22059|22197|22474|22597|22949|23223|23519|23949|24233,instance2.staging/20260613_165248_812_conn_0002/server-to-client-0001.bin;instance2.staging/20260619_152158_516_conn_0002/server-to-client-0001.bin;20260606_200103_131_session_00324/20260606_200109_321_conn_0002/server-to-client-0001.bin;20260612_211741_424_session_38832/20260612_211756_199_conn_0002/server-to-client-0001.bin;20260613_111650_689_session_17088/20260613_111711_184_conn_0002/server-to-client-0001.bin;20260613_160656_039_session_27124/20260614_022551_559_conn_0004/server-to-client-0001.bin;20260619_152110_886_session_33084/20260619_152118_193_conn_0002/server-to-client-0001.bin,candidate
64-bluemagicrock-560,64,飞仙洞_1,蓝咒石怪,560,8,0x8,废渣x6;碎铁矿x2;石块x1,废渣x6;碎铁矿x2;石块x1,废渣=6/8;碎铁矿=2/8;石块=1/8,instance2.staging/20260613_165248_812_conn_0002/server-to-client-0001.bin#5567|5597;20260605_230911_564_session_21960/20260605_230922_544_conn_0002/server-to-client-0001.bin#1723|1764;20260613_160656_039_session_27124/20260613_160706_875_conn_0002/server-to-client-0001.bin#271|312|5529|5559,instance2.staging/20260613_165248_812_conn_0002/server-to-client-0001.bin;20260605_230911_564_session_21960/20260605_230922_544_conn_0002/server-to-client-0001.bin;20260613_160656_039_session_27124/20260613_160706_875_conn_0002/server-to-client-0001.bin,candidate
65-bluemagicrock-560,65,飞仙洞_2,蓝咒石怪,560,5,0x5,石块x2;L小喇叭x2;废渣x1,石块x2;L小喇叭x2;废渣x1,石块=2/5;L小喇叭=2/5;废渣=1/5,instance2.staging/20260613_165248_812_conn_0002/server-to-client-0001.bin#5679|5735;20260605_230911_564_session_21960/20260605_230922_544_conn_0002/server-to-client-0001.bin#1849;20260613_160656_039_session_27124/20260613_160706_875_conn_0002/server-to-client-0001.bin#5637|5688,instance2.staging/20260613_165248_812_conn_0002/server-to-client-0001.bin;20260605_230911_564_session_21960/20260605_230922_544_conn_0002/server-to-client-0001.bin;20260613_160656_039_session_27124/20260613_160706_875_conn_0002/server-to-client-0001.bin,candidate
66-bluemagicrock-573,66,飞仙洞_3,蓝咒石怪,573,5,0x5,废渣x4;石块x5;L小喇叭x2;碎铁矿x1,废渣x4;石块x5;L小喇叭x2;碎铁矿x1,废渣=4/5;石块=5/5;L小喇叭=2/5;碎铁矿=1/5,instance2.staging/20260613_165248_812_conn_0002/server-to-client-0001.bin#5840|5906;20260605_230911_564_session_21960/20260605_230922_544_conn_0002/server-to-client-0001.bin#2037;20260613_160656_039_session_27124/20260613_160706_875_conn_0002/server-to-client-0001.bin#5786|5853,instance2.staging/20260613_165248_812_conn_0002/server-to-client-0001.bin;20260605_230911_564_session_21960/20260605_230922_544_conn_0002/server-to-client-0001.bin;20260613_160656_039_session_27124/20260613_160706_875_conn_0002/server-to-client-0001.bin,candidate
66-bluemagicrock-586,66,飞仙洞_3,蓝咒石怪,586,3,0x3,石块x2;碎铁矿x2;废渣x1,石块x2;碎铁矿x2;废渣x1,石块=2/3;碎铁矿=2/3;废渣=1/3,instance2.staging/20260613_165248_812_conn_0002/server-to-client-0001.bin#5870;20260605_230911_564_session_21960/20260605_230922_544_conn_0002/server-to-client-0001.bin#1991;20260613_160656_039_session_27124/20260613_160706_875_conn_0002/server-to-client-0001.bin#5819,instance2.staging/20260613_165248_812_conn_0002/server-to-client-0001.bin;20260605_230911_564_session_21960/20260605_230922_544_conn_0002/server-to-client-0001.bin;20260613_160656_039_session_27124/20260613_160706_875_conn_0002/server-to-client-0001.bin,candidate
67-baimagicrock-632,67,飞仙洞_4,白咒石怪,632,3,0x3,碎铁矿x3;废渣x1;石块x1,碎铁矿x3;废渣x1;石块x1,碎铁矿=3/3;废渣=1/3;石块=1/3,instance2.staging/20260613_165248_812_conn_0002/server-to-client-0001.bin#6075;20260605_230911_564_session_21960/20260605_230922_544_conn_0002/server-to-client-0001.bin#2275;20260613_160656_039_session_27124/20260613_160706_875_conn_0002/server-to-client-0001.bin#6012,instance2.staging/20260613_165248_812_conn_0002/server-to-client-0001.bin;20260605_230911_564_session_21960/20260605_230922_544_conn_0002/server-to-client-0001.bin;20260613_160656_039_session_27124/20260613_160706_875_conn_0002/server-to-client-0001.bin,candidate
67-bluemagicrock-586,67,飞仙洞_4,蓝咒石怪,586,4,0x4,废渣x4;石块x3;碎铁矿x1,废渣x4;石块x3;碎铁矿x1,废渣=4/4;石块=3/4;碎铁矿=1/4,instance2.staging/20260613_165248_812_conn_0002/server-to-client-0001.bin#6007;20260605_230911_564_session_21960/20260605_230922_544_conn_0002/server-to-client-0001.bin#2196|2241;20260613_160656_039_session_27124/20260613_160706_875_conn_0002/server-to-client-0001.bin#5944,instance2.staging/20260613_165248_812_conn_0002/server-to-client-0001.bin;20260605_230911_564_session_21960/20260605_230922_544_conn_0002/server-to-client-0001.bin;20260613_160656_039_session_27124/20260613_160706_875_conn_0002/server-to-client-0001.bin,candidate
68-baimagicrock-632,68,飞仙洞_5,白咒石怪,632,9,0x9,废渣x6;石块x5;碎铁矿x4;L小喇叭x1,废渣x6;石块x5;碎铁矿x4;L小喇叭x1,废渣=6/9;石块=5/9;碎铁矿=4/9;L小喇叭=1/9,instance2.staging/20260613_165248_812_conn_0002/server-to-client-0001.bin#6161|6380|6412;20260605_230911_564_session_21960/20260605_230922_544_conn_0002/server-to-client-0001.bin#2397|2456|2520;20260613_160656_039_session_27124/20260613_160706_875_conn_0002/server-to-client-0001.bin#6105|6322|6358,instance2.staging/20260613_165248_812_conn_0002/server-to-client-0001.bin;20260605_230911_564_session_21960/20260605_230922_544_conn_0002/server-to-client-0001.bin;20260613_160656_039_session_27124/20260613_160706_875_conn_0002/server-to-client-0001.bin,candidate
69-baimagicrock-570,69,飞仙洞_6,白咒石怪,570,6,0x6,废渣x2;石块x4;碎铁矿x3;L小喇叭x1,废渣x2;石块x4;碎铁矿x3;L小喇叭x1,废渣=2/6;石块=4/6;碎铁矿=3/6;L小喇叭=1/6,instance2.staging/20260613_165248_812_conn_0002/server-to-client-0001.bin#6521|6577;20260605_230911_564_session_21960/20260605_230922_544_conn_0002/server-to-client-0001.bin#2740|2829;20260613_160656_039_session_27124/20260613_160706_875_conn_0002/server-to-client-0001.bin#6489|6549,instance2.staging/20260613_165248_812_conn_0002/server-to-client-0001.bin;20260605_230911_564_session_21960/20260605_230922_544_conn_0002/server-to-client-0001.bin;20260613_160656_039_session_27124/20260613_160706_875_conn_0002/server-to-client-0001.bin,candidate
69-baimagicrock-745,69,飞仙洞_6,白咒石怪,745,5,0x5,废渣x3;石块x5;L小喇叭x2,废渣x3;石块x5;L小喇叭x2,废渣=3/5;石块=5/5;L小喇叭=2/5,instance2.staging/20260613_165248_812_conn_0002/server-to-client-0001.bin#6632|6672;20260605_230911_564_session_21960/20260605_230922_544_conn_0002/server-to-client-0001.bin#2673;20260613_160656_039_session_27124/20260613_160706_875_conn_0002/server-to-client-0001.bin#6605|6642,instance2.staging/20260613_165248_812_conn_0002/server-to-client-0001.bin;20260605_230911_564_session_21960/20260605_230922_544_conn_0002/server-to-client-0001.bin;20260613_160656_039_session_27124/20260613_160706_875_conn_0002/server-to-client-0001.bin,candidate
70-baimagicrock-570,70,飞仙洞_7,白咒石怪,570,2,0x2,石块x2;碎铁矿x1,石块x2;碎铁矿x1,石块=2/2;碎铁矿=1/2,instance2.staging/20260616_215819_960_conn_0002/server-to-client-0001.bin#1345|1471,instance2.staging/20260616_215819_960_conn_0002/server-to-client-0001.bin,candidate
71-baimagicrock-570,71,飞仙洞_8,白咒石怪,570,12,0x12,石块x6;碎铁矿x8;废渣x4,石块x6;碎铁矿x8;废渣x4,石块=6/12;碎铁矿=8/12;废渣=4/12,instance2.staging/20260613_165248_812_conn_0002/server-to-client-0001.bin#6838|6973|7057|7154;20260605_230911_564_session_21960/20260605_230922_544_conn_0002/server-to-client-0001.bin#3016|3143|3253|3327;20260613_160656_039_session_27124/20260613_160706_875_conn_0002/server-to-client-0001.bin#6850|6979|7063|7164,instance2.staging/20260613_165248_812_conn_0002/server-to-client-0001.bin;20260605_230911_564_session_21960/20260605_230922_544_conn_0002/server-to-client-0001.bin;20260613_160656_039_session_27124/20260613_160706_875_conn_0002/server-to-client-0001.bin,candidate
71-baimagicrock-745,71,飞仙洞_8,白咒石怪,745,4,0x4,石块x4;废渣x2,石块x4;废渣x2,石块=4/4;废渣=2/4,instance2.staging/20260613_165248_812_conn_0002/server-to-client-0001.bin#7238|7288;20260613_160656_039_session_27124/20260613_160706_875_conn_0002/server-to-client-0001.bin#7241|7295,instance2.staging/20260613_165248_812_conn_0002/server-to-client-0001.bin;20260613_160656_039_session_27124/20260613_160706_875_conn_0002/server-to-client-0001.bin,candidate
72-crystalrock-547,72,飞仙洞_9,晶石怪,547,3,0x1;292x2,石块x2;废渣x1;碎铁矿x1,石块x2;废渣x1;碎铁矿x1,石块=2/3;废渣=1/3;碎铁矿=1/3,instance2.staging/20260616_215819_960_conn_0002/server-to-client-0001.bin#1777;20260605_230911_564_session_21960/20260605_230922_544_conn_0002/server-to-client-0001.bin#4384|6549,instance2.staging/20260616_215819_960_conn_0002/server-to-client-0001.bin;20260605_230911_564_session_21960/20260605_230922_544_conn_0002/server-to-client-0001.bin,candidate
72-crystalrock-708,72,飞仙洞_9,晶石怪,708,4,0x3;292x1,废渣x3;碎铁矿x1;石块x2,废渣x3;碎铁矿x1;石块x2,废渣=3/4;碎铁矿=1/4;石块=2/4,instance2.staging/20260616_215819_960_conn_0002/server-to-client-0001.bin#1643|1698|1737;20260605_230911_564_session_21960/20260605_230922_544_conn_0002/server-to-client-0001.bin#6598,instance2.staging/20260616_215819_960_conn_0002/server-to-client-0001.bin;20260605_230911_564_session_21960/20260605_230922_544_conn_0002/server-to-client-0001.bin,candidate
73-crystalrock-547,73,飞仙洞_10,晶石怪,547,7,0x5;292x2,废渣x4;L小喇叭x2;石块x3;碎铁矿x1,废渣x4;L小喇叭x2;石块x3;碎铁矿x1,废渣=4/7;L小喇叭=2/7;石块=3/7;碎铁矿=1/7,instance2.staging/20260613_165248_812_conn_0002/server-to-client-0001.bin#8209|8262;20260605_230911_564_session_21960/20260605_230922_544_conn_0002/server-to-client-0001.bin#5293|5337;20260613_160656_039_session_27124/20260613_160706_875_conn_0002/server-to-client-0001.bin#2207|8271|8314,instance2.staging/20260613_165248_812_conn_0002/server-to-client-0001.bin;20260605_230911_564_session_21960/20260605_230922_544_conn_0002/server-to-client-0001.bin;20260613_160656_039_session_27124/20260613_160706_875_conn_0002/server-to-client-0001.bin,candidate
73-crystalrock-708,73,飞仙洞_10,晶石怪,708,11,0x7;292x4,废渣x9;石块x6;碎铁矿x2,废渣x9;石块x6;碎铁矿x2,废渣=9/11;石块=6/11;碎铁矿=2/11,instance2.staging/20260613_165248_812_conn_0002/server-to-client-0001.bin#7715|7955;20260605_230911_564_session_21960/20260605_230922_544_conn_0002/server-to-client-0001.bin#3588|3707|3841|4042;20260613_160656_039_session_27124/20260613_160706_875_conn_0002/server-to-client-0001.bin#809|851|1072|7779|8006,instance2.staging/20260613_165248_812_conn_0002/server-to-client-0001.bin;20260605_230911_564_session_21960/20260605_230922_544_conn_0002/server-to-client-0001.bin;20260613_160656_039_session_27124/20260613_160706_875_conn_0002/server-to-client-0001.bin,candidate
74-baimagicrock-570,74,飞仙洞_11,白咒石怪,570,4,0x4,废渣x6;石块x6;碎铁矿x1,废渣x4;石块x4;碎铁矿x1,废渣=4/4;石块=4/4;碎铁矿=1/4,instance2.staging/20260613_165248_812_conn_0002/server-to-client-0001.bin#9557;instance2.staging/20260616_215819_960_conn_0002/server-to-client-0001.bin#1999;20260605_230911_564_session_21960/20260605_230922_544_conn_0002/server-to-client-0001.bin#5032;20260613_160656_039_session_27124/20260613_160706_875_conn_0002/server-to-client-0001.bin#9603,instance2.staging/20260613_165248_812_conn_0002/server-to-client-0001.bin;instance2.staging/20260616_215819_960_conn_0002/server-to-client-0001.bin;20260605_230911_564_session_21960/20260605_230922_544_conn_0002/server-to-client-0001.bin;20260613_160656_039_session_27124/20260613_160706_875_conn_0002/server-to-client-0001.bin,candidate
74-baimagicrock-745,74,飞仙洞_11,白咒石怪,745,4,0x4,废渣x4;石块x1;碎铁矿x1,废渣x4;石块x1;碎铁矿x1,废渣=4/4;石块=1/4;碎铁矿=1/4,instance2.staging/20260613_165248_812_conn_0002/server-to-client-0001.bin#9801;20260605_230911_564_session_21960/20260605_230922_544_conn_0002/server-to-client-0001.bin#5121|5171;20260613_160656_039_session_27124/20260613_160706_875_conn_0002/server-to-client-0001.bin#9828,instance2.staging/20260613_165248_812_conn_0002/server-to-client-0001.bin;20260605_230911_564_session_21960/20260605_230922_544_conn_0002/server-to-client-0001.bin;20260613_160656_039_session_27124/20260613_160706_875_conn_0002/server-to-client-0001.bin,candidate
74-crystalrock-708,74,飞仙洞_11,晶石怪,708,4,0x3;584x1,L小喇叭x2;废渣x4;石块x4;碎铁矿x1,L小喇叭x2;废渣x4;石块x4;碎铁矿x1,L小喇叭=2/4;废渣=4/4;石块=4/4;碎铁矿=1/4,instance2.staging/20260613_165248_812_conn_0002/server-to-client-0001.bin#9674;instance2.staging/20260616_215819_960_conn_0002/server-to-client-0001.bin#2162;20260605_230911_564_session_21960/20260605_230922_544_conn_0002/server-to-client-0001.bin#4848;20260613_160656_039_session_27124/20260613_160706_875_conn_0002/server-to-client-0001.bin#9717,instance2.staging/20260613_165248_812_conn_0002/server-to-client-0001.bin;instance2.staging/20260616_215819_960_conn_0002/server-to-client-0001.bin;20260605_230911_564_session_21960/20260605_230922_544_conn_0002/server-to-client-0001.bin;20260613_160656_039_session_27124/20260613_160706_875_conn_0002/server-to-client-0001.bin,candidate
75-crystalrock-547,75,飞仙洞_12,晶石怪,547,4,0x3;292x1,废渣x3;水晶x2;碎铁矿x1;石块x1,废渣x3;水晶x2;碎铁矿x1;石块x1,废渣=3/4;水晶=2/4;碎铁矿=1/4;石块=1/4,instance2.staging/20260613_165248_812_conn_0002/server-to-client-0001.bin#10142;instance2.staging/20260616_215819_960_conn_0002/server-to-client-0001.bin#2545;20260605_230911_564_session_21960/20260605_230922_544_conn_0002/server-to-client-0001.bin#7024;20260613_160656_039_session_27124/20260613_160706_875_conn_0002/server-to-client-0001.bin#10227,instance2.staging/20260613_165248_812_conn_0002/server-to-client-0001.bin;instance2.staging/20260616_215819_960_conn_0002/server-to-client-0001.bin;20260605_230911_564_session_21960/20260605_230922_544_conn_0002/server-to-client-0001.bin;20260613_160656_039_session_27124/20260613_160706_875_conn_0002/server-to-client-0001.bin,candidate
75-crystalrock-730,75,飞仙洞_12,晶石怪,730,5,0x2;620x1;632x2,石块x7;碎铁矿x4;废渣x8,石块x4;碎铁矿x4;废渣x5,石块=4/5;碎铁矿=4/5;废渣=5/5,instance2.staging/20260613_165248_812_conn_0002/server-to-client-0001.bin#10064;instance2.staging/20260616_215819_960_conn_0002/server-to-client-0001.bin#2453;20260605_230911_564_session_21960/20260605_230922_544_conn_0002/server-to-client-0001.bin#7307|7514;20260613_160656_039_session_27124/20260613_160706_875_conn_0002/server-to-client-0001.bin#10149,instance2.staging/20260613_165248_812_conn_0002/server-to-client-0001.bin;instance2.staging/20260616_215819_960_conn_0002/server-to-client-0001.bin;20260605_230911_564_session_21960/20260605_230922_544_conn_0002/server-to-client-0001.bin;20260613_160656_039_session_27124/20260613_160706_875_conn_0002/server-to-client-0001.bin,candidate
76-crystalrock-547,76,飞仙洞_13,晶石怪,547,5,0x4;584x1,石块x8;废渣x7;L小喇叭x2,石块x5;废渣x5;L小喇叭x2,石块=5/5;废渣=5/5;L小喇叭=2/5,instance2.staging/20260613_165248_812_conn_0002/server-to-client-0001.bin#10316;instance2.staging/20260616_215819_960_conn_0002/server-to-client-0001.bin#2917;20260605_230911_564_session_21960/20260605_230922_544_conn_0002/server-to-client-0001.bin#7642;20260613_160656_039_session_27124/20260613_160706_875_conn_0002/server-to-client-0001.bin#2762|10431,instance2.staging/20260613_165248_812_conn_0002/server-to-client-0001.bin;instance2.staging/20260616_215819_960_conn_0002/server-to-client-0001.bin;20260605_230911_564_session_21960/20260605_230922_544_conn_0002/server-to-client-0001.bin;20260613_160656_039_session_27124/20260613_160706_875_conn_0002/server-to-client-0001.bin,candidate
76-crystalrock-730,76,飞仙洞_13,晶石怪,730,5,0x3;620x1;632x1,水晶x2;石块x4;碎铁矿x3;废渣x5;L小喇叭x1,水晶x2;石块x4;碎铁矿x3;废渣x3;L小喇叭x1,水晶=2/5;石块=4/5;碎铁矿=3/5;废渣=3/5;L小喇叭=1/5,instance2.staging/20260613_165248_812_conn_0002/server-to-client-0001.bin#10367;instance2.staging/20260616_215819_960_conn_0002/server-to-client-0001.bin#2841;20260605_230911_564_session_21960/20260605_230922_544_conn_0002/server-to-client-0001.bin#7955;20260613_160656_039_session_27124/20260613_160706_875_conn_0002/server-to-client-0001.bin#2847|10489,instance2.staging/20260613_165248_812_conn_0002/server-to-client-0001.bin;instance2.staging/20260616_215819_960_conn_0002/server-to-client-0001.bin;20260605_230911_564_session_21960/20260605_230922_544_conn_0002/server-to-client-0001.bin;20260613_160656_039_session_27124/20260613_160706_875_conn_0002/server-to-client-0001.bin,candidate
76-largerock-1500,76,飞仙洞_13,巨岩魔,1500,5,0x3;670x1;682x1,石块x8;碎铁矿x2;水晶x6;岩魔菱石x5;岩魔球石x5;巨岩魔的头x3;岩化护腿x5;蓝晶护肩x4;宝匣x4;废渣x3;巨岩魔的拳x3;岩魔剑x1,石块x5;碎铁矿x2;水晶x5;岩魔菱石x5;岩魔球石x5;巨岩魔的头x3;岩化护腿x5;蓝晶护肩x4;宝匣x4;废渣x3;巨岩魔的拳x3;岩魔剑x1,石块=5/5;碎铁矿=2/5;水晶=5/5;岩魔菱石=5/5;岩魔球石=5/5;巨岩魔的头=3/5;岩化护腿=5/5;蓝晶护肩=4/5;宝匣=4/5;废渣=3/5;巨岩魔的拳=3/5;岩魔剑=1/5,instance2.staging/20260613_165248_812_conn_0002/server-to-client-0001.bin#10477;instance2.staging/20260616_215819_960_conn_0002/server-to-client-0001.bin#2782;20260605_230911_564_session_21960/20260605_230922_544_conn_0002/server-to-client-0001.bin#7868;20260613_160656_039_session_27124/20260613_160706_875_conn_0002/server-to-client-0001.bin#2692|10594,instance2.staging/20260613_165248_812_conn_0002/server-to-client-0001.bin;instance2.staging/20260616_215819_960_conn_0002/server-to-client-0001.bin;20260605_230911_564_session_21960/20260605_230922_544_conn_0002/server-to-client-0001.bin;20260613_160656_039_session_27124/20260613_160706_875_conn_0002/server-to-client-0001.bin,candidate
77-crystalrock-547,77,飞仙洞_14,晶石怪,547,7,0x5;292x2,废渣x6;石块x6;碎铁矿x2,废渣x6;石块x6;碎铁矿x2,废渣=6/7;石块=6/7;碎铁矿=2/7,instance2.staging/20260613_165248_812_conn_0002/server-to-client-0001.bin#8656|8825;20260605_230911_564_session_21960/20260605_230922_544_conn_0002/server-to-client-0001.bin#5545|6107;20260613_160656_039_session_27124/20260613_160706_875_conn_0002/server-to-client-0001.bin#1830|8764|8931,instance2.staging/20260613_165248_812_conn_0002/server-to-client-0001.bin;20260605_230911_564_session_21960/20260605_230922_544_conn_0002/server-to-client-0001.bin;20260613_160656_039_session_27124/20260613_160706_875_conn_0002/server-to-client-0001.bin,candidate
77-crystalrock-730,77,飞仙洞_14,晶石怪,730,8,0x4;620x2;632x2,石块x8;废渣x6;碎铁矿x1,石块x8;废渣x4;碎铁矿x1,石块=8/8;废渣=4/8;碎铁矿=1/8,instance2.staging/20260613_165248_812_conn_0002/server-to-client-0001.bin#8565|8783;20260605_230911_564_session_21960/20260605_230922_544_conn_0002/server-to-client-0001.bin#5915|6060;20260613_160656_039_session_27124/20260613_160706_875_conn_0002/server-to-client-0001.bin#1526|1911|8678|8893,instance2.staging/20260613_165248_812_conn_0002/server-to-client-0001.bin;20260605_230911_564_session_21960/20260605_230922_544_conn_0002/server-to-client-0001.bin;20260613_160656_039_session_27124/20260613_160706_875_conn_0002/server-to-client-0001.bin,candidate
78-crystalrock-547,78,飞仙洞_15,晶石怪,547,2,0x1;584x1,碎铁矿x4;废渣x3;石块x1,碎铁矿x2;废渣x2;石块x1,碎铁矿=2/2;废渣=2/2;石块=1/2,20260605_230911_564_session_21960/20260605_230922_544_conn_0002/server-to-client-0001.bin#6402;20260613_160656_039_session_27124/20260613_160706_875_conn_0002/server-to-client-0001.bin#2118,20260605_230911_564_session_21960/20260605_230922_544_conn_0002/server-to-client-0001.bin;20260613_160656_039_session_27124/20260613_160706_875_conn_0002/server-to-client-0001.bin,candidate
78-magicrockman-1500,78,飞仙洞_15,岩化魔人,1500,4,0x2;360x1;658x1,碎铁矿x3;石块x5;碎金片x3;岩魔菱石x3;赤焰之眼x2;岩化护腿x4;废渣x1,碎铁矿x3;石块x4;碎金片x3;岩魔菱石x3;赤焰之眼x2;岩化护腿x4;废渣x1,碎铁矿=3/4;石块=4/4;碎金片=3/4;岩魔菱石=3/4;赤焰之眼=2/4;岩化护腿=4/4;废渣=1/4,instance2.staging/20260613_165248_812_conn_0002/server-to-client-0001.bin#8959;20260605_230911_564_session_21960/20260605_230922_544_conn_0002/server-to-client-0001.bin#6237;20260613_160656_039_session_27124/20260613_160706_875_conn_0002/server-to-client-0001.bin#2048|9069,instance2.staging/20260613_165248_812_conn_0002/server-to-client-0001.bin;20260605_230911_564_session_21960/20260605_230922_544_conn_0002/server-to-client-0001.bin;20260613_160656_039_session_27124/20260613_160706_875_conn_0002/server-to-client-0001.bin,candidate
84-greenmantis-110,84,竹林_1,绿甲螳螂,110,1,42x1,L小喇叭x1,L小喇叭x1,L小喇叭=1/1,20260522_222531_099_conn_0002#1736,20260522_222531_099_conn_0002,candidate
85-greenmantis-140,85,竹林_2,绿甲螳螂,140,1,0x1,虫壳x1,虫壳x1,虫壳=1/1,20260523_210149_461_conn_0002#511,20260523_210149_461_conn_0002,candidate
86-bambooboy-180,86,竹林_3,小竹妖,180,13,0x10;92x3,叶片x6;竹x6;甘露x4,叶片x6;竹x6;甘露x4,叶片=6/13;竹=6/13;甘露=4/13,20260523_210149_461_conn_0002#564|615|663;20260524_113450_799_conn_0002#1759|1797;20260611_222123_073_session_33544/20260611_222129_098_conn_0002/server-to-client-0001.bin#6070|6108|6138|6219|6289|6340|6373|6421,20260523_210149_461_conn_0002;20260524_113450_799_conn_0002;20260611_222123_073_session_33544/20260611_222129_098_conn_0002/server-to-client-0001.bin,candidate
90-boobomb-190,90,竹林_7,竹炮,190,1,224x1,石块x1,石块x1,石块=1/1,20260523_210149_461_conn_0002#919,20260523_210149_461_conn_0002,candidate
97-bambooboy-150,97,竹林_10,小竹妖,150,1,76x1,竹x1,竹x1,竹=1/1,20260522_222531_099_conn_0002#2982,20260522_222531_099_conn_0002,candidate
97-jumpboo-180,97,竹林_10,跳跳竹,180,1,0x1,叶片x1;藤条x1,叶片x1;藤条x1,叶片=1/1;藤条=1/1,20260524_113450_799_conn_0002#7336,20260524_113450_799_conn_0002,candidate
97-purplecentipede-400,97,竹林_10,紫毒蜈蚣,400,3,0x1;404x1;438x1,虫壳x12;丝x6;蜈蚣的毒牙x2;叶片x4;藤条x4;竹x1;毒囊x2;蜈蚣的尾刺x1;蜈蚣的头x1,虫壳x3;丝x3;蜈蚣的毒牙x2;叶片x3;藤条x3;竹x1;毒囊x1;蜈蚣的尾刺x1;蜈蚣的头x1,虫壳=3/3;丝=3/3;蜈蚣的毒牙=2/3;叶片=3/3;藤条=3/3;竹=1/3;毒囊=1/3;蜈蚣的尾刺=1/3;蜈蚣的头=1/3,instance2.staging/20260612_211850_206_conn_0002/server-to-client-0001.bin#2241;20260522_222531_099_conn_0002#3131;20260524_113450_799_conn_0002#7420,instance2.staging/20260612_211850_206_conn_0002/server-to-client-0001.bin;20260522_222531_099_conn_0002;20260524_113450_799_conn_0002,candidate
101-kinfemantis-180,101,竹林_14,刀手螳螂,180,6,0x4;184x2,螳螂的头x3;L小喇叭x1;虫壳x3;螳螂刀臂x3,螳螂的头x3;L小喇叭x1;虫壳x3;螳螂刀臂x2,螳螂的头=3/6;L小喇叭=1/6;虫壳=3/6;螳螂刀臂=2/6,20260523_210149_461_conn_0002#2533|2575;20260531_124707_399_session_23556/20260531_124713_924_conn_0002/server-to-client-0001.bin#14956|15395|15633|15728,20260523_210149_461_conn_0002;20260531_124707_399_session_23556/20260531_124713_924_conn_0002/server-to-client-0001.bin,candidate
101-mantisking-350,101,竹林_14,螳螂王,350,3,0x2;516x1,虫壳x3;螳螂刀臂x4;L小喇叭x1;螳螂的头x1,虫壳x3;螳螂刀臂x3;L小喇叭x1;螳螂的头x1,虫壳=3/3;螳螂刀臂=3/3;L小喇叭=1/3;螳螂的头=1/3,20260523_210149_461_conn_0002#2809;20260531_124707_399_session_23556/20260531_124713_924_conn_0002/server-to-client-0001.bin#15242|15517,20260523_210149_461_conn_0002;20260531_124707_399_session_23556/20260531_124713_924_conn_0002/server-to-client-0001.bin,candidate
102-jdby-220,102,平原_22,尖刀暴牙,220,30,0x30,兽牙x13;头骨x7;石块x14;何首乌x1;人参x1;L小喇叭x1,兽牙x13;头骨x7;石块x14;何首乌x1;人参x1;L小喇叭x1,兽牙=13/30;头骨=7/30;石块=14/30;何首乌=1/30;人参=1/30;L小喇叭=1/30,instance2.staging/20260616_215819_960_conn_0002/server-to-client-0001.bin#3217|3314|3403|3434|3471|3509|3583|3624|3690|3759|3799|3887|3978;20260606_200103_131_session_00324/20260606_200109_321_conn_0002/server-to-client-0001.bin#18193|18224|18322|18357|18394|18433|18471|18510|18545|18698|18730|18766|18802|18830|18878|18916|19000,instance2.staging/20260616_215819_960_conn_0002/server-to-client-0001.bin;20260606_200103_131_session_00324/20260606_200109_321_conn_0002/server-to-client-0001.bin,candidate
110-vulture-110,110,卧佛谷_5,秃鹫,110,3,0x1;60x2,爪x2;肉x1;喙x1,爪x2;肉x1;喙x1,爪=2/3;肉=1/3;喙=1/3,instance2.staging/20260606_210959_953_conn_0002/server-to-client-0001.bin#1678|1723;20260605_230911_564_session_21960/20260605_230922_544_conn_0002/server-to-client-0001.bin#22387,instance2.staging/20260606_210959_953_conn_0002/server-to-client-0001.bin;20260605_230911_564_session_21960/20260605_230922_544_conn_0002/server-to-client-0001.bin,candidate
111-fusariumwood-165,111,卧佛谷_6,枯木怪,165,2,184x2,木材x2;藤条x1,木材x2;藤条x1,木材=2/2;藤条=1/2,instance2.staging/20260606_215548_514_conn_0005/server-to-client-0001.bin#1274|1360,instance2.staging/20260606_215548_514_conn_0005/server-to-client-0001.bin,candidate
113-cactus-155,113,卧佛谷_8,仙人刺球,155,3,0x2;74x1,藤条x1;叶片x2,藤条x1;叶片x2,藤条=1/3;叶片=2/3,instance2.staging/20260606_215548_514_conn_0005/server-to-client-0001.bin#777;20260606_200103_131_session_00324/20260606_200109_321_conn_0002/server-to-client-0001.bin#728|967,instance2.staging/20260606_215548_514_conn_0005/server-to-client-0001.bin;20260606_200103_131_session_00324/20260606_200109_321_conn_0002/server-to-client-0001.bin,candidate
113-hemagicrock-170,113,卧佛谷_8,褐咒石怪,170,10,0x9;94x1,废渣x7;石块x7;碎铁矿x5;毛皮x3;头骨x3;兽骨x1;图腾面具x2,废渣x6;石块x6;碎铁矿x5;毛皮x3;头骨x3;兽骨x1;图腾面具x2,废渣=6/10;石块=6/10;碎铁矿=5/10;毛皮=3/10;头骨=3/10;兽骨=1/10;图腾面具=2/10,instance2.staging/20260606_210959_953_conn_0002/server-to-client-0001.bin#2968;20260605_230911_564_session_21960/20260605_230922_544_conn_0002/server-to-client-0001.bin#22441;20260606_200103_131_session_00324/20260606_200109_321_conn_0002/server-to-client-0001.bin#780|813|901|939|999|1184|1340|1539,instance2.staging/20260606_210959_953_conn_0002/server-to-client-0001.bin;20260605_230911_564_session_21960/20260605_230922_544_conn_0002/server-to-client-0001.bin;20260606_200103_131_session_00324/20260606_200109_321_conn_0002/server-to-client-0001.bin,candidate
113-incantationshaman-400,113,卧佛谷_8,被附体的巫师,400,2,0x1;438x1,兽骨x2;头骨x2;碎铁矿x2;废渣x1;毛皮x1;石块x2,兽骨x2;头骨x2;碎铁矿x2;废渣x1;毛皮x1;石块x1,兽骨=2/2;头骨=2/2;碎铁矿=2/2;废渣=1/2;毛皮=1/2;石块=1/2,instance2.staging/20260606_210959_953_conn_0002/server-to-client-0001.bin#3112;20260606_200103_131_session_00324/20260606_200109_321_conn_0002/server-to-client-0001.bin#1081,instance2.staging/20260606_210959_953_conn_0002/server-to-client-0001.bin;20260606_200103_131_session_00324/20260606_200109_321_conn_0002/server-to-client-0001.bin,candidate
114-militia-1200,114,卧佛谷_10,点券盗贼,1200,1,0x1,点券x10,点券x1,点券=1/1,20260612_211741_424_session_38832/20260612_211756_199_conn_0002/server-to-client-0001.bin#35162,20260612_211741_424_session_38832/20260612_211756_199_conn_0002/server-to-client-0001.bin,candidate
115-cactus-155,115,卧佛谷_9,仙人刺球,155,2,0x1;74x1,刺x2;藤条x1;叶片x1,刺x2;藤条x1;叶片x1,刺=2/2;藤条=1/2;叶片=1/2,instance2.staging/20260606_215548_514_conn_0005/server-to-client-0001.bin#969;20260605_230911_564_session_21960/20260605_230922_544_conn_0002/server-to-client-0001.bin#22638,instance2.staging/20260606_215548_514_conn_0005/server-to-client-0001.bin;20260605_230911_564_session_21960/20260605_230922_544_conn_0002/server-to-client-0001.bin,candidate
122-vulture-215,122,黄风寨口,秃鹫,215,2,0x2,刺x2;肉x2;头骨x2,刺x2;肉x2;头骨x2,刺=2/2;肉=2/2;头骨=2/2,instance2.staging/20260612_211850_206_conn_0002/server-to-client-0001.bin#14744;20260612_211741_424_session_38832/20260612_211756_199_conn_0002/server-to-client-0001.bin#28124,instance2.staging/20260612_211850_206_conn_0002/server-to-client-0001.bin;20260612_211741_424_session_38832/20260612_211756_199_conn_0002/server-to-client-0001.bin,candidate
123-bamboomouse-50,123,涧庭山道_1,竹鼠,50,4,0x1;28x3,毛皮x2;肉x3;兽骨x2,毛皮x2;肉x2;兽骨x1,毛皮=2/4;肉=2/4;兽骨=1/4,20260522_222531_099_conn_0002#1210|1238|1269;20260523_210149_461_conn_0002#394,20260522_222531_099_conn_0002;20260523_210149_461_conn_0002,candidate
127-cracktoad-1500,127,观瀑台,蛤蟆精,1500,1,966x1,毒囊x5;肉x1;黏液x1;蛤蟆精战靴x1;铜钱x50,毒囊x1;肉x1;黏液x1;蛤蟆精战靴x1;铜钱x1,毒囊=1/1;肉=1/1;黏液=1/1;蛤蟆精战靴=1/1;铜钱=1/1,20260531_124707_399_session_23556/20260531_124713_924_conn_0002/server-to-client-0001.bin#9332,20260531_124707_399_session_23556/20260531_124713_924_conn_0002/server-to-client-0001.bin,candidate
127-kongfupanda-510,127,观瀑台,武斗蛤蟆,510,3,0x3,毒囊x2;黏液x2;竹x1,毒囊x2;黏液x2;竹x1,毒囊=2/3;黏液=2/3;竹=1/3,20260531_124707_399_session_23556/20260531_124713_924_conn_0002/server-to-client-0001.bin#4430|4575|4645,20260531_124707_399_session_23556/20260531_124713_924_conn_0002/server-to-client-0001.bin,candidate
127-kongfupanda-570,127,观瀑台,武斗蛤蟆,570,1,816x1,毒囊x2;竹x1,毒囊x1;竹x1,毒囊=1/1;竹=1/1,20260531_124707_399_session_23556/20260531_124713_924_conn_0002/server-to-client-0001.bin#6223,20260531_124707_399_session_23556/20260531_124713_924_conn_0002/server-to-client-0001.bin,candidate
127-kongfupanda-573,127,观瀑台,武斗蛤蟆,573,3,0x3,黏液x2;毒囊x1,黏液x2;毒囊x1,黏液=2/3;毒囊=1/3,20260531_124707_399_session_23556/20260531_124713_924_conn_0002/server-to-client-0001.bin#4895|4955|5013,20260531_124707_399_session_23556/20260531_124713_924_conn_0002/server-to-client-0001.bin,candidate
127-kongfupanda-586,127,观瀑台,武斗蛤蟆,586,5,0x5,竹x4;黏液x4;L小喇叭x1;毒囊x1,竹x4;黏液x4;L小喇叭x1;毒囊x1,竹=4/5;黏液=4/5;L小喇叭=1/5;毒囊=1/5,20260531_124707_399_session_23556/20260531_124713_924_conn_0002/server-to-client-0001.bin#5228|5282|5326|5388|5474,20260531_124707_399_session_23556/20260531_124713_924_conn_0002/server-to-client-0001.bin,candidate
127-magicpanda-510,127,观瀑台,法术蛤蟆,510,7,272x2;296x4;592x1,L小喇叭x1;黏液x8;甘露x4;毒囊x2,L小喇叭x1;黏液x7;甘露x3;毒囊x2,L小喇叭=1/7;黏液=7/7;甘露=3/7;毒囊=2/7,20260531_124707_399_session_23556/20260531_124713_924_conn_0002/server-to-client-0001.bin#5855|5898|6751|8561|8677|8739|9020,20260531_124707_399_session_23556/20260531_124713_924_conn_0002/server-to-client-0001.bin,candidate
127-swordbird-130,127,观瀑台,刺鸟,130,1,0x1,喙x1,喙x1,喙=1/1,20260531_124707_399_session_23556/20260531_124713_924_conn_0002/server-to-client-0001.bin#4222,20260531_124707_399_session_23556/20260531_124713_924_conn_0002/server-to-client-0001.bin,candidate
127-swordpanda-650,127,观瀑台,剑术蛤蟆,650,4,644x3;1262x1,毒囊x6;翠带护腰x1,毒囊x4;翠带护腰x1,毒囊=4/4;翠带护腰=1/4,20260531_124707_399_session_23556/20260531_124713_924_conn_0002/server-to-client-0001.bin#6664|7315|8011|8469,20260531_124707_399_session_23556/20260531_124713_924_conn_0002/server-to-client-0001.bin,candidate
127-swordpanda-750,127,观瀑台,剑术蛤蟆,750,1,644x1,毒囊x1;L小喇叭x1,毒囊x1;L小喇叭x1,毒囊=1/1;L小喇叭=1/1,20260531_124707_399_session_23556/20260531_124713_924_conn_0002/server-to-client-0001.bin#8971,20260531_124707_399_session_23556/20260531_124713_924_conn_0002/server-to-client-0001.bin,candidate
131-kongfupanda-510,131,水帘洞_1,武斗蛤蟆,510,5,0x5,毒囊x4;黏液x2;竹x1,毒囊x4;黏液x2;竹x1,毒囊=4/5;黏液=2/5;竹=1/5,instance2.staging/20260612_211850_206_conn_0002/server-to-client-0001.bin#24090;20260531_124707_399_session_23556/20260531_124713_924_conn_0002/server-to-client-0001.bin#4430|4575|4645;20260612_211741_424_session_38832/20260612_211756_199_conn_0002/server-to-client-0001.bin#35912,instance2.staging/20260612_211850_206_conn_0002/server-to-client-0001.bin;20260531_124707_399_session_23556/20260531_124713_924_conn_0002/server-to-client-0001.bin;20260612_211741_424_session_38832/20260612_211756_199_conn_0002/server-to-client-0001.bin,candidate
131-toad-560,131,水帘洞_1,凶恶的蟾蜍,560,6,0x6,黏液x4;肉x2;兽血x2;毒囊x2,黏液x4;肉x2;兽血x2;毒囊x2,黏液=4/6;肉=2/6;兽血=2/6;毒囊=2/6,instance2.staging/20260612_211850_206_conn_0002/server-to-client-0001.bin#23824|23933|24004;20260612_211741_424_session_38832/20260612_211756_199_conn_0002/server-to-client-0001.bin#35639|35746|35817,instance2.staging/20260612_211850_206_conn_0002/server-to-client-0001.bin;20260612_211741_424_session_38832/20260612_211756_199_conn_0002/server-to-client-0001.bin,candidate
132-kongfupanda-510,132,水帘洞_2,武斗蛤蟆,510,6,0x6,黏液x4;竹x2;毒囊x3,黏液x4;竹x2;毒囊x3,黏液=4/6;竹=2/6;毒囊=3/6,instance2.staging/20260612_211850_206_conn_0002/server-to-client-0001.bin#24201|24275;20260612_211741_424_session_38832/20260612_211756_199_conn_0002/server-to-client-0001.bin#36058|36162|36249;20260619_152110_886_session_33084/20260619_152118_193_conn_0002/server-to-client-0001.bin#25198,instance2.staging/20260612_211850_206_conn_0002/server-to-client-0001.bin;20260612_211741_424_session_38832/20260612_211756_199_conn_0002/server-to-client-0001.bin;20260619_152110_886_session_33084/20260619_152118_193_conn_0002/server-to-client-0001.bin,candidate
132-kongfupanda-573,132,水帘洞_2,武斗蛤蟆,573,9,0x9,毒囊x3;黏液x6,毒囊x3;黏液x6,毒囊=3/9;黏液=6/9,instance2.staging/20260612_211850_206_conn_0002/server-to-client-0001.bin#24232|24313;20260531_124707_399_session_23556/20260531_124713_924_conn_0002/server-to-client-0001.bin#4895|4955|5013;20260612_211741_424_session_38832/20260612_211756_199_conn_0002/server-to-client-0001.bin#36125|36198|36286;20260619_152110_886_session_33084/20260619_152118_193_conn_0002/server-to-client-0001.bin#25230,instance2.staging/20260612_211850_206_conn_0002/server-to-client-0001.bin;20260531_124707_399_session_23556/20260531_124713_924_conn_0002/server-to-client-0001.bin;20260612_211741_424_session_38832/20260612_211756_199_conn_0002/server-to-client-0001.bin;20260619_152110_886_session_33084/20260619_152118_193_conn_0002/server-to-client-0001.bin,candidate
133-kongfupanda-586,133,水帘洞_3,武斗蛤蟆,586,13,0x13,黏液x10;竹x5;L小喇叭x1;毒囊x5,黏液x10;竹x5;L小喇叭x1;毒囊x5,黏液=10/13;竹=5/13;L小喇叭=1/13;毒囊=5/13,instance2.staging/20260612_211850_206_conn_0002/server-to-client-0001.bin#24516|24785;20260531_124707_399_session_23556/20260531_124713_924_conn_0002/server-to-client-0001.bin#5228|5282|5326|5388|5474;20260612_211741_424_session_38832/20260612_211756_199_conn_0002/server-to-client-0001.bin#36527|36791;20260619_152110_886_session_33084/20260619_152118_193_conn_0002/server-to-client-0001.bin#25398|25514|25555|25660,instance2.staging/20260612_211850_206_conn_0002/server-to-client-0001.bin;20260531_124707_399_session_23556/20260531_124713_924_conn_0002/server-to-client-0001.bin;20260612_211741_424_session_38832/20260612_211756_199_conn_0002/server-to-client-0001.bin;20260619_152110_886_session_33084/20260619_152118_193_conn_0002/server-to-client-0001.bin,candidate
134-kongfupanda-530,134,水帘洞_4,武斗蛤蟆,530,7,0x7,竹x2;黏液x5;毒囊x3,竹x2;黏液x5;毒囊x3,竹=2/7;黏液=5/7;毒囊=3/7,instance2.staging/20260612_211850_206_conn_0002/server-to-client-0001.bin#27683|27818;20260612_211741_424_session_38832/20260612_211756_199_conn_0002/server-to-client-0001.bin#39905|40037;20260619_152110_886_session_33084/20260619_152118_193_conn_0002/server-to-client-0001.bin#25860|26020|26067,instance2.staging/20260612_211850_206_conn_0002/server-to-client-0001.bin;20260612_211741_424_session_38832/20260612_211756_199_conn_0002/server-to-client-0001.bin;20260619_152110_886_session_33084/20260619_152118_193_conn_0002/server-to-client-0001.bin,candidate
135-magicpanda-510,135,水帘洞_5,法术蛤蟆,510,5,0x5,黏液x5;毒囊x2;L小喇叭x1,黏液x5;毒囊x2;L小喇叭x1,黏液=5/5;毒囊=2/5;L小喇叭=1/5,instance2.staging/20260612_211850_206_conn_0002/server-to-client-0001.bin#27286|27434;20260612_211741_424_session_38832/20260612_211756_199_conn_0002/server-to-client-0001.bin#39413|39579;20260619_152110_886_session_33084/20260619_152118_193_conn_0002/server-to-client-0001.bin#26440,instance2.staging/20260612_211850_206_conn_0002/server-to-client-0001.bin;20260612_211741_424_session_38832/20260612_211756_199_conn_0002/server-to-client-0001.bin;20260619_152110_886_session_33084/20260619_152118_193_conn_0002/server-to-client-0001.bin,candidate
135-swordpanda-630,135,水帘洞_5,剑术蛤蟆,630,8,0x8,毒囊x8;L小喇叭x2,毒囊x8;L小喇叭x2,毒囊=8/8;L小喇叭=2/8,instance2.staging/20260612_211850_206_conn_0002/server-to-client-0001.bin#27335|27382|27467;20260612_211741_424_session_38832/20260612_211756_199_conn_0002/server-to-client-0001.bin#39465|39518|39612;20260619_152110_886_session_33084/20260619_152118_193_conn_0002/server-to-client-0001.bin#26237|26300,instance2.staging/20260612_211850_206_conn_0002/server-to-client-0001.bin;20260612_211741_424_session_38832/20260612_211756_199_conn_0002/server-to-client-0001.bin;20260619_152110_886_session_33084/20260619_152118_193_conn_0002/server-to-client-0001.bin,candidate
136-kongfupanda-570,136,水帘洞_6,武斗蛤蟆,570,5,0x5,毒囊x3;蛤蟆布衣x2;竹x2;黏液x5,毒囊x3;蛤蟆布衣x2;竹x2;黏液x3,毒囊=3/5;蛤蟆布衣=2/5;竹=2/5;黏液=3/5,instance2.staging/20260612_211850_206_conn_0002/server-to-client-0001.bin#27026|27166;20260612_211741_424_session_38832/20260612_211756_199_conn_0002/server-to-client-0001.bin#39092|39228;20260619_152110_886_session_33084/20260619_152118_193_conn_0002/server-to-client-0001.bin#26575,instance2.staging/20260612_211850_206_conn_0002/server-to-client-0001.bin;20260612_211741_424_session_38832/20260612_211756_199_conn_0002/server-to-client-0001.bin;20260619_152110_886_session_33084/20260619_152118_193_conn_0002/server-to-client-0001.bin,candidate
136-swordpanda-708,136,水帘洞_6,剑术蛤蟆,708,4,0x2;292x2,毒囊x4,毒囊x4,毒囊=4/4,instance2.staging/20260612_211850_206_conn_0002/server-to-client-0001.bin#26990|27076;20260612_211741_424_session_38832/20260612_211756_199_conn_0002/server-to-client-0001.bin#39059|39136,instance2.staging/20260612_211850_206_conn_0002/server-to-client-0001.bin;20260612_211741_424_session_38832/20260612_211756_199_conn_0002/server-to-client-0001.bin,candidate
137-magicpanda-510,137,水帘洞_7,法术蛤蟆,510,8,0x6;272x2,L小喇叭x3;甘露x3;战斗围巾x2;毒囊x3;黏液x2,L小喇叭x3;甘露x3;战斗围巾x2;毒囊x3;黏液x2,L小喇叭=3/8;甘露=3/8;战斗围巾=2/8;毒囊=3/8;黏液=2/8,instance2.staging/20260612_211850_206_conn_0002/server-to-client-0001.bin#25115|25147|25178;20260531_124707_399_session_23556/20260531_124713_924_conn_0002/server-to-client-0001.bin#5855|5898;20260612_211741_424_session_38832/20260612_211756_199_conn_0002/server-to-client-0001.bin#37123|37153|37185,instance2.staging/20260612_211850_206_conn_0002/server-to-client-0001.bin;20260531_124707_399_session_23556/20260531_124713_924_conn_0002/server-to-client-0001.bin;20260612_211741_424_session_38832/20260612_211756_199_conn_0002/server-to-client-0001.bin,candidate
137-swordpanda-640,137,水帘洞_7,剑术蛤蟆,640,2,0x2,毒囊x2,毒囊x2,毒囊=2/2,instance2.staging/20260612_211850_206_conn_0002/server-to-client-0001.bin#25003;20260612_211741_424_session_38832/20260612_211756_199_conn_0002/server-to-client-0001.bin#37011,instance2.staging/20260612_211850_206_conn_0002/server-to-client-0001.bin;20260612_211741_424_session_38832/20260612_211756_199_conn_0002/server-to-client-0001.bin,candidate
138-magicpanda-515,138,水帘洞_8,法术蛤蟆,515,6,0x6,黏液x6,黏液x6,黏液=6/6,instance2.staging/20260612_211850_206_conn_0002/server-to-client-0001.bin#25283|25347|25374;20260612_211741_424_session_38832/20260612_211756_199_conn_0002/server-to-client-0001.bin#37314|37375|37407,instance2.staging/20260612_211850_206_conn_0002/server-to-client-0001.bin;20260612_211741_424_session_38832/20260612_211756_199_conn_0002/server-to-client-0001.bin,candidate
139-magicpanda-510,139,水帘洞_9,法术蛤蟆,510,4,0x2;292x1;584x1,甘露x2;黏液x4,甘露x2;黏液x4,甘露=2/4;黏液=4/4,instance2.staging/20260612_211850_206_conn_0002/server-to-client-0001.bin#25619|25669;20260612_211741_424_session_38832/20260612_211756_199_conn_0002/server-to-client-0001.bin#37656|37707,instance2.staging/20260612_211850_206_conn_0002/server-to-client-0001.bin;20260612_211741_424_session_38832/20260612_211756_199_conn_0002/server-to-client-0001.bin,candidate
140-swordpanda-650,140,水帘洞_10,剑术蛤蟆,650,3,0x1;1240x1;1262x1,毒囊x8;黏液x2,毒囊x3;黏液x2,毒囊=3/3;黏液=2/3,instance2.staging/20260612_211850_206_conn_0002/server-to-client-0001.bin#25988;20260531_124707_399_session_23556/20260531_124713_924_conn_0002/server-to-client-0001.bin#7315;20260612_211741_424_session_38832/20260612_211756_199_conn_0002/server-to-client-0001.bin#38053,instance2.staging/20260612_211850_206_conn_0002/server-to-client-0001.bin;20260531_124707_399_session_23556/20260531_124713_924_conn_0002/server-to-client-0001.bin;20260612_211741_424_session_38832/20260612_211756_199_conn_0002/server-to-client-0001.bin,candidate
141-swordpanda-650,141,水帘洞_11,剑术蛤蟆,650,5,0x2;632x2;644x1,毒囊x7,毒囊x5,毒囊=5/5,instance2.staging/20260612_211850_206_conn_0002/server-to-client-0001.bin#26309|26412;20260531_124707_399_session_23556/20260531_124713_924_conn_0002/server-to-client-0001.bin#8011;20260612_211741_424_session_38832/20260612_211756_199_conn_0002/server-to-client-0001.bin#38379|38476,instance2.staging/20260612_211850_206_conn_0002/server-to-client-0001.bin;20260531_124707_399_session_23556/20260531_124713_924_conn_0002/server-to-client-0001.bin;20260612_211741_424_session_38832/20260612_211756_199_conn_0002/server-to-client-0001.bin,candidate
142-magicpanda-510,142,水帘洞_12,法术蛤蟆,510,9,0x4;292x2;296x3,甘露x4;黏液x6;毒囊x1,甘露x4;黏液x6;毒囊x1,甘露=4/9;黏液=6/9;毒囊=1/9,instance2.staging/20260612_211850_206_conn_0002/server-to-client-0001.bin#26582|26793;20260531_124707_399_session_23556/20260531_124713_924_conn_0002/server-to-client-0001.bin#8561|8677|8739;20260612_211741_424_session_38832/20260612_211756_199_conn_0002/server-to-client-0001.bin#38655|38858;20260619_152110_886_session_33084/20260619_152118_193_conn_0002/server-to-client-0001.bin#26722|26785,instance2.staging/20260612_211850_206_conn_0002/server-to-client-0001.bin;20260531_124707_399_session_23556/20260531_124713_924_conn_0002/server-to-client-0001.bin;20260612_211741_424_session_38832/20260612_211756_199_conn_0002/server-to-client-0001.bin;20260619_152110_886_session_33084/20260619_152118_193_conn_0002/server-to-client-0001.bin,candidate
142-swordpanda-650,142,水帘洞_12,剑术蛤蟆,650,3,0x1;632x1;644x1,毒囊x4;蛤蟆布衣x2;翠带护腰x1,毒囊x3;蛤蟆布衣x2;翠带护腰x1,毒囊=3/3;蛤蟆布衣=2/3;翠带护腰=1/3,instance2.staging/20260612_211850_206_conn_0002/server-to-client-0001.bin#26703;20260531_124707_399_session_23556/20260531_124713_924_conn_0002/server-to-client-0001.bin#8469;20260612_211741_424_session_38832/20260612_211756_199_conn_0002/server-to-client-0001.bin#38770,instance2.staging/20260612_211850_206_conn_0002/server-to-client-0001.bin;20260531_124707_399_session_23556/20260531_124713_924_conn_0002/server-to-client-0001.bin;20260612_211741_424_session_38832/20260612_211756_199_conn_0002/server-to-client-0001.bin,candidate
143-cracktoad-1500,143,水帘洞_13,蛤蟆精,1500,2,0x1;966x1,毒囊x6;肉x2;黏液x3;蛤蟆精战靴x1;铜钱x100;蛤蟆精护腰x1,毒囊x2;肉x2;黏液x2;蛤蟆精战靴x1;铜钱x2;蛤蟆精护腰x1,毒囊=2/2;肉=2/2;黏液=2/2;蛤蟆精战靴=1/2;铜钱=2/2;蛤蟆精护腰=1/2,20260531_124707_399_session_23556/20260531_124713_924_conn_0002/server-to-client-0001.bin#9332;20260619_152110_886_session_33084/20260619_152118_193_conn_0002/server-to-client-0001.bin#27038,20260531_124707_399_session_23556/20260531_124713_924_conn_0002/server-to-client-0001.bin;20260619_152110_886_session_33084/20260619_152118_193_conn_0002/server-to-client-0001.bin,candidate
143-magicpanda-510,143,水帘洞_13,法术蛤蟆,510,6,0x3;292x1;296x1;950x1,毒囊x5;蛤蟆法袍x2;黏液x6;肉x2;蛤蟆精护腰x2;蛤蟆精护肩x2;铜钱x100,毒囊x5;蛤蟆法袍x2;黏液x4;肉x2;蛤蟆精护腰x2;蛤蟆精护肩x2;铜钱x2,毒囊=5/6;蛤蟆法袍=2/6;黏液=4/6;肉=2/6;蛤蟆精护腰=2/6;蛤蟆精护肩=2/6;铜钱=2/6,instance2.staging/20260612_211850_206_conn_0002/server-to-client-0001.bin#28128|28268;20260531_124707_399_session_23556/20260531_124713_924_conn_0002/server-to-client-0001.bin#9020;20260612_211741_424_session_38832/20260612_211756_199_conn_0002/server-to-client-0001.bin#40868|41002;20260619_152110_886_session_33084/20260619_152118_193_conn_0002/server-to-client-0001.bin#26894,instance2.staging/20260612_211850_206_conn_0002/server-to-client-0001.bin;20260531_124707_399_session_23556/20260531_124713_924_conn_0002/server-to-client-0001.bin;20260612_211741_424_session_38832/20260612_211756_199_conn_0002/server-to-client-0001.bin;20260619_152110_886_session_33084/20260619_152118_193_conn_0002/server-to-client-0001.bin,candidate
143-swordpanda-750,143,水帘洞_13,剑术蛤蟆,750,3,0x1;632x1;644x1,毒囊x3;L小喇叭x1,毒囊x3;L小喇叭x1,毒囊=3/3;L小喇叭=1/3,instance2.staging/20260612_211850_206_conn_0002/server-to-client-0001.bin#28082;20260531_124707_399_session_23556/20260531_124713_924_conn_0002/server-to-client-0001.bin#8971;20260612_211741_424_session_38832/20260612_211756_199_conn_0002/server-to-client-0001.bin#40832,instance2.staging/20260612_211850_206_conn_0002/server-to-client-0001.bin;20260531_124707_399_session_23556/20260531_124713_924_conn_0002/server-to-client-0001.bin;20260612_211741_424_session_38832/20260612_211756_199_conn_0002/server-to-client-0001.bin,candidate
144-kongfupanda-570,144,水帘洞_14,武斗蛤蟆,570,2,0x1;816x1,毒囊x4;竹x2;黏液x1,毒囊x2;竹x2;黏液x1,毒囊=2/2;竹=2/2;黏液=1/2,20260531_124707_399_session_23556/20260531_124713_924_conn_0002/server-to-client-0001.bin#6223;20260612_211741_424_session_38832/20260612_211756_199_conn_0002/server-to-client-0001.bin#40356,20260531_124707_399_session_23556/20260531_124713_924_conn_0002/server-to-client-0001.bin;20260612_211741_424_session_38832/20260612_211756_199_conn_0002/server-to-client-0001.bin,candidate
144-swordpanda-708,144,水帘洞_14,剑术蛤蟆,708,2,0x2,毒囊x2;L小喇叭x1,毒囊x2;L小喇叭x1,毒囊=2/2;L小喇叭=1/2,20260612_211741_424_session_38832/20260612_211756_199_conn_0002/server-to-client-0001.bin#40184|40226,20260612_211741_424_session_38832/20260612_211756_199_conn_0002/server-to-client-0001.bin,candidate
145-magicpanda-510,145,水帘洞_15,法术蛤蟆,510,2,0x1;592x1,甘露x2;黏液x3;毒囊x2,甘露x1;黏液x2;毒囊x2,甘露=1/2;黏液=2/2;毒囊=2/2,20260531_124707_399_session_23556/20260531_124713_924_conn_0002/server-to-client-0001.bin#6751;20260612_211741_424_session_38832/20260612_211756_199_conn_0002/server-to-client-0001.bin#40521,20260531_124707_399_session_23556/20260531_124713_924_conn_0002/server-to-client-0001.bin;20260612_211741_424_session_38832/20260612_211756_199_conn_0002/server-to-client-0001.bin,candidate
145-swordpanda-650,145,水帘洞_15,剑术蛤蟆,650,3,0x2;644x1,毒囊x3;蛤蟆布衣x1,毒囊x3;蛤蟆布衣x1,毒囊=3/3;蛤蟆布衣=1/3,20260531_124707_399_session_23556/20260531_124713_924_conn_0002/server-to-client-0001.bin#6664;20260612_211741_424_session_38832/20260612_211756_199_conn_0002/server-to-client-0001.bin#40568|40652,20260531_124707_399_session_23556/20260531_124713_924_conn_0002/server-to-client-0001.bin;20260612_211741_424_session_38832/20260612_211756_199_conn_0002/server-to-client-0001.bin,candidate
146-barbarianweapons-520,146,黄风寨_1,蛮族刀客,520,9,0x9,铜钱x37;红缨x7,铜钱x6;红缨x7,铜钱=6/9;红缨=7/9,instance2.staging/20260612_211850_206_conn_0002/server-to-client-0001.bin#14929|15010;instance2.staging/20260613_165248_812_conn_0002/server-to-client-0001.bin#111912;20260605_230911_564_session_21960/20260605_230922_544_conn_0002/server-to-client-0001.bin#13493|13552|13612|13667;20260612_211741_424_session_38832/20260612_211756_199_conn_0002/server-to-client-0001.bin#28298|28385,instance2.staging/20260612_211850_206_conn_0002/server-to-client-0001.bin;instance2.staging/20260613_165248_812_conn_0002/server-to-client-0001.bin;20260605_230911_564_session_21960/20260605_230922_544_conn_0002/server-to-client-0001.bin;20260612_211741_424_session_38832/20260612_211756_199_conn_0002/server-to-client-0001.bin,candidate
147-barbarianweapons-520,147,黄风寨_2,蛮族刀客,520,3,0x3,铜钱x16,铜钱x3,铜钱=3/3,instance2.staging/20260613_165248_812_conn_0002/server-to-client-0001.bin#112108;20260612_211741_424_session_38832/20260612_211756_199_conn_0002/server-to-client-0001.bin#28529|28570,instance2.staging/20260613_165248_812_conn_0002/server-to-client-0001.bin;20260612_211741_424_session_38832/20260612_211756_199_conn_0002/server-to-client-0001.bin,candidate
148-barbarianweapons-530,148,黄风寨_3,蛮族刀客,530,5,0x5,铜钱x23;红缨x2,铜钱x5;红缨x2,铜钱=5/5;红缨=2/5,instance2.staging/20260612_211850_206_conn_0002/server-to-client-0001.bin#15168;instance2.staging/20260613_165248_812_conn_0002/server-to-client-0001.bin#112229;20260605_230911_564_session_21960/20260605_230922_544_conn_0002/server-to-client-0001.bin#15409|15486;20260612_211741_424_session_38832/20260612_211756_199_conn_0002/server-to-client-0001.bin#28864,instance2.staging/20260612_211850_206_conn_0002/server-to-client-0001.bin;instance2.staging/20260613_165248_812_conn_0002/server-to-client-0001.bin;20260605_230911_564_session_21960/20260605_230922_544_conn_0002/server-to-client-0001.bin;20260612_211741_424_session_38832/20260612_211756_199_conn_0002/server-to-client-0001.bin,candidate
148-barbarianweapons-550,148,黄风寨_3,蛮族刀客,550,12,0x12,铜钱x61;红缨x2,铜钱x12;红缨x2,铜钱=12/12;红缨=2/12,instance2.staging/20260612_211850_206_conn_0002/server-to-client-0001.bin#15215|15244;instance2.staging/20260613_165248_812_conn_0002/server-to-client-0001.bin#112318|112372|112428;20260605_230911_564_session_21960/20260605_230922_544_conn_0002/server-to-client-0001.bin#15319|15364|15446;20260612_211741_424_session_38832/20260612_211756_199_conn_0002/server-to-client-0001.bin#28729|28778|28917|28949,instance2.staging/20260612_211850_206_conn_0002/server-to-client-0001.bin;instance2.staging/20260613_165248_812_conn_0002/server-to-client-0001.bin;20260605_230911_564_session_21960/20260605_230922_544_conn_0002/server-to-client-0001.bin;20260612_211741_424_session_38832/20260612_211756_199_conn_0002/server-to-client-0001.bin,candidate
149-barbarianbowman-530,149,黄风寨_4,蛮族弓手,530,8,0x6;254x2,铜钱x53;头骨x1;兽骨x1,铜钱x7;头骨x1;兽骨x1,铜钱=7/8;头骨=1/8;兽骨=1/8,instance2.staging/20260612_211850_206_conn_0002/server-to-client-0001.bin#15385|15503;instance2.staging/20260613_165248_812_conn_0002/server-to-client-0001.bin#112502|112533;20260605_230911_564_session_21960/20260605_230922_544_conn_0002/server-to-client-0001.bin#15058|15135;20260612_211741_424_session_38832/20260612_211756_199_conn_0002/server-to-client-0001.bin#29084|29219,instance2.staging/20260612_211850_206_conn_0002/server-to-client-0001.bin;instance2.staging/20260613_165248_812_conn_0002/server-to-client-0001.bin;20260605_230911_564_session_21960/20260605_230922_544_conn_0002/server-to-client-0001.bin;20260612_211741_424_session_38832/20260612_211756_199_conn_0002/server-to-client-0001.bin,candidate
149-barbarianweapons-550,149,黄风寨_4,蛮族刀客,550,15,0x15,铜钱x47;红缨x8;剔骨刀x1,铜钱x9;红缨x8;剔骨刀x1,铜钱=9/15;红缨=8/15;剔骨刀=1/15,instance2.staging/20260612_211850_206_conn_0002/server-to-client-0001.bin#15317|15352|15552|15584;instance2.staging/20260613_165248_812_conn_0002/server-to-client-0001.bin#112650|112833|112895;20260605_230911_564_session_21960/20260605_230922_544_conn_0002/server-to-client-0001.bin#14834|14880|15169|15210;20260612_211741_424_session_38832/20260612_211756_199_conn_0002/server-to-client-0001.bin#29012|29047|29288|29322,instance2.staging/20260612_211850_206_conn_0002/server-to-client-0001.bin;instance2.staging/20260613_165248_812_conn_0002/server-to-client-0001.bin;20260605_230911_564_session_21960/20260605_230922_544_conn_0002/server-to-client-0001.bin;20260612_211741_424_session_38832/20260612_211756_199_conn_0002/server-to-client-0001.bin,candidate
149-hfscastellan-1200,149,黄风寨_4,黄风二寨主,1200,4,0x1;330x1;336x1;608x1,毛皮x8;铜钱x516;盗贼的首级x4;黄风围巾x3;头骨x2;绸缎x2;黄风护腕x1;宝匣x1;黄风腰带x1;兽骨x1,毛皮x4;铜钱x4;盗贼的首级x4;黄风围巾x3;头骨x2;绸缎x1;黄风护腕x1;宝匣x1;黄风腰带x1;兽骨x1,毛皮=4/4;铜钱=4/4;盗贼的首级=4/4;黄风围巾=3/4;头骨=2/4;绸缎=1/4;黄风护腕=1/4;宝匣=1/4;黄风腰带=1/4;兽骨=1/4,instance2.staging/20260612_211850_206_conn_0002/server-to-client-0001.bin#15469;instance2.staging/20260613_165248_812_conn_0002/server-to-client-0001.bin#112739;20260605_230911_564_session_21960/20260605_230922_544_conn_0002/server-to-client-0001.bin#15002;20260612_211741_424_session_38832/20260612_211756_199_conn_0002/server-to-client-0001.bin#29183,instance2.staging/20260612_211850_206_conn_0002/server-to-client-0001.bin;instance2.staging/20260613_165248_812_conn_0002/server-to-client-0001.bin;20260605_230911_564_session_21960/20260605_230922_544_conn_0002/server-to-client-0001.bin;20260612_211741_424_session_38832/20260612_211756_199_conn_0002/server-to-client-0001.bin,candidate
150-barbarianbowman-530,150,黄风寨_5,蛮族弓手,530,2,0x2,铜钱x16;兽骨x1;头骨x1,铜钱x2;兽骨x1;头骨x1,铜钱=2/2;兽骨=1/2;头骨=1/2,20260612_211741_424_session_38832/20260612_211756_199_conn_0002/server-to-client-0001.bin#29451|29523,20260612_211741_424_session_38832/20260612_211756_199_conn_0002/server-to-client-0001.bin,candidate
150-barbarianfighter-600,150,黄风寨_5,蛮族战士,600,9,0x8;278x1,铜钱x49;兽骨x2;毛皮x3;头骨x2,铜钱x7;兽骨x2;毛皮x3;头骨x2,铜钱=7/9;兽骨=2/9;毛皮=3/9;头骨=2/9,instance2.staging/20260612_211850_206_conn_0002/server-to-client-0001.bin#15705;instance2.staging/20260613_165248_812_conn_0002/server-to-client-0001.bin#113024|113081;20260605_230911_564_session_21960/20260605_230922_544_conn_0002/server-to-client-0001.bin#14472|14515|14679|14734;20260612_211741_424_session_38832/20260612_211756_199_conn_0002/server-to-client-0001.bin#29640|29698,instance2.staging/20260612_211850_206_conn_0002/server-to-client-0001.bin;instance2.staging/20260613_165248_812_conn_0002/server-to-client-0001.bin;20260605_230911_564_session_21960/20260605_230922_544_conn_0002/server-to-client-0001.bin;20260612_211741_424_session_38832/20260612_211756_199_conn_0002/server-to-client-0001.bin,candidate
151-barbarianbowman-530,151,黄风寨_6,蛮族弓手,530,2,0x2,L小喇叭x2;铜钱x12;兽骨x1,L小喇叭x2;铜钱x2;兽骨x1,L小喇叭=2/2;铜钱=2/2;兽骨=1/2,20260605_230911_564_session_21960/20260605_230922_544_conn_0002/server-to-client-0001.bin#14171|14275,20260605_230911_564_session_21960/20260605_230922_544_conn_0002/server-to-client-0001.bin,candidate
151-barbarianweapons-550,151,黄风寨_6,蛮族刀客,550,2,0x2,铜钱x8;红缨x1;刀客布衣x1,铜钱x1;红缨x1;刀客布衣x1,铜钱=1/2;红缨=1/2;刀客布衣=1/2,20260605_230911_564_session_21960/20260605_230922_544_conn_0002/server-to-client-0001.bin#14223|14321,20260605_230911_564_session_21960/20260605_230922_544_conn_0002/server-to-client-0001.bin,candidate
152-barbarianbowman-530,152,黄风寨_7,蛮族弓手,530,1,0x1,铜钱x11;头骨x1,铜钱x1;头骨x1,铜钱=1/1;头骨=1/1,20260605_230911_564_session_21960/20260605_230922_544_conn_0002/server-to-client-0001.bin#14053,20260605_230911_564_session_21960/20260605_230922_544_conn_0002/server-to-client-0001.bin,candidate
152-barbarianweapons-550,152,黄风寨_7,蛮族刀客,550,1,0x1,铜钱x3,铜钱x1,铜钱=1/1,20260605_230911_564_session_21960/20260605_230922_544_conn_0002/server-to-client-0001.bin#13837,20260605_230911_564_session_21960/20260605_230922_544_conn_0002/server-to-client-0001.bin,candidate
153-barbarianbowman-560,153,黄风寨_8,蛮族弓手,560,5,0x4;556x1,铜钱x45;兽骨x1,铜钱x5;兽骨x1,铜钱=5/5;兽骨=1/5,instance2.staging/20260612_211850_206_conn_0002/server-to-client-0001.bin#15975;instance2.staging/20260613_165248_812_conn_0002/server-to-client-0001.bin#113482;20260605_230911_564_session_21960/20260605_230922_544_conn_0002/server-to-client-0001.bin#15710|15943;20260612_211741_424_session_38832/20260612_211756_199_conn_0002/server-to-client-0001.bin#29976,instance2.staging/20260612_211850_206_conn_0002/server-to-client-0001.bin;instance2.staging/20260613_165248_812_conn_0002/server-to-client-0001.bin;20260605_230911_564_session_21960/20260605_230922_544_conn_0002/server-to-client-0001.bin;20260612_211741_424_session_38832/20260612_211756_199_conn_0002/server-to-client-0001.bin,candidate
153-incantationshaman-500,153,黄风寨_8,咒巫师,500,8,0x6;278x2,兽骨x5;头骨x6;L小喇叭x2;图腾面具x3;毛皮x1,兽骨x5;头骨x6;L小喇叭x2;图腾面具x3;毛皮x1,兽骨=5/8;头骨=6/8;L小喇叭=2/8;图腾面具=3/8;毛皮=1/8,instance2.staging/20260612_211850_206_conn_0002/server-to-client-0001.bin#15858|16024;instance2.staging/20260613_165248_812_conn_0002/server-to-client-0001.bin#113258|113383;20260605_230911_564_session_21960/20260605_230922_544_conn_0002/server-to-client-0001.bin#15796|15851;20260612_211741_424_session_38832/20260612_211756_199_conn_0002/server-to-client-0001.bin#29856|30024,instance2.staging/20260612_211850_206_conn_0002/server-to-client-0001.bin;instance2.staging/20260613_165248_812_conn_0002/server-to-client-0001.bin;20260605_230911_564_session_21960/20260605_230922_544_conn_0002/server-to-client-0001.bin;20260612_211741_424_session_38832/20260612_211756_199_conn_0002/server-to-client-0001.bin,candidate
154-barbarianbowman-547,154,黄风寨_9,蛮族弓手,547,1,0x1,铜钱x10,铜钱x1,铜钱=1/1,20260605_230911_564_session_21960/20260605_230922_544_conn_0002/server-to-client-0001.bin#17410,20260605_230911_564_session_21960/20260605_230922_544_conn_0002/server-to-client-0001.bin,candidate
154-barbarianfighter-630,154,黄风寨_9,蛮族战士,630,4,0x1;620x2;656x1,铜钱x34;兽骨x5;头骨x5;毛皮x1,铜钱x4;兽骨x4;头骨x3;毛皮x1,铜钱=4/4;兽骨=4/4;头骨=3/4;毛皮=1/4,instance2.staging/20260612_211850_206_conn_0002/server-to-client-0001.bin#17124;20260605_230911_564_session_21960/20260605_230922_544_conn_0002/server-to-client-0001.bin#17250|17544;20260612_211741_424_session_38832/20260612_211756_199_conn_0002/server-to-client-0001.bin#31188,instance2.staging/20260612_211850_206_conn_0002/server-to-client-0001.bin;20260605_230911_564_session_21960/20260605_230922_544_conn_0002/server-to-client-0001.bin;20260612_211741_424_session_38832/20260612_211756_199_conn_0002/server-to-client-0001.bin,candidate
155-barbarianfighter-630,155,黄风寨_10,蛮族战士,630,7,0x3;620x2;656x2,铜钱x92;兽骨x2;毛皮x5;头骨x6;L小喇叭x1,铜钱x7;兽骨x2;毛皮x5;头骨x4;L小喇叭x1,铜钱=7/7;兽骨=2/7;毛皮=5/7;头骨=4/7;L小喇叭=1/7,instance2.staging/20260612_211850_206_conn_0002/server-to-client-0001.bin#17314|17370;instance2.staging/20260613_165248_812_conn_0002/server-to-client-0001.bin#114666;20260605_230911_564_session_21960/20260605_230922_544_conn_0002/server-to-client-0001.bin#17648|17971;20260612_211741_424_session_38832/20260612_211756_199_conn_0002/server-to-client-0001.bin#31370|31425,instance2.staging/20260612_211850_206_conn_0002/server-to-client-0001.bin;instance2.staging/20260613_165248_812_conn_0002/server-to-client-0001.bin;20260605_230911_564_session_21960/20260605_230922_544_conn_0002/server-to-client-0001.bin;20260612_211741_424_session_38832/20260612_211756_199_conn_0002/server-to-client-0001.bin,candidate
155-hfcastellan-1500,155,黄风寨_10,黄风大寨主,1500,4,0x1;708x1;720x1;764x1,红方巾x8;绸缎x10;铜钱x1310;盗贼的首级x4;呼啸战靴x2;寨夫人上衣x1;寨夫人护腕x1;宝匣x1,红方巾x4;绸缎x4;铜钱x4;盗贼的首级x4;呼啸战靴x2;寨夫人上衣x1;寨夫人护腕x1;宝匣x1,红方巾=4/4;绸缎=4/4;铜钱=4/4;盗贼的首级=4/4;呼啸战靴=2/4;寨夫人上衣=1/4;寨夫人护腕=1/4;宝匣=1/4,instance2.staging/20260612_211850_206_conn_0002/server-to-client-0001.bin#17702;instance2.staging/20260613_165248_812_conn_0002/server-to-client-0001.bin#115050;20260605_230911_564_session_21960/20260605_230922_544_conn_0002/server-to-client-0001.bin#17886;20260612_211741_424_session_38832/20260612_211756_199_conn_0002/server-to-client-0001.bin#31734,instance2.staging/20260612_211850_206_conn_0002/server-to-client-0001.bin;instance2.staging/20260613_165248_812_conn_0002/server-to-client-0001.bin;20260605_230911_564_session_21960/20260605_230922_544_conn_0002/server-to-client-0001.bin;20260612_211741_424_session_38832/20260612_211756_199_conn_0002/server-to-client-0001.bin,candidate
156-barbarianbowman-600,156,黄风寨_11,蛮族弓手,600,8,0x6;604x2,兽骨x3;铜钱x61;L小喇叭x2;头骨x1,兽骨x3;铜钱x6;L小喇叭x2;头骨x1,兽骨=3/8;铜钱=6/8;L小喇叭=2/8;头骨=1/8,instance2.staging/20260612_211850_206_conn_0002/server-to-client-0001.bin#16315|16453;instance2.staging/20260613_165248_812_conn_0002/server-to-client-0001.bin#113783|114031;20260605_230911_564_session_21960/20260605_230922_544_conn_0002/server-to-client-0001.bin#16164|16397;20260612_211741_424_session_38832/20260612_211756_199_conn_0002/server-to-client-0001.bin#30345|30475,instance2.staging/20260612_211850_206_conn_0002/server-to-client-0001.bin;instance2.staging/20260613_165248_812_conn_0002/server-to-client-0001.bin;20260605_230911_564_session_21960/20260605_230922_544_conn_0002/server-to-client-0001.bin;20260612_211741_424_session_38832/20260612_211756_199_conn_0002/server-to-client-0001.bin,candidate
156-incantationshaman-550,156,黄风寨_11,咒巫师,550,11,0x8;302x3,毛皮x5;兽骨x10;头骨x9;L小喇叭x1,毛皮x5;兽骨x10;头骨x9;L小喇叭x1,毛皮=5/11;兽骨=10/11;头骨=9/11;L小喇叭=1/11,instance2.staging/20260612_211850_206_conn_0002/server-to-client-0001.bin#16380|16497|16531;instance2.staging/20260613_165248_812_conn_0002/server-to-client-0001.bin#113871|113949;20260605_230911_564_session_21960/20260605_230922_544_conn_0002/server-to-client-0001.bin#16253|16286|16434;20260612_211741_424_session_38832/20260612_211756_199_conn_0002/server-to-client-0001.bin#30405|30517|30549,instance2.staging/20260612_211850_206_conn_0002/server-to-client-0001.bin;instance2.staging/20260613_165248_812_conn_0002/server-to-client-0001.bin;20260605_230911_564_session_21960/20260605_230922_544_conn_0002/server-to-client-0001.bin;20260612_211741_424_session_38832/20260612_211756_199_conn_0002/server-to-client-0001.bin,candidate
157-barbarianbowman-600,157,黄风寨_12,蛮族弓手,600,4,0x3;604x1,铜钱x39;兽骨x1,铜钱x4;兽骨x1,铜钱=4/4;兽骨=1/4,instance2.staging/20260612_211850_206_conn_0002/server-to-client-0001.bin#16880;instance2.staging/20260613_165248_812_conn_0002/server-to-client-0001.bin#114232;20260605_230911_564_session_21960/20260605_230922_544_conn_0002/server-to-client-0001.bin#16689;20260612_211741_424_session_38832/20260612_211756_199_conn_0002/server-to-client-0001.bin#30910,instance2.staging/20260612_211850_206_conn_0002/server-to-client-0001.bin;instance2.staging/20260613_165248_812_conn_0002/server-to-client-0001.bin;20260605_230911_564_session_21960/20260605_230922_544_conn_0002/server-to-client-0001.bin;20260612_211741_424_session_38832/20260612_211756_199_conn_0002/server-to-client-0001.bin,candidate
157-barbarianfighter-630,157,黄风寨_12,蛮族战士,630,4,0x2;620x1;656x1,铜钱x35;毛皮x4;兽骨x3;头骨x2;红方巾x2,铜钱x4;毛皮x4;兽骨x2;头骨x2;红方巾x2,铜钱=4/4;毛皮=4/4;兽骨=2/4;头骨=2/4;红方巾=2/4,instance2.staging/20260612_211850_206_conn_0002/server-to-client-0001.bin#16742;instance2.staging/20260613_165248_812_conn_0002/server-to-client-0001.bin#114348;20260605_230911_564_session_21960/20260605_230922_544_conn_0002/server-to-client-0001.bin#16852;20260612_211741_424_session_38832/20260612_211756_199_conn_0002/server-to-client-0001.bin#30760,instance2.staging/20260612_211850_206_conn_0002/server-to-client-0001.bin;instance2.staging/20260613_165248_812_conn_0002/server-to-client-0001.bin;20260605_230911_564_session_21960/20260605_230922_544_conn_0002/server-to-client-0001.bin;20260612_211741_424_session_38832/20260612_211756_199_conn_0002/server-to-client-0001.bin,candidate
157-incantationshaman-550,157,黄风寨_12,咒巫师,550,4,0x3;604x1,毛皮x5;兽骨x6;头骨x6,毛皮x4;兽骨x4;头骨x4,毛皮=4/4;兽骨=4/4;头骨=4/4,instance2.staging/20260612_211850_206_conn_0002/server-to-client-0001.bin#16949;instance2.staging/20260613_165248_812_conn_0002/server-to-client-0001.bin#114438;20260605_230911_564_session_21960/20260605_230922_544_conn_0002/server-to-client-0001.bin#17011;20260612_211741_424_session_38832/20260612_211756_199_conn_0002/server-to-client-0001.bin#30977,instance2.staging/20260612_211850_206_conn_0002/server-to-client-0001.bin;instance2.staging/20260613_165248_812_conn_0002/server-to-client-0001.bin;20260605_230911_564_session_21960/20260605_230922_544_conn_0002/server-to-client-0001.bin;20260612_211741_424_session_38832/20260612_211756_199_conn_0002/server-to-client-0001.bin,candidate
158-blackshadow-2300,158,狮虎窟_1,黑影,2300,8,0x7;458x1,兽牙x6;兽骨x6;肉x2;L小喇叭x2;兽血x6,兽牙x6;兽骨x6;肉x2;L小喇叭x2;兽血x6,兽牙=6/8;兽骨=6/8;肉=2/8;L小喇叭=2/8;兽血=6/8,instance2.staging/20260616_215819_960_conn_0002/server-to-client-0001.bin#8392;instance2.staging/20260623_220652_796_conn_0003/server-to-client-0001.bin#3234|3370|3479;20260616_215712_071_session_41212/20260616_215718_725_conn_0002/server-to-client-0001.bin#3220;20260623_220255_773_session_30460/20260623_220301_631_conn_0002/server-to-client-0001.bin#2536|2688|2804,instance2.staging/20260616_215819_960_conn_0002/server-to-client-0001.bin;instance2.staging/20260623_220652_796_conn_0003/server-to-client-0001.bin;20260616_215712_071_session_41212/20260616_215718_725_conn_0002/server-to-client-0001.bin;20260623_220255_773_session_30460/20260623_220301_631_conn_0002/server-to-client-0001.bin,candidate
159-blackshadow-2300,159,狮虎窟_2,黑影,2300,8,0x6;458x2,兽血x6;兽牙x6;兽骨x6,兽血x6;兽牙x6;兽骨x6,兽血=6/8;兽牙=6/8;兽骨=6/8,instance2.staging/20260616_215819_960_conn_0002/server-to-client-0001.bin#9045|9105;instance2.staging/20260623_220652_796_conn_0003/server-to-client-0001.bin#4003|4061;20260616_215712_071_session_41212/20260616_215718_725_conn_0002/server-to-client-0001.bin#3885|3939;20260623_220255_773_session_30460/20260623_220301_631_conn_0002/server-to-client-0001.bin#3298|3353,instance2.staging/20260616_215819_960_conn_0002/server-to-client-0001.bin;instance2.staging/20260623_220652_796_conn_0003/server-to-client-0001.bin;20260616_215712_071_session_41212/20260616_215718_725_conn_0002/server-to-client-0001.bin;20260623_220255_773_session_30460/20260623_220301_631_conn_0002/server-to-client-0001.bin,candidate
159-powertiger-3000,159,狮虎窟_2,蛮虎怪,3000,8,0x6;458x2,兽骨x6;兽牙x4;兽血x4;毛皮x2,兽骨x6;兽牙x4;兽血x4;毛皮x2,兽骨=6/8;兽牙=4/8;兽血=4/8;毛皮=2/8,instance2.staging/20260616_215819_960_conn_0002/server-to-client-0001.bin#8730|8915;instance2.staging/20260623_220652_796_conn_0003/server-to-client-0001.bin#3711|3860;20260616_215712_071_session_41212/20260616_215718_725_conn_0002/server-to-client-0001.bin#3586|3763;20260623_220255_773_session_30460/20260623_220301_631_conn_0002/server-to-client-0001.bin#3020|3167,instance2.staging/20260616_215819_960_conn_0002/server-to-client-0001.bin;instance2.staging/20260623_220652_796_conn_0003/server-to-client-0001.bin;20260616_215712_071_session_41212/20260616_215718_725_conn_0002/server-to-client-0001.bin;20260623_220255_773_session_30460/20260623_220301_631_conn_0002/server-to-client-0001.bin,candidate
160-powertiger-3000,160,狮虎窟_3,蛮虎怪,3000,8,0x6;458x2,兽牙x4;毛皮x4;兽骨x4,兽牙x4;毛皮x4;兽骨x4,兽牙=4/8;毛皮=4/8;兽骨=4/8,instance2.staging/20260616_215819_960_conn_0002/server-to-client-0001.bin#9463|10155;instance2.staging/20260623_220652_796_conn_0003/server-to-client-0001.bin#4302|4919;20260616_215712_071_session_41212/20260616_215718_725_conn_0002/server-to-client-0001.bin#4281|4939;20260623_220255_773_session_30460/20260623_220301_631_conn_0002/server-to-client-0001.bin#3593|4164,instance2.staging/20260616_215819_960_conn_0002/server-to-client-0001.bin;instance2.staging/20260623_220652_796_conn_0003/server-to-client-0001.bin;20260616_215712_071_session_41212/20260616_215718_725_conn_0002/server-to-client-0001.bin;20260623_220255_773_session_30460/20260623_220301_631_conn_0002/server-to-client-0001.bin,candidate
160-whorllion-2600,160,狮虎窟_3,盘狮怪,2600,4,0x3;458x1,兽血x4;肉x4;兽骨x2,兽血x4;肉x4;兽骨x2,兽血=4/4;肉=4/4;兽骨=2/4,instance2.staging/20260616_215819_960_conn_0002/server-to-client-0001.bin#9339;instance2.staging/20260623_220652_796_conn_0003/server-to-client-0001.bin#4230;20260616_215712_071_session_41212/20260616_215718_725_conn_0002/server-to-client-0001.bin#4152;20260623_220255_773_session_30460/20260623_220301_631_conn_0002/server-to-client-0001.bin#3520,instance2.staging/20260616_215819_960_conn_0002/server-to-client-0001.bin;instance2.staging/20260623_220652_796_conn_0003/server-to-client-0001.bin;20260616_215712_071_session_41212/20260616_215718_725_conn_0002/server-to-client-0001.bin;20260623_220255_773_session_30460/20260623_220301_631_conn_0002/server-to-client-0001.bin,candidate
161-powertiger-3000,161,狮虎窟_4,蛮虎怪,3000,8,0x6;972x2,兽骨x8;兽血x6;毛皮x4;兽牙x8;铜戒指x2;L小喇叭x2,兽骨x6;兽血x6;毛皮x4;兽牙x6;铜戒指x2;L小喇叭x2,兽骨=6/8;兽血=6/8;毛皮=4/8;兽牙=6/8;铜戒指=2/8;L小喇叭=2/8,instance2.staging/20260616_215819_960_conn_0002/server-to-client-0001.bin#9670|9850;instance2.staging/20260623_220652_796_conn_0003/server-to-client-0001.bin#4552|4711;20260616_215712_071_session_41212/20260616_215718_725_conn_0002/server-to-client-0001.bin#4479|4638;20260623_220255_773_session_30460/20260623_220301_631_conn_0002/server-to-client-0001.bin#3820|3973,instance2.staging/20260616_215819_960_conn_0002/server-to-client-0001.bin;instance2.staging/20260623_220652_796_conn_0003/server-to-client-0001.bin;20260616_215712_071_session_41212/20260616_215718_725_conn_0002/server-to-client-0001.bin;20260623_220255_773_session_30460/20260623_220301_631_conn_0002/server-to-client-0001.bin,candidate
161-powertiger-3500,161,狮虎窟_4,蛮虎队长,3500,4,0x2;504x1;542x1,毛皮x2;兽骨x2,毛皮x2;兽骨x2,毛皮=2/4;兽骨=2/4,instance2.staging/20260616_215819_960_conn_0002/server-to-client-0001.bin#10028;instance2.staging/20260623_220652_796_conn_0003/server-to-client-0001.bin#4787;20260616_215712_071_session_41212/20260616_215718_725_conn_0002/server-to-client-0001.bin#4817;20260623_220255_773_session_30460/20260623_220301_631_conn_0002/server-to-client-0001.bin#4054,instance2.staging/20260616_215819_960_conn_0002/server-to-client-0001.bin;instance2.staging/20260623_220652_796_conn_0003/server-to-client-0001.bin;20260616_215712_071_session_41212/20260616_215718_725_conn_0002/server-to-client-0001.bin;20260623_220255_773_session_30460/20260623_220301_631_conn_0002/server-to-client-0001.bin,candidate
162-blackshadow-2300,162,狮虎窟_5,黑影,2300,16,0x12;458x4,肉x8;兽牙x14;兽血x8;兽骨x6;L小喇叭x2,肉x8;兽牙x14;兽血x8;兽骨x6;L小喇叭x2,肉=8/16;兽牙=14/16;兽血=8/16;兽骨=6/16;L小喇叭=2/16,instance2.staging/20260616_215819_960_conn_0002/server-to-client-0001.bin#12501|12654|12742|12852;instance2.staging/20260623_220652_796_conn_0003/server-to-client-0001.bin#6989|7101|7210|7276;20260616_215712_071_session_41212/20260616_215718_725_conn_0002/server-to-client-0001.bin#7430|7572|7653|7768;20260623_220255_773_session_30460/20260623_220301_631_conn_0002/server-to-client-0001.bin#6230|6339|6467|6536,instance2.staging/20260616_215819_960_conn_0002/server-to-client-0001.bin;instance2.staging/20260623_220652_796_conn_0003/server-to-client-0001.bin;20260616_215712_071_session_41212/20260616_215718_725_conn_0002/server-to-client-0001.bin;20260623_220255_773_session_30460/20260623_220301_631_conn_0002/server-to-client-0001.bin,candidate
163-whorllion-2800,163,狮虎窟_6,盘狮怪,2800,6,0x5;972x1,兽骨x6;兽血x2;肉x6;毛皮x4,兽骨x4;兽血x2;肉x4;毛皮x4,兽骨=4/6;兽血=2/6;肉=4/6;毛皮=4/6,instance2.staging/20260616_215819_960_conn_0002/server-to-client-0001.bin#12335;instance2.staging/20260623_220652_796_conn_0003/server-to-client-0001.bin#6612|6783;20260616_215712_071_session_41212/20260616_215718_725_conn_0002/server-to-client-0001.bin#7259;20260623_220255_773_session_30460/20260623_220301_631_conn_0002/server-to-client-0001.bin#5867|6039,instance2.staging/20260616_215819_960_conn_0002/server-to-client-0001.bin;instance2.staging/20260623_220652_796_conn_0003/server-to-client-0001.bin;20260616_215712_071_session_41212/20260616_215718_725_conn_0002/server-to-client-0001.bin;20260623_220255_773_session_30460/20260623_220301_631_conn_0002/server-to-client-0001.bin,candidate
163-whorllion-3300,163,狮虎窟_6,盘狮队长,3300,4,0x3;486x1,毛皮x4;兽骨x2;肉x2,毛皮x4;兽骨x2;肉x2,毛皮=4/4;兽骨=2/4;肉=2/4,instance2.staging/20260616_215819_960_conn_0002/server-to-client-0001.bin#12032;instance2.staging/20260623_220652_796_conn_0003/server-to-client-0001.bin#6467;20260616_215712_071_session_41212/20260616_215718_725_conn_0002/server-to-client-0001.bin#6963;20260623_220255_773_session_30460/20260623_220301_631_conn_0002/server-to-client-0001.bin#5727,instance2.staging/20260616_215819_960_conn_0002/server-to-client-0001.bin;instance2.staging/20260623_220652_796_conn_0003/server-to-client-0001.bin;20260616_215712_071_session_41212/20260616_215718_725_conn_0002/server-to-client-0001.bin;20260623_220255_773_session_30460/20260623_220301_631_conn_0002/server-to-client-0001.bin,candidate
164-blackshadow-2750,164,狮虎窟_7,黑影,2750,8,0x6;514x1;1028x1,肉x6;兽血x8;兽牙x2;兽骨x2,肉x6;兽血x8;兽牙x2;兽骨x2,肉=6/8;兽血=8/8;兽牙=2/8;兽骨=2/8,instance2.staging/20260616_215819_960_conn_0002/server-to-client-0001.bin#10469|10596;instance2.staging/20260623_220652_796_conn_0003/server-to-client-0001.bin#5278|5399;20260616_215712_071_session_41212/20260616_215718_725_conn_0002/server-to-client-0001.bin#5255|5374;20260623_220255_773_session_30460/20260623_220301_631_conn_0002/server-to-client-0001.bin#4537|4684,instance2.staging/20260616_215819_960_conn_0002/server-to-client-0001.bin;instance2.staging/20260623_220652_796_conn_0003/server-to-client-0001.bin;20260616_215712_071_session_41212/20260616_215718_725_conn_0002/server-to-client-0001.bin;20260623_220255_773_session_30460/20260623_220301_631_conn_0002/server-to-client-0001.bin,candidate
165-blackshadow-2500,165,狮虎窟_8,黑影,2500,12,0x9;486x3,兽骨x8;肉x4;兽血x4;兽牙x4,兽骨x8;肉x4;兽血x4;兽牙x4,兽骨=8/12;肉=4/12;兽血=4/12;兽牙=4/12,instance2.staging/20260616_215819_960_conn_0002/server-to-client-0001.bin#13028|13084|13168;instance2.staging/20260623_220652_796_conn_0003/server-to-client-0001.bin#7419|7469|7524;20260616_215712_071_session_41212/20260616_215718_725_conn_0002/server-to-client-0001.bin#7931|7984|8063;20260623_220255_773_session_30460/20260623_220301_631_conn_0002/server-to-client-0001.bin#6729|6778|6833,instance2.staging/20260616_215819_960_conn_0002/server-to-client-0001.bin;instance2.staging/20260623_220652_796_conn_0003/server-to-client-0001.bin;20260616_215712_071_session_41212/20260616_215718_725_conn_0002/server-to-client-0001.bin;20260623_220255_773_session_30460/20260623_220301_631_conn_0002/server-to-client-0001.bin,candidate
165-blackshadow-3000,165,狮虎窟_8,黑影队长,3000,4,0x3;486x1,兽骨x4;兽血x2,兽骨x4;兽血x2,兽骨=4/4;兽血=2/4,instance2.staging/20260616_215819_960_conn_0002/server-to-client-0001.bin#13290;instance2.staging/20260623_220652_796_conn_0003/server-to-client-0001.bin#7607;20260616_215712_071_session_41212/20260616_215718_725_conn_0002/server-to-client-0001.bin#8201;20260623_220255_773_session_30460/20260623_220301_631_conn_0002/server-to-client-0001.bin#6922,instance2.staging/20260616_215819_960_conn_0002/server-to-client-0001.bin;instance2.staging/20260623_220652_796_conn_0003/server-to-client-0001.bin;20260616_215712_071_session_41212/20260616_215718_725_conn_0002/server-to-client-0001.bin;20260623_220255_773_session_30460/20260623_220301_631_conn_0002/server-to-client-0001.bin,candidate
166-powertiger-3200,166,狮虎窟_9,蛮虎怪,3200,4,0x3;514x1,毛皮x2;兽牙x2;兽骨x4;兽血x2,毛皮x2;兽牙x2;兽骨x4;兽血x2,毛皮=2/4;兽牙=2/4;兽骨=4/4;兽血=2/4,instance2.staging/20260616_215819_960_conn_0002/server-to-client-0001.bin#11780;instance2.staging/20260623_220652_796_conn_0003/server-to-client-0001.bin#6218;20260616_215712_071_session_41212/20260616_215718_725_conn_0002/server-to-client-0001.bin#6710;20260623_220255_773_session_30460/20260623_220301_631_conn_0002/server-to-client-0001.bin#5466,instance2.staging/20260616_215819_960_conn_0002/server-to-client-0001.bin;instance2.staging/20260623_220652_796_conn_0003/server-to-client-0001.bin;20260616_215712_071_session_41212/20260616_215718_725_conn_0002/server-to-client-0001.bin;20260623_220255_773_session_30460/20260623_220301_631_conn_0002/server-to-client-0001.bin,candidate
166-whorllion-3000,166,狮虎窟_9,盘狮怪,3000,4,0x3;1028x1,毛皮x6;兽牙x6;兽骨x6;肉x6;兽血x2,毛皮x4;兽牙x4;兽骨x4;肉x4;兽血x2,毛皮=4/4;兽牙=4/4;兽骨=4/4;肉=4/4;兽血=2/4,instance2.staging/20260616_215819_960_conn_0002/server-to-client-0001.bin#11681;instance2.staging/20260623_220652_796_conn_0003/server-to-client-0001.bin#6155;20260616_215712_071_session_41212/20260616_215718_725_conn_0002/server-to-client-0001.bin#6611;20260623_220255_773_session_30460/20260623_220301_631_conn_0002/server-to-client-0001.bin#5406,instance2.staging/20260616_215819_960_conn_0002/server-to-client-0001.bin;instance2.staging/20260623_220652_796_conn_0003/server-to-client-0001.bin;20260616_215712_071_session_41212/20260616_215718_725_conn_0002/server-to-client-0001.bin;20260623_220255_773_session_30460/20260623_220301_631_conn_0002/server-to-client-0001.bin,candidate
167-chiluking-6000,167,狮虎窟_10,蚩颅王,6000,4,0x2;558x1,兽血x2;L小喇叭x2;兽骨x6;石块x4;碎金片x4;铁块x4;蚩颅王的角x2;蚩颅王的头x2;蚩颅王护肩x2;兽牙x2;宝匣x2,兽血x2;L小喇叭x2;兽骨x4;石块x4;碎金片x4;铁块x4;蚩颅王的角x2;蚩颅王的头x2;蚩颅王护肩x2;兽牙x2;宝匣x2,兽血=2/4;L小喇叭=2/4;兽骨=4/4;石块=4/4;碎金片=4/4;铁块=4/4;蚩颅王的角=2/4;蚩颅王的头=2/4;蚩颅王护肩=2/4;兽牙=2/4;宝匣=2/4,instance2.staging/20260616_215819_960_conn_0002/server-to-client-0001.bin#11333;instance2.staging/20260623_220652_796_conn_0003/server-to-client-0001.bin#5935;20260616_215712_071_session_41212/20260616_215718_725_conn_0002/server-to-client-0001.bin#6261;20260623_220255_773_session_30460/20260623_220301_631_conn_0002/server-to-client-0001.bin#5172,instance2.staging/20260616_215819_960_conn_0002/server-to-client-0001.bin;instance2.staging/20260623_220652_796_conn_0003/server-to-client-0001.bin;20260616_215712_071_session_41212/20260616_215718_725_conn_0002/server-to-client-0001.bin;20260623_220255_773_session_30460/20260623_220301_631_conn_0002/server-to-client-0001.bin,candidate
167-whorllion-3000,167,狮虎窟_10,盘狮怪,3000,4,0x3;1028x1,兽牙x4;兽骨x6;肉x2,兽牙x4;兽骨x4;肉x2,兽牙=4/4;兽骨=4/4;肉=2/4,instance2.staging/20260616_215819_960_conn_0002/server-to-client-0001.bin#10756;instance2.staging/20260623_220652_796_conn_0003/server-to-client-0001.bin#5589;20260616_215712_071_session_41212/20260616_215718_725_conn_0002/server-to-client-0001.bin#5535;20260623_220255_773_session_30460/20260623_220301_631_conn_0002/server-to-client-0001.bin#4845,instance2.staging/20260616_215819_960_conn_0002/server-to-client-0001.bin;instance2.staging/20260623_220652_796_conn_0003/server-to-client-0001.bin;20260616_215712_071_session_41212/20260616_215718_725_conn_0002/server-to-client-0001.bin;20260623_220255_773_session_30460/20260623_220301_631_conn_0002/server-to-client-0001.bin,candidate
172-occulttortoise-1221,172,沼泽_10,玄龟兽,1221,1,1650x1,肉x2,肉x1,肉=1/1,20260606_200103_131_session_00324/20260606_200109_321_conn_0002/server-to-client-0001.bin#20382,20260606_200103_131_session_00324/20260606_200109_321_conn_0002/server-to-client-0001.bin,candidate
172-occulttortoise-1260,172,沼泽_10,玄龟兽,1260,1,1680x1,肉x1;兽血x1;皮革x1,肉x1;兽血x1;皮革x1,肉=1/1;兽血=1/1;皮革=1/1,20260606_200103_131_session_00324/20260606_200109_321_conn_0002/server-to-client-0001.bin#20146,20260606_200103_131_session_00324/20260606_200109_321_conn_0002/server-to-client-0001.bin,candidate
173-occulttortoise-1221,173,沼泽_11,玄龟兽,1221,457,1008x94;1024x36;1084x3;1512x118;1536x42;1626x6;2048x32;2072x35;2128x1;2168x5;2240x2;3072x33;3108x40;3192x1;3252x5;3360x2,兽血x266;肉x414;硬龟甲x67;皮革x66;L小喇叭x56;魂之石x11;葬龙潭通行证x4;精炼宝石x1,兽血x232;肉x331;硬龟甲x63;皮革x62;L小喇叭x52;魂之石x11;葬龙潭通行证x4;精炼宝石x1,兽血=232/457;肉=331/457;硬龟甲=63/457;皮革=62/457;L小喇叭=52/457;魂之石=11/457;葬龙潭通行证=4/457;精炼宝石=1/457,instance2.staging/20260611_222156_557_conn_0002/server-to-client-0001.bin#7116|7424;instance2.staging/20260613_165248_812_conn_0002/server-to-client-0001.bin#122887|123033|123170|123262;instance2.staging/20260616_215819_960_conn_0002/server-to-client-0001.bin#6680|6777|7322|7482|7568|7724|7890|8016;instance2.staging/20260619_152158_516_conn_0002/server-to-client-0001.bin#29187|29329|29449|29750|29907|30056|30148|30247|30357|30505|30610|30766|31035|31268|31405|31522|31644|31726|31811|31893|32010|32121|32299|32433|32569|32708|32805|32920|33014;instance2.staging/20260619_190236_818_conn_0002/server-to-client-0001.bin#309|446|694|827|938|1109|1368|1603|1772|1951|2082|2237|2360|2484|2621|2882|3014|3139|3279|3381|3490|3635|3741|3998|4206|4325|4467|4739|4853|5000|5079|5170|5533|5654|5800|6051|6172|6323|6470|6581|6687|6836|6953|7091|7422|7527|7683|7829|7969|8094|8201|8322|8438|8596|8847|8945|9063|9200|9300|9457|9566|9954|10037|10316|10433|10642|10907|11023|11229|11319|11571|11728|11887|12008|12155|12395|12499|12605|12751|13055|13180|13313|13432|13572|13700|13854|13962|14111|14208|14599|14707|15012|15144|15245|15362|15593|15704|15848|15968|16426|16562|16699|16803|16945|17058|17423|17524|17653|17799|17895|18154|18272|18416|18494|18783|18877|18986;20260606_200103_131_session_00324/20260606_200109_321_conn_0002/server-to-client-0001.bin#26018|26328|26474|26723|26821|26949|27196|27387|27579|27811|28093;20260612_211741_424_session_38832/20260612_211756_199_conn_0002/server-to-client-0001.bin#10568|10895|11033|11155|11258|11368|11445|11970|12171|12277|12417|12552|12679|12780|12939|13133|13250|13549|13689|13974|14161|14563|14815|14930|15147|15466|15759|16012|16079|16241|16512|16611|16740|16831|17047|17232|17448|17714|17905|18131|18286|18473|18590|18783|18898|19160|19290|19458|19770|19936|20184|20375|20527|20735|20886|21010|21197|21469|21651|21917|22123|22231|22499|22725|22939|23172|23377|23575|23732|23901|24196|24358|24500|24621|24880|25068|25309|25504|25712|25811|26008|26152|26390|26738|26817|27026|27201|27405|27532|27683;20260613_111650_689_session_17088/20260613_111711_184_conn_0002/server-to-client-0001.bin#361|521|675|786|859|1056|1258|3026|3151|3280|3466|3623|3730|3905|4022|4173|4376|4689|4849|5056|5229|5358|5545|5652|5836|5972|6210|6374|6780|6905|6976|7157|7613|7786|7896|8013|8319|8463;20260613_160656_039_session_27124/20260614_022551_559_conn_0004/server-to-client-0001.bin#4041|4188|4356|4454;20260616_215712_071_session_41212/20260616_215718_725_conn_0002/server-to-client-0001.bin#1963|2043|2301|2410|2481|2597|2722|2829;20260619_152110_886_session_33084/20260619_152118_193_conn_0002/server-to-client-0001.bin#27629|27731|27816|28086|28256|28379|28475|28581|28669|28802|28942|29053|29266|29486|29571|29673|29786|29890|29985|30093|30219|30311|30796|30925|31047|31160|31252|31367|31467;20260619_190155_492_session_02408/20260619_190201_802_conn_0002/server-to-client-0001.bin#312|441|624|717|803|951|1211|1401|1545|1649|1721|1855|1953|2045|2187|2411|2503|2597|2713|2806|2894|3007|3114|3367|3526|3641|3741|4001|4099|4229|4339|4419|4666|4757|4870|5092|5195|5331|5450|5531|5646|5745|5805|5940|6242|6332|6445|6554|6653|6742|6833|6931|7019|7161|7423|7571|7714|7811|7917|8038|8132|8446|8532|8804|8904|9091|9318|9446|9655|9735|9921|10080|10238|10362|10444|10614|10706|10799|10905|11166|11291|11412|11532|11650|11762|11903|12021|12136|12247|12570|12685|12920|13041|13111|13203|13442|13532|13662|13755|14171|14304|14414|14517|14658|14741|15078|15187|15275|15433|15522|15780|15882|16050|16149|16410|16530|16644,instance2.staging/20260611_222156_557_conn_0002/server-to-client-0001.bin;instance2.staging/20260613_165248_812_conn_0002/server-to-client-0001.bin;instance2.staging/20260616_215819_960_conn_0002/server-to-client-0001.bin;instance2.staging/20260619_152158_516_conn_0002/server-to-client-0001.bin;instance2.staging/20260619_190236_818_conn_0002/server-to-client-0001.bin;20260606_200103_131_session_00324/20260606_200109_321_conn_0002/server-to-client-0001.bin;20260612_211741_424_session_38832/20260612_211756_199_conn_0002/server-to-client-0001.bin;20260613_111650_689_session_17088/20260613_111711_184_conn_0002/server-to-client-0001.bin;20260613_160656_039_session_27124/20260614_022551_559_conn_0004/server-to-client-0001.bin;20260616_215712_071_session_41212/20260616_215718_725_conn_0002/server-to-client-0001.bin;20260619_152110_886_session_33084/20260619_152118_193_conn_0002/server-to-client-0001.bin;20260619_190155_492_session_02408/20260619_190201_802_conn_0002/server-to-client-0001.bin,candidate
174-occulttortoise-1260,174,沼泽_12,玄龟兽,1260,2,2260x1;3420x1,肉x1;毒囊x1,肉x1;毒囊x1,肉=1/2;毒囊=1/2,20260606_200103_131_session_00324/20260606_200109_321_conn_0002/server-to-client-0001.bin#19595|19776,20260606_200103_131_session_00324/20260606_200109_321_conn_0002/server-to-client-0001.bin,candidate
175-beequeen-3100,175,沼泽_13,赤蛰子,3100,8,604x7;2124x1,毒囊x22;刺x18;虫壳x4;蜜x2;赤红之刺x4,毒囊x8;刺x8;虫壳x4;蜜x2;赤红之刺x4,毒囊=8/8;刺=8/8;虫壳=4/8;蜜=2/8;赤红之刺=4/8,instance2.staging/20260619_190236_818_conn_0002/server-to-client-0001.bin#22195|23111|27274;instance2.staging/20260620_104553_547_conn_0004/server-to-client-0001.bin#1141;20260619_190155_492_session_02408/20260619_190201_802_conn_0002/server-to-client-0001.bin#19705|21198;20260619_190155_492_session_02408/20260619_221943_380_conn_0005/server-to-client-0001.bin#2177;20260620_104414_984_session_31244/20260620_104512_148_conn_0003/server-to-client-0001.bin#1058,instance2.staging/20260619_190236_818_conn_0002/server-to-client-0001.bin;instance2.staging/20260620_104553_547_conn_0004/server-to-client-0001.bin;20260619_190155_492_session_02408/20260619_190201_802_conn_0002/server-to-client-0001.bin;20260619_190155_492_session_02408/20260619_221943_380_conn_0005/server-to-client-0001.bin;20260620_104414_984_session_31244/20260620_104512_148_conn_0003/server-to-client-0001.bin,candidate
175-drughornets-850,175,沼泽_13,毒蜂,850,38,0x22;524x14;1008x1;1512x1,毒囊x26;蜜x22;刺x44;虫壳x12;肉x6;L小喇叭x6,毒囊x20;蜜x18;刺x30;虫壳x12;肉x6;L小喇叭x6,毒囊=20/38;蜜=18/38;刺=30/38;虫壳=12/38;肉=6/38;L小喇叭=6/38,instance2.staging/20260619_190236_818_conn_0002/server-to-client-0001.bin#21644|21844|22971|23585|23771|24052|24137|24225|24340|24591|24775|25054|25862|26815|27006;instance2.staging/20260620_104553_547_conn_0004/server-to-client-0001.bin#308|759|950|1225;20260619_190155_492_session_02408/20260619_190201_802_conn_0002/server-to-client-0001.bin#19212|19407|21068|21599|21773|22018|22078|22189|22280|22512|22686|22986;20260619_190155_492_session_02408/20260619_221943_380_conn_0005/server-to-client-0001.bin#737|1752|1919;20260620_104414_984_session_31244/20260620_104512_148_conn_0003/server-to-client-0001.bin#296|733|902|1118,instance2.staging/20260619_190236_818_conn_0002/server-to-client-0001.bin;instance2.staging/20260620_104553_547_conn_0004/server-to-client-0001.bin;20260619_190155_492_session_02408/20260619_190201_802_conn_0002/server-to-client-0001.bin;20260619_190155_492_session_02408/20260619_221943_380_conn_0005/server-to-client-0001.bin;20260620_104414_984_session_31244/20260620_104512_148_conn_0003/server-to-client-0001.bin,candidate
175-occulttortoise-1260,175,沼泽_13,玄龟兽,1260,54,524x25;1034x1;1048x22;1572x4;1590x2,刺x20;肉x38;硬龟甲x6;L小喇叭x4;兽血x14;蜜x14;毒囊x20;皮革x4;虫壳x14,刺x18;肉x36;硬龟甲x6;L小喇叭x4;兽血x12;蜜x12;毒囊x20;皮革x4;虫壳x12,刺=18/54;肉=36/54;硬龟甲=6/54;L小喇叭=4/54;兽血=12/54;蜜=12/54;毒囊=20/54;皮革=4/54;虫壳=12/54,instance2.staging/20260619_190236_818_conn_0002/server-to-client-0001.bin#21526|21767|21994|23222|23341|23420|23676|24446|24698|24899|24973|25310|25407|25530|25630|25743|26008|26094|26198|26388|26480|26594|26666|26765|26904;instance2.staging/20260620_104553_547_conn_0004/server-to-client-0001.bin#518|695;20260619_190155_492_session_02408/20260619_190201_802_conn_0002/server-to-client-0001.bin#19105|19319|19514|21311|21397|21478|21687|22370|22617|22776|22861;20260619_190155_492_session_02408/20260619_221943_380_conn_0005/server-to-client-0001.bin#299|397|507|578|644|865|935|1038|1250|1354|1483|1575|1688|1830;20260620_104414_984_session_31244/20260620_104512_148_conn_0003/server-to-client-0001.bin#493|638,instance2.staging/20260619_190236_818_conn_0002/server-to-client-0001.bin;instance2.staging/20260620_104553_547_conn_0004/server-to-client-0001.bin;20260619_190155_492_session_02408/20260619_190201_802_conn_0002/server-to-client-0001.bin;20260619_190155_492_session_02408/20260619_221943_380_conn_0005/server-to-client-0001.bin;20260620_104414_984_session_31244/20260620_104512_148_conn_0003/server-to-client-0001.bin,candidate
177-beequeen-3100,177,沼泽_15,赤蛰子,3100,2,,刺x6;赤红之刺x2;虫壳x2;毒囊x2,刺x2;赤红之刺x2;虫壳x2;毒囊x2,刺=2/2;赤红之刺=2/2;虫壳=2/2;毒囊=2/2,instance2.staging/20260620_104553_547_conn_0004/server-to-client-0001.bin#2389;20260620_104414_984_session_31244/20260620_104512_148_conn_0003/server-to-client-0001.bin#2363,instance2.staging/20260620_104553_547_conn_0004/server-to-client-0001.bin;20260620_104414_984_session_31244/20260620_104512_148_conn_0003/server-to-client-0001.bin,candidate
177-drughornets-850,177,沼泽_15,毒蜂,850,2,0x2,刺x2;毒囊x4;蜜x2,刺x2;毒囊x2;蜜x2,刺=2/2;毒囊=2/2;蜜=2/2,instance2.staging/20260620_104553_547_conn_0004/server-to-client-0001.bin#1748;20260620_104414_984_session_31244/20260620_104512_148_conn_0003/server-to-client-0001.bin#1670,instance2.staging/20260620_104553_547_conn_0004/server-to-client-0001.bin;20260620_104414_984_session_31244/20260620_104512_148_conn_0003/server-to-client-0001.bin,candidate
178-drughornets-850,178,沼泽_16,毒蜂,850,6,0x6,刺x6;毒囊x14;虫壳x6;L小喇叭x2,刺x4;毒囊x6;虫壳x4;L小喇叭x2,刺=4/6;毒囊=6/6;虫壳=4/6;L小喇叭=2/6,instance2.staging/20260620_104553_547_conn_0004/server-to-client-0001.bin#1824|1887|2030;20260620_104414_984_session_31244/20260620_104512_148_conn_0003/server-to-client-0001.bin#1759|1840|1955,instance2.staging/20260620_104553_547_conn_0004/server-to-client-0001.bin;20260620_104414_984_session_31244/20260620_104512_148_conn_0003/server-to-client-0001.bin,candidate
192-robotax-1569,192,妖之森_1,机木斧兵,1569,60,544x25;550x34,暗力之源x22;木材x30;神奇朽木x4;玄机件x14;力之玄文x10;L小喇叭x2,暗力之源x22;木材x30;神奇朽木x4;玄机件x14;力之玄文x10;L小喇叭x2,暗力之源=22/60;木材=30/60;神奇朽木=4/60;玄机件=14/60;力之玄文=10/60;L小喇叭=2/60,instance2.staging/20260620_104553_547_conn_0004/server-to-client-0001.bin#7869|8921|9023|9389|9484|10894|10959|11331|11627|11847|11924|12011|12073|12290|12454|13180|13271|20040|20461|20665|21102|21399|21574|21663|21744|22192|22299|26043|26740|30660;20260620_104414_984_session_31244/20260620_104512_148_conn_0003/server-to-client-0001.bin#7424|8201|8258|8475|8532|9608|9695|9940|10241|10373|10436|10486|10568|10706|10815|11268|11335|17210|17480|17607|17946|18137|18240|18327|18376|18635|18691|22339|22892|26221,instance2.staging/20260620_104553_547_conn_0004/server-to-client-0001.bin;20260620_104414_984_session_31244/20260620_104512_148_conn_0003/server-to-client-0001.bin,candidate
192-robotax-1755,192,妖之森_1,机木斧兵,1755,54,564x1;570x20;578x33,木材x34;暗力之源x22;玄机件x16;L小喇叭x2;神奇朽木x2;力之玄文x2,木材x34;暗力之源x22;玄机件x16;L小喇叭x2;神奇朽木x2;力之玄文x2,木材=34/54;暗力之源=22/54;玄机件=16/54;L小喇叭=2/54;神奇朽木=2/54;力之玄文=2/54,instance2.staging/20260620_104553_547_conn_0004/server-to-client-0001.bin#7941|8148|8221|8298|8758|8838|9109|11154|11453|11548|11736|12346|12628|12815|12997|13099|13503|19896|20247|20566|21189|21274|21496|22015|22366|26690|31259;20260620_104414_984_session_31244/20260620_104512_148_conn_0003/server-to-client-0001.bin#7481|7566|7629|7700|8072|8130|8328|9831|10059|10184|10296|10755|10926|11039|11156|11215|11508|17106|17376|17534|17990|18083|18199|18547|18743|22855|26891,instance2.staging/20260620_104553_547_conn_0004/server-to-client-0001.bin;20260620_104414_984_session_31244/20260620_104512_148_conn_0003/server-to-client-0001.bin,candidate
193-robotax-1797,193,妖之森_2,机木斧兵,1797,130,0x17;590x1;598x24;604x17;1168x7;1180x2;1196x38;1208x14;2336x10,玄机件x48;神奇朽木x4;L小喇叭x18;暗力之源x56;木材x96;力之玄文x18,玄机件x44;神奇朽木x4;L小喇叭x18;暗力之源x54;木材x84;力之玄文x18,玄机件=44/130;神奇朽木=4/130;L小喇叭=18/130;暗力之源=54/130;木材=84/130;力之玄文=18/130,instance2.staging/20260620_104553_547_conn_0004/server-to-client-0001.bin#8556|8677|13710|14064|14200|14266|14471|14646|14785|14904|15033|15180|15365|15859|16047|16652|16943|17183|17364|17541|17774|17940|18108|18450|18759|19029|19354|19712|19827|23552|23752|23857|25503|25838|27023|27276|27368|27563|27711|28115|28297|28523|28728|28827|30340|30517|31359|33413;instance2.staging/20260621_181438_231_conn_0002/server-to-client-0001.bin#21351|21487|21724|21841|21980|22071|22247|22320|22414|22545|22773|22859|22989|23130|23192|23302|23375;20260620_104414_984_session_31244/20260620_104512_148_conn_0003/server-to-client-0001.bin#7900|8000|11695|11970|12103|12138|12277|12389|12464|12547|12651|12763|12947|13311|13507|14071|14341|14556|14733|14873|15065|15202|15391|15658|15952|16210|16556|16915|17038|20071|20271|20388|21806|22141|23192|23427|23491|23650|23772|24100|24292|24449|24621|24701|25897|26087|26961|28900;20260621_181347_712_session_14620/20260621_181354_257_conn_0002/server-to-client-0001.bin#18850|18937|19163|19268|19358|19419|19526|19638|19679|19751|19917|20027|20132|20260|20329|20413|20491,instance2.staging/20260620_104553_547_conn_0004/server-to-client-0001.bin;instance2.staging/20260621_181438_231_conn_0002/server-to-client-0001.bin;20260620_104414_984_session_31244/20260620_104512_148_conn_0003/server-to-client-0001.bin;20260621_181347_712_session_14620/20260621_181354_257_conn_0002/server-to-client-0001.bin,candidate
196-robotawl-1350,196,妖之森_5,机木锥兵,1350,8,1272x4;2544x4,暗力之源x2;L小喇叭x2;玄机件x2;木材x6,暗力之源x2;L小喇叭x2;玄机件x2;木材x6,暗力之源=2/8;L小喇叭=2/8;玄机件=2/8;木材=6/8,instance2.staging/20260621_181438_231_conn_0002/server-to-client-0001.bin#14844|14960|15501|15819;20260621_181347_712_session_14620/20260621_181354_257_conn_0002/server-to-client-0001.bin#13318|13415|14034|14325,instance2.staging/20260621_181438_231_conn_0002/server-to-client-0001.bin;20260621_181347_712_session_14620/20260621_181354_257_conn_0002/server-to-client-0001.bin,candidate
196-robotax-1785,196,妖之森_5,机木斧兵,1785,8,1272x2;2544x6,玄机件x4;木材x6;力之玄文x2,玄机件x4;木材x6;力之玄文x2,玄机件=4/8;木材=6/8;力之玄文=2/8,instance2.staging/20260621_181438_231_conn_0002/server-to-client-0001.bin#14771|15442|15617|15699;20260621_181347_712_session_14620/20260621_181354_257_conn_0002/server-to-client-0001.bin#13233|13987|14110|14189,instance2.staging/20260621_181438_231_conn_0002/server-to-client-0001.bin;20260621_181347_712_session_14620/20260621_181354_257_conn_0002/server-to-client-0001.bin,candidate
196-robothmarshal-6500,196,妖之森_5,机木妖帅,6500,4,5260x4,玄机件x4;木材x8;术之玄文x2;暗力之源x6;玄机精件x2;力之玄文x2,玄机件x4;木材x4;术之玄文x2;暗力之源x4;玄机精件x2;力之玄文x2,玄机件=4/4;木材=4/4;术之玄文=2/4;暗力之源=4/4;玄机精件=2/4;力之玄文=2/4,instance2.staging/20260621_181438_231_conn_0002/server-to-client-0001.bin#14516|15342;20260621_181347_712_session_14620/20260621_181354_257_conn_0002/server-to-client-0001.bin#13017|13884,instance2.staging/20260621_181438_231_conn_0002/server-to-client-0001.bin;20260621_181347_712_session_14620/20260621_181354_257_conn_0002/server-to-client-0001.bin,candidate
198-robotawl-1270,198,妖之森_7,机木锥兵,1270,52,616x2;624x18;1232x4;1248x28,暗力之源x26;木材x36;机木护腿x2;玄机件x32;L小喇叭x2,暗力之源x24;木材x30;机木护腿x2;玄机件x28;L小喇叭x2,暗力之源=24/52;木材=30/52;机木护腿=2/52;玄机件=28/52;L小喇叭=2/52,instance2.staging/20260620_104553_547_conn_0004/server-to-client-0001.bin#23929|24058|24148|24249|24328|24607|24771|24838|24943|25019|25173|25251|28969|29092|29217|29365|29471|29654|29701|29792|29863|30051|30187|31695|31757|33283;20260620_104414_984_session_31244/20260620_104512_148_conn_0003/server-to-client-0001.bin#20472|20550|20642|20716|20808|21042|21194|21232|21307|21364|21476|21544|24852|24965|25074|25171|25262|25402|25440|25500|25560|25670|25761|27291|27352|28799,instance2.staging/20260620_104553_547_conn_0004/server-to-client-0001.bin;20260620_104414_984_session_31244/20260620_104512_148_conn_0003/server-to-client-0001.bin,candidate
199-robothyun-1189,199,妖之森_8,机木玄师,1189,6,2544x4;3816x2,暗力之源x8;木材x6;玄机精件x2;玄机件x4,暗力之源x4;木材x6;玄机精件x2;玄机件x4,暗力之源=4/6;木材=6/6;玄机精件=2/6;玄机件=4/6,instance2.staging/20260621_181438_231_conn_0002/server-to-client-0001.bin#16001|16110|16181;20260621_181347_712_session_14620/20260621_181354_257_conn_0002/server-to-client-0001.bin#14518|14632|14719,instance2.staging/20260621_181438_231_conn_0002/server-to-client-0001.bin;20260621_181347_712_session_14620/20260621_181354_257_conn_0002/server-to-client-0001.bin,candidate
200-robotawl-1350,200,妖之森_9,机木锥兵,1350,8,644x4;1288x4,木材x8;玄机件x2,木材x8;玄机件x2,木材=8/8;玄机件=2/8,instance2.staging/20260620_104553_547_conn_0004/server-to-client-0001.bin#31882|31954|32027|33007;20260620_104414_984_session_31244/20260620_104512_148_conn_0003/server-to-client-0001.bin#27462|27538|27612|28541,instance2.staging/20260620_104553_547_conn_0004/server-to-client-0001.bin;20260620_104414_984_session_31244/20260620_104512_148_conn_0003/server-to-client-0001.bin,candidate
200-robotax-1785,200,妖之森_9,机木斧兵,1785,4,1288x4,木材x4,木材x4,木材=4/4,instance2.staging/20260620_104553_547_conn_0004/server-to-client-0001.bin#32873|33101;20260620_104414_984_session_31244/20260620_104512_148_conn_0003/server-to-client-0001.bin#28419|28659,instance2.staging/20260620_104553_547_conn_0004/server-to-client-0001.bin;20260620_104414_984_session_31244/20260620_104512_148_conn_0003/server-to-client-0001.bin,candidate
201-robothyun-1189,201,妖之森_10,机木玄师,1189,282,630x1;644x2;1260x32;1272x23;1288x61;2520x42;2544x30;2576x91,L小喇叭x37;术之玄文x57;暗力之源x109;木材x200;玄机件x106;玄机精件x70;魂之石x23;机木护腕x7;初级精炼宝石x2;机木护腰x10,L小喇叭x36;术之玄文x57;暗力之源x95;木材x169;玄机件x101;玄机精件x67;魂之石x23;机木护腕x7;初级精炼宝石x2;机木护腰x10,L小喇叭=36/282;术之玄文=57/282;暗力之源=95/282;木材=169/282;玄机件=101/282;玄机精件=67/282;魂之石=23/282;机木护腕=7/282;初级精炼宝石=2/282;机木护腰=10/282,instance2.staging/20260620_104553_547_conn_0004/server-to-client-0001.bin#32086|32203|32734;instance2.staging/20260621_181438_231_conn_0002/server-to-client-0001.bin#1177|1278|1373|1621|1736|1825|1948|2239|2304|2370|2536|2624|2746|2860|2946|3109|3429|3525|3624|3741|3870|3957|4050|4194|4266|4333|4413|4496|4613|4752|4910|5074|5248|5318|5450|5540|5682|5899|6298|6379|6481|6601|6763|6957|7040|7130|7272|7331|7432|7513|7611|7737|7909|8003|8075|8182|8264|8445|8538|8718|8861|8944|9074|9198|9373|9486|9584|9688|9761|9868|9961|10028|10140|10393|10464|10542|10666|10931|11091|11188|11276|11406|11484|11585|11650|11762|11855|12150|12277|12399|12493|12573|12646|12705|12910|19966|20146|20224|20320|20530|20603|20742|20874|20968|21141|21244|23783|23945|24225|24311|24396|24439|24482|24562|24697|24764|24819|24959|25052|25212|25257|25317|25389|25506|25611|25654|25709|25851|25955|25997|26048|26183|26339|26476|26699|26751|26843|26981|27285|27328;20260620_104414_984_session_31244/20260620_104512_148_conn_0003/server-to-client-0001.bin#27669|27768|28263;20260621_181347_712_session_14620/20260621_181354_257_conn_0002/server-to-client-0001.bin#1169|1260|1336|1500|1596|1680|1784|1967|2027|2095|2218|2292|2409|2505|2586|2688|2896|2997|3108|3219|3379|3452|3535|3704|3798|3913|3996|4130|4233|4317|4452|4603|4736|4805|4915|4979|5142|5293|5710|5766|5865|5972|6099|6261|6337|6402|6509|6564|6673|6759|6845|6915|7028|7124|7190|7262|7352|7571|7677|7893|8030|8107|8203|8322|8490|8586|8671|8765|8837|8975|9073|9130|9180|9345|9407|9491|9563|9797|9911|10008|10103|10178|10230|10286|10352|10424|10495|10715|10772|10873|11011|11092|11193|11271|11427|17555|17731|17804|17862|18051|18192|18290|18394|18496|18625|18707|21942|22003|22129|22235|22409|22487|22583|22750|22858|22935|22993|23098|23164|23213|23285|23357|23487|23726|23885|23996|24117|24244|24431|24576|24775|24929|25066|25179|25360|25532,instance2.staging/20260620_104553_547_conn_0004/server-to-client-0001.bin;instance2.staging/20260621_181438_231_conn_0002/server-to-client-0001.bin;20260620_104414_984_session_31244/20260620_104512_148_conn_0003/server-to-client-0001.bin;20260621_181347_712_session_14620/20260621_181354_257_conn_0002/server-to-client-0001.bin,candidate
202-robotawl-1330,202,妖之森_11,机木锥兵,1330,50,1344x2;2016x2;2624x7;2656x9;2688x6;3936x4;3984x12;4032x6,玄机件x22;暗力之源x28;木材x44;L小喇叭x8;神奇朽木x2,玄机件x20;暗力之源x26;木材x38;L小喇叭x8;神奇朽木x2,玄机件=20/50;暗力之源=26/50;木材=38/50;L小喇叭=8/50;神奇朽木=2/50,instance2.staging/20260620_104553_547_conn_0004/server-to-client-0001.bin#32337|32505;instance2.staging/20260621_181438_231_conn_0002/server-to-client-0001.bin#361|438|572|653|928|1081|16367|16517|16658|16772|16902|17055|18203|18296|18412|18544|18669|19079|19243|19495|19571|19684|19816;20260620_104414_984_session_31244/20260620_104512_148_conn_0003/server-to-client-0001.bin#27865|28041;20260621_181347_712_session_14620/20260621_181354_257_conn_0002/server-to-client-0001.bin#333|415|517|621|906|1056|14905|15113|15228|15323|15465|15639|15894|15980|16090|16196|16308|16696|16860|17080|17168|17265|17362,instance2.staging/20260620_104553_547_conn_0004/server-to-client-0001.bin;instance2.staging/20260621_181438_231_conn_0002/server-to-client-0001.bin;20260620_104414_984_session_31244/20260620_104512_148_conn_0003/server-to-client-0001.bin;20260621_181347_712_session_14620/20260621_181354_257_conn_0002/server-to-client-0001.bin,candidate
171-wocmon-8000,171,沼泽_9,百年虫精,8000,4,0x4,宠物成长药剂x24;铜钱x2000;魔匣x6;阴阳结x3;回魂丹x3,宠物成长药剂x4;铜钱x4;魔匣x3;阴阳结x3;回魂丹x3,宠物成长药剂=4/4;铜钱=4/4;魔匣=3/4;阴阳结=3/4;回魂丹=3/4,20260712_120132_155_auto_move_session/conn_0002/server-to-client-0001.bin#46017;20260712_172043_130_auto_move_session/conn_0002/server-to-client-0001.bin#46597|84717|280736,20260712_120132_155_auto_move_session/conn_0002/server-to-client-0001.bin;20260712_172043_130_auto_move_session/conn_0002/server-to-client-0001.bin,candidate
203-beardeer-20000,203,雷兽神坛,熊鹿,20000,1,0x1,裘皮x1;熊鹿的大角x1;力之玄文x2;术之玄文x2;暗力之源x2;雷兽法杖x1,裘皮x1;熊鹿的大角x1;力之玄文x2;术之玄文x2;暗力之源x2;雷兽法杖x1,裘皮=1/1;熊鹿的大角=1/1;力之玄文=1/1;术之玄文=1/1;暗力之源=1/1;雷兽法杖=1/1,20260720_225539_439_auto_move_session/conn_0002/server-to-client-0001.bin#392907,20260720_225539_439_auto_move_session/conn_0002/server-to-client-0001.bin,candidate
