actor_key,label,duration_ms,travel_ms,reaction_ms,source_sha256
profession/blade-dancer,nomalAtk,800,1042,1042,b263c41740e3c912f73cf88dc927a2d72c10da145b53091c1ca8c5a0ff7bada7
profession/blade-dancer,blade/triple,1500,1042,1042,b263c41740e3c912f73cf88dc927a2d72c10da145b53091c1ca8c5a0ff7bada7
profession/blade-dancer,def,834,0,1042,b263c41740e3c912f73cf88dc927a2d72c10da145b53091c1ca8c5a0ff7bada7
profession/blade-dancer,blade/execution,2750,1042,1042,b263c41740e3c912f73cf88dc927a2d72c10da145b53091c1ca8c5a0ff7bada7
profession/blade-dancer,blade/ultimate,10667,1042,1042,b263c41740e3c912f73cf88dc927a2d72c10da145b53091c1ca8c5a0ff7bada7
profession/blade-dancer,blade/draw,2900,1042,1042,b263c41740e3c912f73cf88dc927a2d72c10da145b53091c1ca8c5a0ff7bada7
profession/blade-dancer,blade/phantom,2100,1042,1042,b263c41740e3c912f73cf88dc927a2d72c10da145b53091c1ca8c5a0ff7bada7
profession/blade-dancer,blade/ghost,3040,1025,1042,b263c41740e3c912f73cf88dc927a2d72c10da145b53091c1ca8c5a0ff7bada7
profession/blade-dancer,useItem,901,0,1042,b263c41740e3c912f73cf88dc927a2d72c10da145b53091c1ca8c5a0ff7bada7
profession/blade-dancer,escapeSuccess,417,0,1042,b263c41740e3c912f73cf88dc927a2d72c10da145b53091c1ca8c5a0ff7bada7
profession/blade-dancer,battleStand,50,0,1042,b263c41740e3c912f73cf88dc927a2d72c10da145b53091c1ca8c5a0ff7bada7
profession/blade-dancer,yun,50,0,1042,b263c41740e3c912f73cf88dc927a2d72c10da145b53091c1ca8c5a0ff7bada7
original-monster/snow-spider,nomalAtk,1042,1418,875,7d8d06ae0aa6896f8fa0d339cb5a1fc37e0f20edd99c45accca584c2cccffe33
original-monster/snow-spider,snow-spider/silk,2200,1418,875,7d8d06ae0aa6896f8fa0d339cb5a1fc37e0f20edd99c45accca584c2cccffe33
original-monster/snow-spider,battleStand,50,0,875,7d8d06ae0aa6896f8fa0d339cb5a1fc37e0f20edd99c45accca584c2cccffe33
original-monster/snow-spider,yun,50,0,875,7d8d06ae0aa6896f8fa0d339cb5a1fc37e0f20edd99c45accca584c2cccffe33
monsterbox/barbarianbowman.swf,battleStand,1643,430,536,ff5bb790c081d8732c0f94ff0cce2e0181c55884effd438331f2b84762d8928d
monsterbox/barbarianbowman.swf,beAttack_0,215,430,536,ff5bb790c081d8732c0f94ff0cce2e0181c55884effd438331f2b84762d8928d
monsterbox/barbarianbowman.swf,beAttack_1,215,430,536,ff5bb790c081d8732c0f94ff0cce2e0181c55884effd438331f2b84762d8928d
monsterbox/barbarianbowman.swf,move,215,430,536,ff5bb790c081d8732c0f94ff0cce2e0181c55884effd438331f2b84762d8928d
monsterbox/barbarianbowman.swf,back,215,430,536,ff5bb790c081d8732c0f94ff0cce2e0181c55884effd438331f2b84762d8928d
monsterbox/barbarianbowman.swf,loadact,215,430,536,ff5bb790c081d8732c0f94ff0cce2e0181c55884effd438331f2b84762d8928d
monsterbox/barbarianbowman.swf,useItem,1000,430,536,ff5bb790c081d8732c0f94ff0cce2e0181c55884effd438331f2b84762d8928d
monsterbox/barbarianbowman.swf,duck,322,430,536,ff5bb790c081d8732c0f94ff0cce2e0181c55884effd438331f2b84762d8928d
monsterbox/barbarianbowman.swf,def,215,430,536,ff5bb790c081d8732c0f94ff0cce2e0181c55884effd438331f2b84762d8928d
monsterbox/barbarianbowman.swf,fall,536,430,536,ff5bb790c081d8732c0f94ff0cce2e0181c55884effd438331f2b84762d8928d
monsterbox/barbarianbowman.swf,yun,215,430,536,ff5bb790c081d8732c0f94ff0cce2e0181c55884effd438331f2b84762d8928d
monsterbox/barbarianbowman.swf,playit,179,430,536,ff5bb790c081d8732c0f94ff0cce2e0181c55884effd438331f2b84762d8928d
monsterbox/barbarianbowman.swf,die,536,430,536,ff5bb790c081d8732c0f94ff0cce2e0181c55884effd438331f2b84762d8928d
monsterbox/barbarianbowman.swf,nomalAtk,1679,430,536,ff5bb790c081d8732c0f94ff0cce2e0181c55884effd438331f2b84762d8928d
monsterbox/barbarianbowman.swf,escapeReady,215,430,536,ff5bb790c081d8732c0f94ff0cce2e0181c55884effd438331f2b84762d8928d
monsterbox/barbarianbowman.swf,escapeSuccess,608,430,536,ff5bb790c081d8732c0f94ff0cce2e0181c55884effd438331f2b84762d8928d
monsterbox/barbarianfighter.swf,battleStand,1643,430,465,06ef773962f79d037ce2ad62fb0c2507b121b927400ea29628b58e0da03b0a62
monsterbox/barbarianfighter.swf,beAttack_0,215,430,465,06ef773962f79d037ce2ad62fb0c2507b121b927400ea29628b58e0da03b0a62
monsterbox/barbarianfighter.swf,beAttack_1,215,430,465,06ef773962f79d037ce2ad62fb0c2507b121b927400ea29628b58e0da03b0a62
monsterbox/barbarianfighter.swf,move,215,430,465,06ef773962f79d037ce2ad62fb0c2507b121b927400ea29628b58e0da03b0a62
monsterbox/barbarianfighter.swf,back,215,430,465,06ef773962f79d037ce2ad62fb0c2507b121b927400ea29628b58e0da03b0a62
monsterbox/barbarianfighter.swf,loadact,215,430,465,06ef773962f79d037ce2ad62fb0c2507b121b927400ea29628b58e0da03b0a62
monsterbox/barbarianfighter.swf,useItem,1000,430,465,06ef773962f79d037ce2ad62fb0c2507b121b927400ea29628b58e0da03b0a62
monsterbox/barbarianfighter.swf,duck,322,430,465,06ef773962f79d037ce2ad62fb0c2507b121b927400ea29628b58e0da03b0a62
monsterbox/barbarianfighter.swf,def,215,430,465,06ef773962f79d037ce2ad62fb0c2507b121b927400ea29628b58e0da03b0a62
monsterbox/barbarianfighter.swf,fall,465,430,465,06ef773962f79d037ce2ad62fb0c2507b121b927400ea29628b58e0da03b0a62
monsterbox/barbarianfighter.swf,yun,215,430,465,06ef773962f79d037ce2ad62fb0c2507b121b927400ea29628b58e0da03b0a62
monsterbox/barbarianfighter.swf,playit,179,430,465,06ef773962f79d037ce2ad62fb0c2507b121b927400ea29628b58e0da03b0a62
monsterbox/barbarianfighter.swf,die,465,430,465,06ef773962f79d037ce2ad62fb0c2507b121b927400ea29628b58e0da03b0a62
monsterbox/barbarianfighter.swf,nomalAtk,2572,430,465,06ef773962f79d037ce2ad62fb0c2507b121b927400ea29628b58e0da03b0a62
monsterbox/barbarianfighter.swf,escapeReady,215,430,465,06ef773962f79d037ce2ad62fb0c2507b121b927400ea29628b58e0da03b0a62
monsterbox/barbarianfighter.swf,escapeSuccess,608,430,465,06ef773962f79d037ce2ad62fb0c2507b121b927400ea29628b58e0da03b0a62
monsterbox/barbarianweapons.swf,battleStand,1393,430,536,8c2f90be2dafbcc099b58534e4a399a720f62519b8b30e33c5a57bad9087923c
monsterbox/barbarianweapons.swf,beAttack_0,215,430,536,8c2f90be2dafbcc099b58534e4a399a720f62519b8b30e33c5a57bad9087923c
monsterbox/barbarianweapons.swf,beAttack_1,215,430,536,8c2f90be2dafbcc099b58534e4a399a720f62519b8b30e33c5a57bad9087923c
monsterbox/barbarianweapons.swf,move,215,430,536,8c2f90be2dafbcc099b58534e4a399a720f62519b8b30e33c5a57bad9087923c
monsterbox/barbarianweapons.swf,back,215,430,536,8c2f90be2dafbcc099b58534e4a399a720f62519b8b30e33c5a57bad9087923c
monsterbox/barbarianweapons.swf,loadact,215,430,536,8c2f90be2dafbcc099b58534e4a399a720f62519b8b30e33c5a57bad9087923c
monsterbox/barbarianweapons.swf,useItem,1000,430,536,8c2f90be2dafbcc099b58534e4a399a720f62519b8b30e33c5a57bad9087923c
monsterbox/barbarianweapons.swf,duck,322,430,536,8c2f90be2dafbcc099b58534e4a399a720f62519b8b30e33c5a57bad9087923c
monsterbox/barbarianweapons.swf,def,215,430,536,8c2f90be2dafbcc099b58534e4a399a720f62519b8b30e33c5a57bad9087923c
monsterbox/barbarianweapons.swf,fall,536,430,536,8c2f90be2dafbcc099b58534e4a399a720f62519b8b30e33c5a57bad9087923c
monsterbox/barbarianweapons.swf,yun,215,430,536,8c2f90be2dafbcc099b58534e4a399a720f62519b8b30e33c5a57bad9087923c
monsterbox/barbarianweapons.swf,playit,179,430,536,8c2f90be2dafbcc099b58534e4a399a720f62519b8b30e33c5a57bad9087923c
monsterbox/barbarianweapons.swf,die,536,430,536,8c2f90be2dafbcc099b58534e4a399a720f62519b8b30e33c5a57bad9087923c
monsterbox/barbarianweapons.swf,nomalAtk,1358,430,536,8c2f90be2dafbcc099b58534e4a399a720f62519b8b30e33c5a57bad9087923c
monsterbox/barbarianweapons.swf,escapeReady,215,430,536,8c2f90be2dafbcc099b58534e4a399a720f62519b8b30e33c5a57bad9087923c
monsterbox/barbarianweapons.swf,escapeSuccess,608,430,536,8c2f90be2dafbcc099b58534e4a399a720f62519b8b30e33c5a57bad9087923c
monsterbox/baimagicrock.swf,battleStand,858,430,465,005ebfe3b7e3837176fbeaa1425e4984608a05638722c0d938f8644461148264
monsterbox/baimagicrock.swf,beAttack_0,215,430,465,005ebfe3b7e3837176fbeaa1425e4984608a05638722c0d938f8644461148264
monsterbox/baimagicrock.swf,beAttack_1,215,430,465,005ebfe3b7e3837176fbeaa1425e4984608a05638722c0d938f8644461148264
monsterbox/baimagicrock.swf,move,215,430,465,005ebfe3b7e3837176fbeaa1425e4984608a05638722c0d938f8644461148264
monsterbox/baimagicrock.swf,back,215,430,465,005ebfe3b7e3837176fbeaa1425e4984608a05638722c0d938f8644461148264
monsterbox/baimagicrock.swf,loadact,215,430,465,005ebfe3b7e3837176fbeaa1425e4984608a05638722c0d938f8644461148264
monsterbox/baimagicrock.swf,useItem,1000,430,465,005ebfe3b7e3837176fbeaa1425e4984608a05638722c0d938f8644461148264
monsterbox/baimagicrock.swf,duck,322,430,465,005ebfe3b7e3837176fbeaa1425e4984608a05638722c0d938f8644461148264
monsterbox/baimagicrock.swf,def,215,430,465,005ebfe3b7e3837176fbeaa1425e4984608a05638722c0d938f8644461148264
monsterbox/baimagicrock.swf,fall,465,430,465,005ebfe3b7e3837176fbeaa1425e4984608a05638722c0d938f8644461148264
monsterbox/baimagicrock.swf,throw,215,430,465,005ebfe3b7e3837176fbeaa1425e4984608a05638722c0d938f8644461148264
monsterbox/baimagicrock.swf,yun,215,430,465,005ebfe3b7e3837176fbeaa1425e4984608a05638722c0d938f8644461148264
monsterbox/baimagicrock.swf,playit,179,430,465,005ebfe3b7e3837176fbeaa1425e4984608a05638722c0d938f8644461148264
monsterbox/baimagicrock.swf,die,465,430,465,005ebfe3b7e3837176fbeaa1425e4984608a05638722c0d938f8644461148264
monsterbox/baimagicrock.swf,nomalAtk,1572,430,465,005ebfe3b7e3837176fbeaa1425e4984608a05638722c0d938f8644461148264
monsterbox/baimagicrock.swf,escapeReady,215,430,465,005ebfe3b7e3837176fbeaa1425e4984608a05638722c0d938f8644461148264
monsterbox/baimagicrock.swf,escapeSuccess,608,430,465,005ebfe3b7e3837176fbeaa1425e4984608a05638722c0d938f8644461148264
monsterbox/bambooboy.swf,battleStand,1215,430,465,7a425153bccf75f626e844247cf9ff53715e78ac1dea894cdf105c5d893d489e
monsterbox/bambooboy.swf,beAttack_0,215,430,465,7a425153bccf75f626e844247cf9ff53715e78ac1dea894cdf105c5d893d489e
monsterbox/bambooboy.swf,beAttack_1,215,430,465,7a425153bccf75f626e844247cf9ff53715e78ac1dea894cdf105c5d893d489e
monsterbox/bambooboy.swf,move,215,430,465,7a425153bccf75f626e844247cf9ff53715e78ac1dea894cdf105c5d893d489e
monsterbox/bambooboy.swf,back,215,430,465,7a425153bccf75f626e844247cf9ff53715e78ac1dea894cdf105c5d893d489e
monsterbox/bambooboy.swf,loadact,215,430,465,7a425153bccf75f626e844247cf9ff53715e78ac1dea894cdf105c5d893d489e
monsterbox/bambooboy.swf,useItem,1000,430,465,7a425153bccf75f626e844247cf9ff53715e78ac1dea894cdf105c5d893d489e
monsterbox/bambooboy.swf,duck,322,430,465,7a425153bccf75f626e844247cf9ff53715e78ac1dea894cdf105c5d893d489e
monsterbox/bambooboy.swf,def,215,430,465,7a425153bccf75f626e844247cf9ff53715e78ac1dea894cdf105c5d893d489e
monsterbox/bambooboy.swf,fall,465,430,465,7a425153bccf75f626e844247cf9ff53715e78ac1dea894cdf105c5d893d489e
monsterbox/bambooboy.swf,throw,215,430,465,7a425153bccf75f626e844247cf9ff53715e78ac1dea894cdf105c5d893d489e
monsterbox/bambooboy.swf,yun,215,430,465,7a425153bccf75f626e844247cf9ff53715e78ac1dea894cdf105c5d893d489e
monsterbox/bambooboy.swf,playit,179,430,465,7a425153bccf75f626e844247cf9ff53715e78ac1dea894cdf105c5d893d489e
monsterbox/bambooboy.swf,die,465,430,465,7a425153bccf75f626e844247cf9ff53715e78ac1dea894cdf105c5d893d489e
monsterbox/bambooboy.swf,nomalAtk,1393,430,465,7a425153bccf75f626e844247cf9ff53715e78ac1dea894cdf105c5d893d489e
monsterbox/bambooboy.swf,escapeReady,215,430,465,7a425153bccf75f626e844247cf9ff53715e78ac1dea894cdf105c5d893d489e
monsterbox/bambooboy.swf,escapeSuccess,608,430,465,7a425153bccf75f626e844247cf9ff53715e78ac1dea894cdf105c5d893d489e
monsterbox/bigswordwolf.swf,battleStand,1572,430,786,900fa1449cab39379450efb890a0b978c221f2b44eccf4fe025d31a6f069644b
monsterbox/bigswordwolf.swf,beAttack_0,215,430,786,900fa1449cab39379450efb890a0b978c221f2b44eccf4fe025d31a6f069644b
monsterbox/bigswordwolf.swf,beAttack_1,215,430,786,900fa1449cab39379450efb890a0b978c221f2b44eccf4fe025d31a6f069644b
monsterbox/bigswordwolf.swf,move,215,430,786,900fa1449cab39379450efb890a0b978c221f2b44eccf4fe025d31a6f069644b
monsterbox/bigswordwolf.swf,back,215,430,786,900fa1449cab39379450efb890a0b978c221f2b44eccf4fe025d31a6f069644b
monsterbox/bigswordwolf.swf,loadact,215,430,786,900fa1449cab39379450efb890a0b978c221f2b44eccf4fe025d31a6f069644b
monsterbox/bigswordwolf.swf,useItem,1000,430,786,900fa1449cab39379450efb890a0b978c221f2b44eccf4fe025d31a6f069644b
monsterbox/bigswordwolf.swf,duck,322,430,786,900fa1449cab39379450efb890a0b978c221f2b44eccf4fe025d31a6f069644b
monsterbox/bigswordwolf.swf,def,215,430,786,900fa1449cab39379450efb890a0b978c221f2b44eccf4fe025d31a6f069644b
monsterbox/bigswordwolf.swf,fall,786,430,786,900fa1449cab39379450efb890a0b978c221f2b44eccf4fe025d31a6f069644b
monsterbox/bigswordwolf.swf,throw,215,430,786,900fa1449cab39379450efb890a0b978c221f2b44eccf4fe025d31a6f069644b
monsterbox/bigswordwolf.swf,yun,215,430,786,900fa1449cab39379450efb890a0b978c221f2b44eccf4fe025d31a6f069644b
monsterbox/bigswordwolf.swf,playit,179,430,786,900fa1449cab39379450efb890a0b978c221f2b44eccf4fe025d31a6f069644b
monsterbox/bigswordwolf.swf,die,786,430,786,900fa1449cab39379450efb890a0b978c221f2b44eccf4fe025d31a6f069644b
monsterbox/bigswordwolf.swf,nomalAtk,2000,430,786,900fa1449cab39379450efb890a0b978c221f2b44eccf4fe025d31a6f069644b
monsterbox/bigswordwolf.swf,escapeReady,215,430,786,900fa1449cab39379450efb890a0b978c221f2b44eccf4fe025d31a6f069644b
monsterbox/bigswordwolf.swf,escapeSuccess,608,430,786,900fa1449cab39379450efb890a0b978c221f2b44eccf4fe025d31a6f069644b
monsterbox/blackshadow.swf,battleStand,1072,430,786,d62126c65391d6829c9ac9ac5d5af9d0ae060aebf50de8abc28888a70dfc97e7
monsterbox/blackshadow.swf,beAttack_0,215,430,786,d62126c65391d6829c9ac9ac5d5af9d0ae060aebf50de8abc28888a70dfc97e7
monsterbox/blackshadow.swf,beAttack_1,215,430,786,d62126c65391d6829c9ac9ac5d5af9d0ae060aebf50de8abc28888a70dfc97e7
monsterbox/blackshadow.swf,move,215,430,786,d62126c65391d6829c9ac9ac5d5af9d0ae060aebf50de8abc28888a70dfc97e7
monsterbox/blackshadow.swf,back,215,430,786,d62126c65391d6829c9ac9ac5d5af9d0ae060aebf50de8abc28888a70dfc97e7
monsterbox/blackshadow.swf,loadact,215,430,786,d62126c65391d6829c9ac9ac5d5af9d0ae060aebf50de8abc28888a70dfc97e7
monsterbox/blackshadow.swf,useItem,1000,430,786,d62126c65391d6829c9ac9ac5d5af9d0ae060aebf50de8abc28888a70dfc97e7
monsterbox/blackshadow.swf,duck,322,430,786,d62126c65391d6829c9ac9ac5d5af9d0ae060aebf50de8abc28888a70dfc97e7
monsterbox/blackshadow.swf,def,215,430,786,d62126c65391d6829c9ac9ac5d5af9d0ae060aebf50de8abc28888a70dfc97e7
monsterbox/blackshadow.swf,fall,608,430,786,d62126c65391d6829c9ac9ac5d5af9d0ae060aebf50de8abc28888a70dfc97e7
monsterbox/blackshadow.swf,yun,215,430,786,d62126c65391d6829c9ac9ac5d5af9d0ae060aebf50de8abc28888a70dfc97e7
monsterbox/blackshadow.swf,playit,179,430,786,d62126c65391d6829c9ac9ac5d5af9d0ae060aebf50de8abc28888a70dfc97e7
monsterbox/blackshadow.swf,die,786,430,786,d62126c65391d6829c9ac9ac5d5af9d0ae060aebf50de8abc28888a70dfc97e7
monsterbox/blackshadow.swf,nomalAtk,1143,430,786,d62126c65391d6829c9ac9ac5d5af9d0ae060aebf50de8abc28888a70dfc97e7
monsterbox/blackshadow.swf,escapeReady,215,430,786,d62126c65391d6829c9ac9ac5d5af9d0ae060aebf50de8abc28888a70dfc97e7
monsterbox/blackshadow.swf,escapeSuccess,608,430,786,d62126c65391d6829c9ac9ac5d5af9d0ae060aebf50de8abc28888a70dfc97e7
monsterbox/bluemagicrock.swf,battleStand,1000,400,434,9c95ce888d5f596f291421f07ce2d12ebf9ba54de1061d61aef50d1b26a358d6
monsterbox/bluemagicrock.swf,beAttack_0,200,400,434,9c95ce888d5f596f291421f07ce2d12ebf9ba54de1061d61aef50d1b26a358d6
monsterbox/bluemagicrock.swf,beAttack_1,200,400,434,9c95ce888d5f596f291421f07ce2d12ebf9ba54de1061d61aef50d1b26a358d6
monsterbox/bluemagicrock.swf,move,200,400,434,9c95ce888d5f596f291421f07ce2d12ebf9ba54de1061d61aef50d1b26a358d6
monsterbox/bluemagicrock.swf,back,200,400,434,9c95ce888d5f596f291421f07ce2d12ebf9ba54de1061d61aef50d1b26a358d6
monsterbox/bluemagicrock.swf,loadact,200,400,434,9c95ce888d5f596f291421f07ce2d12ebf9ba54de1061d61aef50d1b26a358d6
monsterbox/bluemagicrock.swf,useItem,1034,400,434,9c95ce888d5f596f291421f07ce2d12ebf9ba54de1061d61aef50d1b26a358d6
monsterbox/bluemagicrock.swf,duck,300,400,434,9c95ce888d5f596f291421f07ce2d12ebf9ba54de1061d61aef50d1b26a358d6
monsterbox/bluemagicrock.swf,def,200,400,434,9c95ce888d5f596f291421f07ce2d12ebf9ba54de1061d61aef50d1b26a358d6
monsterbox/bluemagicrock.swf,fall,434,400,434,9c95ce888d5f596f291421f07ce2d12ebf9ba54de1061d61aef50d1b26a358d6
monsterbox/bluemagicrock.swf,throw,200,400,434,9c95ce888d5f596f291421f07ce2d12ebf9ba54de1061d61aef50d1b26a358d6
monsterbox/bluemagicrock.swf,yun,200,400,434,9c95ce888d5f596f291421f07ce2d12ebf9ba54de1061d61aef50d1b26a358d6
monsterbox/bluemagicrock.swf,playit,167,400,434,9c95ce888d5f596f291421f07ce2d12ebf9ba54de1061d61aef50d1b26a358d6
monsterbox/bluemagicrock.swf,die,434,400,434,9c95ce888d5f596f291421f07ce2d12ebf9ba54de1061d61aef50d1b26a358d6
monsterbox/bluemagicrock.swf,nomalAtk,1034,400,434,9c95ce888d5f596f291421f07ce2d12ebf9ba54de1061d61aef50d1b26a358d6
monsterbox/bluemagicrock.swf,escapeReady,200,400,434,9c95ce888d5f596f291421f07ce2d12ebf9ba54de1061d61aef50d1b26a358d6
monsterbox/bluemagicrock.swf,escapeSuccess,567,400,434,9c95ce888d5f596f291421f07ce2d12ebf9ba54de1061d61aef50d1b26a358d6
monsterbox/boobomb.swf,battleStand,572,430,536,a9b6a74d064d49eb8f857362c9f05092e67dd422c10129218b4cb0fa5953fb59
monsterbox/boobomb.swf,beAttack_0,215,430,536,a9b6a74d064d49eb8f857362c9f05092e67dd422c10129218b4cb0fa5953fb59
monsterbox/boobomb.swf,beAttack_1,215,430,536,a9b6a74d064d49eb8f857362c9f05092e67dd422c10129218b4cb0fa5953fb59
monsterbox/boobomb.swf,move,215,430,536,a9b6a74d064d49eb8f857362c9f05092e67dd422c10129218b4cb0fa5953fb59
monsterbox/boobomb.swf,back,215,430,536,a9b6a74d064d49eb8f857362c9f05092e67dd422c10129218b4cb0fa5953fb59
monsterbox/boobomb.swf,loadact,215,430,536,a9b6a74d064d49eb8f857362c9f05092e67dd422c10129218b4cb0fa5953fb59
monsterbox/boobomb.swf,useItem,1000,430,536,a9b6a74d064d49eb8f857362c9f05092e67dd422c10129218b4cb0fa5953fb59
monsterbox/boobomb.swf,duck,322,430,536,a9b6a74d064d49eb8f857362c9f05092e67dd422c10129218b4cb0fa5953fb59
monsterbox/boobomb.swf,def,215,430,536,a9b6a74d064d49eb8f857362c9f05092e67dd422c10129218b4cb0fa5953fb59
monsterbox/boobomb.swf,fall,536,430,536,a9b6a74d064d49eb8f857362c9f05092e67dd422c10129218b4cb0fa5953fb59
monsterbox/boobomb.swf,throw,215,430,536,a9b6a74d064d49eb8f857362c9f05092e67dd422c10129218b4cb0fa5953fb59
monsterbox/boobomb.swf,yun,215,430,536,a9b6a74d064d49eb8f857362c9f05092e67dd422c10129218b4cb0fa5953fb59
monsterbox/boobomb.swf,playit,179,430,536,a9b6a74d064d49eb8f857362c9f05092e67dd422c10129218b4cb0fa5953fb59
monsterbox/boobomb.swf,die,536,430,536,a9b6a74d064d49eb8f857362c9f05092e67dd422c10129218b4cb0fa5953fb59
monsterbox/boobomb.swf,nomalAtk,1608,430,536,a9b6a74d064d49eb8f857362c9f05092e67dd422c10129218b4cb0fa5953fb59
monsterbox/boobomb.swf,escapeReady,215,430,536,a9b6a74d064d49eb8f857362c9f05092e67dd422c10129218b4cb0fa5953fb59
monsterbox/boobomb.swf,escapeSuccess,608,430,536,a9b6a74d064d49eb8f857362c9f05092e67dd422c10129218b4cb0fa5953fb59
monsterbox/bomepig.swf,battleStand,893,430,393,e3b6794ac8964b9003c6695a627ae7671f238e370d7dd7daeb8b6c1c47f468bb
monsterbox/bomepig.swf,beAttack_0,215,430,393,e3b6794ac8964b9003c6695a627ae7671f238e370d7dd7daeb8b6c1c47f468bb
monsterbox/bomepig.swf,beAttack_1,215,430,393,e3b6794ac8964b9003c6695a627ae7671f238e370d7dd7daeb8b6c1c47f468bb
monsterbox/bomepig.swf,move,215,430,393,e3b6794ac8964b9003c6695a627ae7671f238e370d7dd7daeb8b6c1c47f468bb
monsterbox/bomepig.swf,back,215,430,393,e3b6794ac8964b9003c6695a627ae7671f238e370d7dd7daeb8b6c1c47f468bb
monsterbox/bomepig.swf,loadact,215,430,393,e3b6794ac8964b9003c6695a627ae7671f238e370d7dd7daeb8b6c1c47f468bb
monsterbox/bomepig.swf,useItem,1000,430,393,e3b6794ac8964b9003c6695a627ae7671f238e370d7dd7daeb8b6c1c47f468bb
monsterbox/bomepig.swf,duck,322,430,393,e3b6794ac8964b9003c6695a627ae7671f238e370d7dd7daeb8b6c1c47f468bb
monsterbox/bomepig.swf,def,215,430,393,e3b6794ac8964b9003c6695a627ae7671f238e370d7dd7daeb8b6c1c47f468bb
monsterbox/bomepig.swf,fall,393,430,393,e3b6794ac8964b9003c6695a627ae7671f238e370d7dd7daeb8b6c1c47f468bb
monsterbox/bomepig.swf,throw,215,430,393,e3b6794ac8964b9003c6695a627ae7671f238e370d7dd7daeb8b6c1c47f468bb
monsterbox/bomepig.swf,yun,215,430,393,e3b6794ac8964b9003c6695a627ae7671f238e370d7dd7daeb8b6c1c47f468bb
monsterbox/bomepig.swf,playit,179,430,393,e3b6794ac8964b9003c6695a627ae7671f238e370d7dd7daeb8b6c1c47f468bb
monsterbox/bomepig.swf,die,393,430,393,e3b6794ac8964b9003c6695a627ae7671f238e370d7dd7daeb8b6c1c47f468bb
monsterbox/bomepig.swf,nomalAtk,1072,430,393,e3b6794ac8964b9003c6695a627ae7671f238e370d7dd7daeb8b6c1c47f468bb
monsterbox/bomepig.swf,escapeReady,215,430,393,e3b6794ac8964b9003c6695a627ae7671f238e370d7dd7daeb8b6c1c47f468bb
monsterbox/bomepig.swf,escapeSuccess,608,430,393,e3b6794ac8964b9003c6695a627ae7671f238e370d7dd7daeb8b6c1c47f468bb
monsterbox/chiluking.swf,battleStand,1072,930,786,5e68deacd2ccd503db22dbaba66d8f707b90ba8c35c947c7ecb5f8ff9043ace1
monsterbox/chiluking.swf,beAttack_0,215,930,786,5e68deacd2ccd503db22dbaba66d8f707b90ba8c35c947c7ecb5f8ff9043ace1
monsterbox/chiluking.swf,beAttack_1,215,930,786,5e68deacd2ccd503db22dbaba66d8f707b90ba8c35c947c7ecb5f8ff9043ace1
monsterbox/chiluking.swf,move,465,930,786,5e68deacd2ccd503db22dbaba66d8f707b90ba8c35c947c7ecb5f8ff9043ace1
monsterbox/chiluking.swf,back,465,930,786,5e68deacd2ccd503db22dbaba66d8f707b90ba8c35c947c7ecb5f8ff9043ace1
monsterbox/chiluking.swf,loadact,215,930,786,5e68deacd2ccd503db22dbaba66d8f707b90ba8c35c947c7ecb5f8ff9043ace1
monsterbox/chiluking.swf,useItem,1000,930,786,5e68deacd2ccd503db22dbaba66d8f707b90ba8c35c947c7ecb5f8ff9043ace1
monsterbox/chiluking.swf,duck,322,930,786,5e68deacd2ccd503db22dbaba66d8f707b90ba8c35c947c7ecb5f8ff9043ace1
monsterbox/chiluking.swf,def,215,930,786,5e68deacd2ccd503db22dbaba66d8f707b90ba8c35c947c7ecb5f8ff9043ace1
monsterbox/chiluking.swf,fall,608,930,786,5e68deacd2ccd503db22dbaba66d8f707b90ba8c35c947c7ecb5f8ff9043ace1
monsterbox/chiluking.swf,throw,215,930,786,5e68deacd2ccd503db22dbaba66d8f707b90ba8c35c947c7ecb5f8ff9043ace1
monsterbox/chiluking.swf,yun,215,930,786,5e68deacd2ccd503db22dbaba66d8f707b90ba8c35c947c7ecb5f8ff9043ace1
monsterbox/chiluking.swf,playit,179,930,786,5e68deacd2ccd503db22dbaba66d8f707b90ba8c35c947c7ecb5f8ff9043ace1
monsterbox/chiluking.swf,die,786,930,786,5e68deacd2ccd503db22dbaba66d8f707b90ba8c35c947c7ecb5f8ff9043ace1
monsterbox/chiluking.swf,nomalAtk,1000,930,786,5e68deacd2ccd503db22dbaba66d8f707b90ba8c35c947c7ecb5f8ff9043ace1
monsterbox/chiluking.swf,escapeReady,215,930,786,5e68deacd2ccd503db22dbaba66d8f707b90ba8c35c947c7ecb5f8ff9043ace1
monsterbox/chiluking.swf,escapeSuccess,608,930,786,5e68deacd2ccd503db22dbaba66d8f707b90ba8c35c947c7ecb5f8ff9043ace1
monsterbox/dhwarrior.swf,battleStand,2786,72,536,7067a75b3af542b74f3e1ab7c2758dc7f50f93df27f65b2f13c0ce98b716ed84
monsterbox/dhwarrior.swf,beAttack_0,215,72,536,7067a75b3af542b74f3e1ab7c2758dc7f50f93df27f65b2f13c0ce98b716ed84
monsterbox/dhwarrior.swf,beAttack_1,215,72,536,7067a75b3af542b74f3e1ab7c2758dc7f50f93df27f65b2f13c0ce98b716ed84
monsterbox/dhwarrior.swf,move,36,72,536,7067a75b3af542b74f3e1ab7c2758dc7f50f93df27f65b2f13c0ce98b716ed84
monsterbox/dhwarrior.swf,back,36,72,536,7067a75b3af542b74f3e1ab7c2758dc7f50f93df27f65b2f13c0ce98b716ed84
monsterbox/dhwarrior.swf,loadact,215,72,536,7067a75b3af542b74f3e1ab7c2758dc7f50f93df27f65b2f13c0ce98b716ed84
monsterbox/dhwarrior.swf,useItem,1000,72,536,7067a75b3af542b74f3e1ab7c2758dc7f50f93df27f65b2f13c0ce98b716ed84
monsterbox/dhwarrior.swf,duck,322,72,536,7067a75b3af542b74f3e1ab7c2758dc7f50f93df27f65b2f13c0ce98b716ed84
monsterbox/dhwarrior.swf,def,215,72,536,7067a75b3af542b74f3e1ab7c2758dc7f50f93df27f65b2f13c0ce98b716ed84
monsterbox/dhwarrior.swf,fall,536,72,536,7067a75b3af542b74f3e1ab7c2758dc7f50f93df27f65b2f13c0ce98b716ed84
monsterbox/dhwarrior.swf,yun,215,72,536,7067a75b3af542b74f3e1ab7c2758dc7f50f93df27f65b2f13c0ce98b716ed84
monsterbox/dhwarrior.swf,playit,179,72,536,7067a75b3af542b74f3e1ab7c2758dc7f50f93df27f65b2f13c0ce98b716ed84
monsterbox/dhwarrior.swf,die,536,72,536,7067a75b3af542b74f3e1ab7c2758dc7f50f93df27f65b2f13c0ce98b716ed84
monsterbox/dhwarrior.swf,nomalAtk,1536,72,536,7067a75b3af542b74f3e1ab7c2758dc7f50f93df27f65b2f13c0ce98b716ed84
monsterbox/dhwarrior.swf,escapeReady,215,72,536,7067a75b3af542b74f3e1ab7c2758dc7f50f93df27f65b2f13c0ce98b716ed84
monsterbox/dhwarrior.swf,escapeSuccess,608,72,536,7067a75b3af542b74f3e1ab7c2758dc7f50f93df27f65b2f13c0ce98b716ed84
monsterbox/bonelance.swf,battleStand,1534,68,434,90876d346d92184e04f0090c7f3d21ab771224779cbd64236a8e7f4cc0357e70
monsterbox/bonelance.swf,beAttack_0,200,68,434,90876d346d92184e04f0090c7f3d21ab771224779cbd64236a8e7f4cc0357e70
monsterbox/bonelance.swf,beAttack_1,200,68,434,90876d346d92184e04f0090c7f3d21ab771224779cbd64236a8e7f4cc0357e70
monsterbox/bonelance.swf,move,34,68,434,90876d346d92184e04f0090c7f3d21ab771224779cbd64236a8e7f4cc0357e70
monsterbox/bonelance.swf,back,34,68,434,90876d346d92184e04f0090c7f3d21ab771224779cbd64236a8e7f4cc0357e70
monsterbox/bonelance.swf,loadact,200,68,434,90876d346d92184e04f0090c7f3d21ab771224779cbd64236a8e7f4cc0357e70
monsterbox/bonelance.swf,useItem,934,68,434,90876d346d92184e04f0090c7f3d21ab771224779cbd64236a8e7f4cc0357e70
monsterbox/bonelance.swf,duck,300,68,434,90876d346d92184e04f0090c7f3d21ab771224779cbd64236a8e7f4cc0357e70
monsterbox/bonelance.swf,def,200,68,434,90876d346d92184e04f0090c7f3d21ab771224779cbd64236a8e7f4cc0357e70
monsterbox/bonelance.swf,fall,434,68,434,90876d346d92184e04f0090c7f3d21ab771224779cbd64236a8e7f4cc0357e70
monsterbox/bonelance.swf,yun,200,68,434,90876d346d92184e04f0090c7f3d21ab771224779cbd64236a8e7f4cc0357e70
monsterbox/bonelance.swf,playit,167,68,434,90876d346d92184e04f0090c7f3d21ab771224779cbd64236a8e7f4cc0357e70
monsterbox/bonelance.swf,die,434,68,434,90876d346d92184e04f0090c7f3d21ab771224779cbd64236a8e7f4cc0357e70
monsterbox/bonelance.swf,nomalAtk,1734,68,434,90876d346d92184e04f0090c7f3d21ab771224779cbd64236a8e7f4cc0357e70
monsterbox/bonelance.swf,escapeReady,200,68,434,90876d346d92184e04f0090c7f3d21ab771224779cbd64236a8e7f4cc0357e70
monsterbox/bonelance.swf,escapeSuccess,567,68,434,90876d346d92184e04f0090c7f3d21ab771224779cbd64236a8e7f4cc0357e70
monsterbox/hadesrabbi.swf,battleStand,1786,72,536,4d8c5047cc5f369e89a679882c12c57c212bbafa922c86d22b5fa8de273b9754
monsterbox/hadesrabbi.swf,beAttack_0,215,72,536,4d8c5047cc5f369e89a679882c12c57c212bbafa922c86d22b5fa8de273b9754
monsterbox/hadesrabbi.swf,beAttack_1,215,72,536,4d8c5047cc5f369e89a679882c12c57c212bbafa922c86d22b5fa8de273b9754
monsterbox/hadesrabbi.swf,move,36,72,536,4d8c5047cc5f369e89a679882c12c57c212bbafa922c86d22b5fa8de273b9754
monsterbox/hadesrabbi.swf,back,36,72,536,4d8c5047cc5f369e89a679882c12c57c212bbafa922c86d22b5fa8de273b9754
monsterbox/hadesrabbi.swf,loadact,215,72,536,4d8c5047cc5f369e89a679882c12c57c212bbafa922c86d22b5fa8de273b9754
monsterbox/hadesrabbi.swf,useItem,1000,72,536,4d8c5047cc5f369e89a679882c12c57c212bbafa922c86d22b5fa8de273b9754
monsterbox/hadesrabbi.swf,duck,322,72,536,4d8c5047cc5f369e89a679882c12c57c212bbafa922c86d22b5fa8de273b9754
monsterbox/hadesrabbi.swf,def,215,72,536,4d8c5047cc5f369e89a679882c12c57c212bbafa922c86d22b5fa8de273b9754
monsterbox/hadesrabbi.swf,fall,536,72,536,4d8c5047cc5f369e89a679882c12c57c212bbafa922c86d22b5fa8de273b9754
monsterbox/hadesrabbi.swf,yun,215,72,536,4d8c5047cc5f369e89a679882c12c57c212bbafa922c86d22b5fa8de273b9754
monsterbox/hadesrabbi.swf,playit,179,72,536,4d8c5047cc5f369e89a679882c12c57c212bbafa922c86d22b5fa8de273b9754
monsterbox/hadesrabbi.swf,die,536,72,536,4d8c5047cc5f369e89a679882c12c57c212bbafa922c86d22b5fa8de273b9754
monsterbox/hadesrabbi.swf,nomalAtk,2358,72,536,4d8c5047cc5f369e89a679882c12c57c212bbafa922c86d22b5fa8de273b9754
monsterbox/hadesrabbi.swf,escapeReady,215,72,536,4d8c5047cc5f369e89a679882c12c57c212bbafa922c86d22b5fa8de273b9754
monsterbox/hadesrabbi.swf,escapeSuccess,608,72,536,4d8c5047cc5f369e89a679882c12c57c212bbafa922c86d22b5fa8de273b9754
monsterbox/dragonson.swf,battleStand,2143,72,750,68b8804a80aa9189b4d6481e052934b4ce5a62e83a854842a41142533a45c53b
monsterbox/dragonson.swf,beAttack_0,215,72,750,68b8804a80aa9189b4d6481e052934b4ce5a62e83a854842a41142533a45c53b
monsterbox/dragonson.swf,beAttack_1,215,72,750,68b8804a80aa9189b4d6481e052934b4ce5a62e83a854842a41142533a45c53b
monsterbox/dragonson.swf,move,36,72,750,68b8804a80aa9189b4d6481e052934b4ce5a62e83a854842a41142533a45c53b
monsterbox/dragonson.swf,back,36,72,750,68b8804a80aa9189b4d6481e052934b4ce5a62e83a854842a41142533a45c53b
monsterbox/dragonson.swf,loadact,215,72,750,68b8804a80aa9189b4d6481e052934b4ce5a62e83a854842a41142533a45c53b
monsterbox/dragonson.swf,useItem,1000,72,750,68b8804a80aa9189b4d6481e052934b4ce5a62e83a854842a41142533a45c53b
monsterbox/dragonson.swf,duck,322,72,750,68b8804a80aa9189b4d6481e052934b4ce5a62e83a854842a41142533a45c53b
monsterbox/dragonson.swf,def,215,72,750,68b8804a80aa9189b4d6481e052934b4ce5a62e83a854842a41142533a45c53b
monsterbox/dragonson.swf,fall,679,72,750,68b8804a80aa9189b4d6481e052934b4ce5a62e83a854842a41142533a45c53b
monsterbox/dragonson.swf,yun,215,72,750,68b8804a80aa9189b4d6481e052934b4ce5a62e83a854842a41142533a45c53b
monsterbox/dragonson.swf,playit,179,72,750,68b8804a80aa9189b4d6481e052934b4ce5a62e83a854842a41142533a45c53b
monsterbox/dragonson.swf,die,750,72,750,68b8804a80aa9189b4d6481e052934b4ce5a62e83a854842a41142533a45c53b
monsterbox/dragonson.swf,nomalAtk,1250,72,750,68b8804a80aa9189b4d6481e052934b4ce5a62e83a854842a41142533a45c53b
monsterbox/dragonson.swf,escapeReady,215,72,750,68b8804a80aa9189b4d6481e052934b4ce5a62e83a854842a41142533a45c53b
monsterbox/dragonson.swf,escapeSuccess,608,72,750,68b8804a80aa9189b4d6481e052934b4ce5a62e83a854842a41142533a45c53b
monsterbox/cracktoad.swf,battleStand,1965,430,536,c4e9989257e08154b23da9de845c77c9ef5737586c4fab70dfde0245974d7f54
monsterbox/cracktoad.swf,beAttack_0,215,430,536,c4e9989257e08154b23da9de845c77c9ef5737586c4fab70dfde0245974d7f54
monsterbox/cracktoad.swf,beAttack_1,215,430,536,c4e9989257e08154b23da9de845c77c9ef5737586c4fab70dfde0245974d7f54
monsterbox/cracktoad.swf,move,215,430,536,c4e9989257e08154b23da9de845c77c9ef5737586c4fab70dfde0245974d7f54
monsterbox/cracktoad.swf,back,215,430,536,c4e9989257e08154b23da9de845c77c9ef5737586c4fab70dfde0245974d7f54
monsterbox/cracktoad.swf,loadact,215,430,536,c4e9989257e08154b23da9de845c77c9ef5737586c4fab70dfde0245974d7f54
monsterbox/cracktoad.swf,useItem,1000,430,536,c4e9989257e08154b23da9de845c77c9ef5737586c4fab70dfde0245974d7f54
monsterbox/cracktoad.swf,duck,322,430,536,c4e9989257e08154b23da9de845c77c9ef5737586c4fab70dfde0245974d7f54
monsterbox/cracktoad.swf,def,215,430,536,c4e9989257e08154b23da9de845c77c9ef5737586c4fab70dfde0245974d7f54
monsterbox/cracktoad.swf,fall,536,430,536,c4e9989257e08154b23da9de845c77c9ef5737586c4fab70dfde0245974d7f54
monsterbox/cracktoad.swf,yun,215,430,536,c4e9989257e08154b23da9de845c77c9ef5737586c4fab70dfde0245974d7f54
monsterbox/cracktoad.swf,playit,179,430,536,c4e9989257e08154b23da9de845c77c9ef5737586c4fab70dfde0245974d7f54
monsterbox/cracktoad.swf,die,536,430,536,c4e9989257e08154b23da9de845c77c9ef5737586c4fab70dfde0245974d7f54
monsterbox/cracktoad.swf,nomalAtk,2108,430,536,c4e9989257e08154b23da9de845c77c9ef5737586c4fab70dfde0245974d7f54
monsterbox/cracktoad.swf,escapeReady,215,430,536,c4e9989257e08154b23da9de845c77c9ef5737586c4fab70dfde0245974d7f54
monsterbox/cracktoad.swf,escapeSuccess,608,430,536,c4e9989257e08154b23da9de845c77c9ef5737586c4fab70dfde0245974d7f54
monsterbox/crystalrock.swf,battleStand,893,430,465,3daa5aa59114534fcf3e72f13c416339904077a00609c1de7ed56c140df8d9c6
monsterbox/crystalrock.swf,beAttack_0,215,430,465,3daa5aa59114534fcf3e72f13c416339904077a00609c1de7ed56c140df8d9c6
monsterbox/crystalrock.swf,beAttack_1,215,430,465,3daa5aa59114534fcf3e72f13c416339904077a00609c1de7ed56c140df8d9c6
monsterbox/crystalrock.swf,move,215,430,465,3daa5aa59114534fcf3e72f13c416339904077a00609c1de7ed56c140df8d9c6
monsterbox/crystalrock.swf,back,215,430,465,3daa5aa59114534fcf3e72f13c416339904077a00609c1de7ed56c140df8d9c6
monsterbox/crystalrock.swf,loadact,215,430,465,3daa5aa59114534fcf3e72f13c416339904077a00609c1de7ed56c140df8d9c6
monsterbox/crystalrock.swf,useItem,1000,430,465,3daa5aa59114534fcf3e72f13c416339904077a00609c1de7ed56c140df8d9c6
monsterbox/crystalrock.swf,duck,322,430,465,3daa5aa59114534fcf3e72f13c416339904077a00609c1de7ed56c140df8d9c6
monsterbox/crystalrock.swf,def,215,430,465,3daa5aa59114534fcf3e72f13c416339904077a00609c1de7ed56c140df8d9c6
monsterbox/crystalrock.swf,fall,465,430,465,3daa5aa59114534fcf3e72f13c416339904077a00609c1de7ed56c140df8d9c6
monsterbox/crystalrock.swf,throw,215,430,465,3daa5aa59114534fcf3e72f13c416339904077a00609c1de7ed56c140df8d9c6
monsterbox/crystalrock.swf,yun,215,430,465,3daa5aa59114534fcf3e72f13c416339904077a00609c1de7ed56c140df8d9c6
monsterbox/crystalrock.swf,playit,179,430,465,3daa5aa59114534fcf3e72f13c416339904077a00609c1de7ed56c140df8d9c6
monsterbox/crystalrock.swf,die,465,430,465,3daa5aa59114534fcf3e72f13c416339904077a00609c1de7ed56c140df8d9c6
monsterbox/crystalrock.swf,nomalAtk,1572,430,465,3daa5aa59114534fcf3e72f13c416339904077a00609c1de7ed56c140df8d9c6
monsterbox/crystalrock.swf,escapeReady,215,430,465,3daa5aa59114534fcf3e72f13c416339904077a00609c1de7ed56c140df8d9c6
monsterbox/crystalrock.swf,escapeSuccess,608,430,465,3daa5aa59114534fcf3e72f13c416339904077a00609c1de7ed56c140df8d9c6
monsterbox/drughornets.swf,battleStand,24108,430,500,a51005d9cddf328d6f93abc38112300caae0d34158f56e3e050042de0abea737
monsterbox/drughornets.swf,beAttack_0,215,430,500,a51005d9cddf328d6f93abc38112300caae0d34158f56e3e050042de0abea737
monsterbox/drughornets.swf,beAttack_1,215,430,500,a51005d9cddf328d6f93abc38112300caae0d34158f56e3e050042de0abea737
monsterbox/drughornets.swf,move,215,430,500,a51005d9cddf328d6f93abc38112300caae0d34158f56e3e050042de0abea737
monsterbox/drughornets.swf,back,215,430,500,a51005d9cddf328d6f93abc38112300caae0d34158f56e3e050042de0abea737
monsterbox/drughornets.swf,loadact,215,430,500,a51005d9cddf328d6f93abc38112300caae0d34158f56e3e050042de0abea737
monsterbox/drughornets.swf,useItem,1000,430,500,a51005d9cddf328d6f93abc38112300caae0d34158f56e3e050042de0abea737
monsterbox/drughornets.swf,duck,322,430,500,a51005d9cddf328d6f93abc38112300caae0d34158f56e3e050042de0abea737
monsterbox/drughornets.swf,def,215,430,500,a51005d9cddf328d6f93abc38112300caae0d34158f56e3e050042de0abea737
monsterbox/drughornets.swf,fall,500,430,500,a51005d9cddf328d6f93abc38112300caae0d34158f56e3e050042de0abea737
monsterbox/drughornets.swf,yun,215,430,500,a51005d9cddf328d6f93abc38112300caae0d34158f56e3e050042de0abea737
monsterbox/drughornets.swf,playit,179,430,500,a51005d9cddf328d6f93abc38112300caae0d34158f56e3e050042de0abea737
monsterbox/drughornets.swf,die,500,430,500,a51005d9cddf328d6f93abc38112300caae0d34158f56e3e050042de0abea737
monsterbox/drughornets.swf,nomalAtk,1929,430,500,a51005d9cddf328d6f93abc38112300caae0d34158f56e3e050042de0abea737
monsterbox/drughornets.swf,escapeReady,215,430,500,a51005d9cddf328d6f93abc38112300caae0d34158f56e3e050042de0abea737
monsterbox/drughornets.swf,escapeSuccess,608,430,500,a51005d9cddf328d6f93abc38112300caae0d34158f56e3e050042de0abea737
monsterbox/hfcastellan.swf,battleStand,1608,430,572,58d05d97ce2e79ed937e700aa340626425461e235cfcafaa7ecb927f39c3304a
monsterbox/hfcastellan.swf,beAttack_0,215,430,572,58d05d97ce2e79ed937e700aa340626425461e235cfcafaa7ecb927f39c3304a
monsterbox/hfcastellan.swf,beAttack_1,215,430,572,58d05d97ce2e79ed937e700aa340626425461e235cfcafaa7ecb927f39c3304a
monsterbox/hfcastellan.swf,move,215,430,572,58d05d97ce2e79ed937e700aa340626425461e235cfcafaa7ecb927f39c3304a
monsterbox/hfcastellan.swf,back,215,430,572,58d05d97ce2e79ed937e700aa340626425461e235cfcafaa7ecb927f39c3304a
monsterbox/hfcastellan.swf,loadact,215,430,572,58d05d97ce2e79ed937e700aa340626425461e235cfcafaa7ecb927f39c3304a
monsterbox/hfcastellan.swf,useItem,1000,430,572,58d05d97ce2e79ed937e700aa340626425461e235cfcafaa7ecb927f39c3304a
monsterbox/hfcastellan.swf,duck,322,430,572,58d05d97ce2e79ed937e700aa340626425461e235cfcafaa7ecb927f39c3304a
monsterbox/hfcastellan.swf,def,215,430,572,58d05d97ce2e79ed937e700aa340626425461e235cfcafaa7ecb927f39c3304a
monsterbox/hfcastellan.swf,fall,572,430,572,58d05d97ce2e79ed937e700aa340626425461e235cfcafaa7ecb927f39c3304a
monsterbox/hfcastellan.swf,yun,215,430,572,58d05d97ce2e79ed937e700aa340626425461e235cfcafaa7ecb927f39c3304a
monsterbox/hfcastellan.swf,playit,179,430,572,58d05d97ce2e79ed937e700aa340626425461e235cfcafaa7ecb927f39c3304a
monsterbox/hfcastellan.swf,die,572,430,572,58d05d97ce2e79ed937e700aa340626425461e235cfcafaa7ecb927f39c3304a
monsterbox/hfcastellan.swf,nomalAtk,1715,430,572,58d05d97ce2e79ed937e700aa340626425461e235cfcafaa7ecb927f39c3304a
monsterbox/hfcastellan.swf,escapeReady,215,430,572,58d05d97ce2e79ed937e700aa340626425461e235cfcafaa7ecb927f39c3304a
monsterbox/hfcastellan.swf,escapeSuccess,608,430,572,58d05d97ce2e79ed937e700aa340626425461e235cfcafaa7ecb927f39c3304a
monsterbox/hflady.swf,battleStand,1608,430,536,dd12e760a7961a852a23536f8d85d27ed5bd2a87bbbbdd81f39b6223ed8d9448
monsterbox/hflady.swf,beAttack_0,215,430,536,dd12e760a7961a852a23536f8d85d27ed5bd2a87bbbbdd81f39b6223ed8d9448
monsterbox/hflady.swf,beAttack_1,215,430,536,dd12e760a7961a852a23536f8d85d27ed5bd2a87bbbbdd81f39b6223ed8d9448
monsterbox/hflady.swf,move,215,430,536,dd12e760a7961a852a23536f8d85d27ed5bd2a87bbbbdd81f39b6223ed8d9448
monsterbox/hflady.swf,back,215,430,536,dd12e760a7961a852a23536f8d85d27ed5bd2a87bbbbdd81f39b6223ed8d9448
monsterbox/hflady.swf,loadact,215,430,536,dd12e760a7961a852a23536f8d85d27ed5bd2a87bbbbdd81f39b6223ed8d9448
monsterbox/hflady.swf,useItem,1000,430,536,dd12e760a7961a852a23536f8d85d27ed5bd2a87bbbbdd81f39b6223ed8d9448
monsterbox/hflady.swf,duck,322,430,536,dd12e760a7961a852a23536f8d85d27ed5bd2a87bbbbdd81f39b6223ed8d9448
monsterbox/hflady.swf,def,215,430,536,dd12e760a7961a852a23536f8d85d27ed5bd2a87bbbbdd81f39b6223ed8d9448
monsterbox/hflady.swf,fall,536,430,536,dd12e760a7961a852a23536f8d85d27ed5bd2a87bbbbdd81f39b6223ed8d9448
monsterbox/hflady.swf,yun,215,430,536,dd12e760a7961a852a23536f8d85d27ed5bd2a87bbbbdd81f39b6223ed8d9448
monsterbox/hflady.swf,playit,179,430,536,dd12e760a7961a852a23536f8d85d27ed5bd2a87bbbbdd81f39b6223ed8d9448
monsterbox/hflady.swf,die,536,430,536,dd12e760a7961a852a23536f8d85d27ed5bd2a87bbbbdd81f39b6223ed8d9448
monsterbox/hflady.swf,nomalAtk,2322,430,536,dd12e760a7961a852a23536f8d85d27ed5bd2a87bbbbdd81f39b6223ed8d9448
monsterbox/hflady.swf,escapeReady,215,430,536,dd12e760a7961a852a23536f8d85d27ed5bd2a87bbbbdd81f39b6223ed8d9448
monsterbox/hflady.swf,escapeSuccess,608,430,536,dd12e760a7961a852a23536f8d85d27ed5bd2a87bbbbdd81f39b6223ed8d9448
monsterbox/hfscastellan.swf,battleStand,1393,430,465,3926e1b63ed32387e07589f4de104a4d130847631314ba817e65145eeb0029f4
monsterbox/hfscastellan.swf,beAttack_0,215,430,465,3926e1b63ed32387e07589f4de104a4d130847631314ba817e65145eeb0029f4
monsterbox/hfscastellan.swf,beAttack_1,215,430,465,3926e1b63ed32387e07589f4de104a4d130847631314ba817e65145eeb0029f4
monsterbox/hfscastellan.swf,move,215,430,465,3926e1b63ed32387e07589f4de104a4d130847631314ba817e65145eeb0029f4
monsterbox/hfscastellan.swf,back,215,430,465,3926e1b63ed32387e07589f4de104a4d130847631314ba817e65145eeb0029f4
monsterbox/hfscastellan.swf,loadact,215,430,465,3926e1b63ed32387e07589f4de104a4d130847631314ba817e65145eeb0029f4
monsterbox/hfscastellan.swf,useItem,1000,430,465,3926e1b63ed32387e07589f4de104a4d130847631314ba817e65145eeb0029f4
monsterbox/hfscastellan.swf,duck,322,430,465,3926e1b63ed32387e07589f4de104a4d130847631314ba817e65145eeb0029f4
monsterbox/hfscastellan.swf,def,215,430,465,3926e1b63ed32387e07589f4de104a4d130847631314ba817e65145eeb0029f4
monsterbox/hfscastellan.swf,fall,465,430,465,3926e1b63ed32387e07589f4de104a4d130847631314ba817e65145eeb0029f4
monsterbox/hfscastellan.swf,yun,215,430,465,3926e1b63ed32387e07589f4de104a4d130847631314ba817e65145eeb0029f4
monsterbox/hfscastellan.swf,playit,179,430,465,3926e1b63ed32387e07589f4de104a4d130847631314ba817e65145eeb0029f4
monsterbox/hfscastellan.swf,die,465,430,465,3926e1b63ed32387e07589f4de104a4d130847631314ba817e65145eeb0029f4
monsterbox/hfscastellan.swf,nomalAtk,1822,430,465,3926e1b63ed32387e07589f4de104a4d130847631314ba817e65145eeb0029f4
monsterbox/hfscastellan.swf,escapeReady,215,430,465,3926e1b63ed32387e07589f4de104a4d130847631314ba817e65145eeb0029f4
monsterbox/hfscastellan.swf,escapeSuccess,608,430,465,3926e1b63ed32387e07589f4de104a4d130847631314ba817e65145eeb0029f4
monsterbox/beequeen.swf,battleStand,1400,400,967,f2f449d3d531703cc658b9201a5f441942086e446cad33604319a516f3f9edc6
monsterbox/beequeen.swf,beAttack_0,200,400,967,f2f449d3d531703cc658b9201a5f441942086e446cad33604319a516f3f9edc6
monsterbox/beequeen.swf,beAttack_1,200,400,967,f2f449d3d531703cc658b9201a5f441942086e446cad33604319a516f3f9edc6
monsterbox/beequeen.swf,move,200,400,967,f2f449d3d531703cc658b9201a5f441942086e446cad33604319a516f3f9edc6
monsterbox/beequeen.swf,back,200,400,967,f2f449d3d531703cc658b9201a5f441942086e446cad33604319a516f3f9edc6
monsterbox/beequeen.swf,loadact,200,400,967,f2f449d3d531703cc658b9201a5f441942086e446cad33604319a516f3f9edc6
monsterbox/beequeen.swf,useItem,934,400,967,f2f449d3d531703cc658b9201a5f441942086e446cad33604319a516f3f9edc6
monsterbox/beequeen.swf,duck,300,400,967,f2f449d3d531703cc658b9201a5f441942086e446cad33604319a516f3f9edc6
monsterbox/beequeen.swf,def,200,400,967,f2f449d3d531703cc658b9201a5f441942086e446cad33604319a516f3f9edc6
monsterbox/beequeen.swf,fall,967,400,967,f2f449d3d531703cc658b9201a5f441942086e446cad33604319a516f3f9edc6
monsterbox/beequeen.swf,yun,200,400,967,f2f449d3d531703cc658b9201a5f441942086e446cad33604319a516f3f9edc6
monsterbox/beequeen.swf,playit,167,400,967,f2f449d3d531703cc658b9201a5f441942086e446cad33604319a516f3f9edc6
monsterbox/beequeen.swf,die,967,400,967,f2f449d3d531703cc658b9201a5f441942086e446cad33604319a516f3f9edc6
monsterbox/beequeen.swf,nomalAtk,1634,400,967,f2f449d3d531703cc658b9201a5f441942086e446cad33604319a516f3f9edc6
monsterbox/beequeen.swf,escapeReady,200,400,967,f2f449d3d531703cc658b9201a5f441942086e446cad33604319a516f3f9edc6
monsterbox/beequeen.swf,escapeSuccess,567,400,967,f2f449d3d531703cc658b9201a5f441942086e446cad33604319a516f3f9edc6
monsterbox/forestspider.swf,battleStand,786,430,215,7d03c327a929e569f476610424be951c8678ab9623df93efa8aa3222c29d96f7
monsterbox/forestspider.swf,beAttack_0,215,430,215,7d03c327a929e569f476610424be951c8678ab9623df93efa8aa3222c29d96f7
monsterbox/forestspider.swf,beAttack_1,215,430,215,7d03c327a929e569f476610424be951c8678ab9623df93efa8aa3222c29d96f7
monsterbox/forestspider.swf,move,215,430,215,7d03c327a929e569f476610424be951c8678ab9623df93efa8aa3222c29d96f7
monsterbox/forestspider.swf,back,215,430,215,7d03c327a929e569f476610424be951c8678ab9623df93efa8aa3222c29d96f7
monsterbox/forestspider.swf,loadact,215,430,215,7d03c327a929e569f476610424be951c8678ab9623df93efa8aa3222c29d96f7
monsterbox/forestspider.swf,useItem,465,430,215,7d03c327a929e569f476610424be951c8678ab9623df93efa8aa3222c29d96f7
monsterbox/forestspider.swf,duck,322,430,215,7d03c327a929e569f476610424be951c8678ab9623df93efa8aa3222c29d96f7
monsterbox/forestspider.swf,def,215,430,215,7d03c327a929e569f476610424be951c8678ab9623df93efa8aa3222c29d96f7
monsterbox/forestspider.swf,fall,215,430,215,7d03c327a929e569f476610424be951c8678ab9623df93efa8aa3222c29d96f7
monsterbox/forestspider.swf,throw,215,430,215,7d03c327a929e569f476610424be951c8678ab9623df93efa8aa3222c29d96f7
monsterbox/forestspider.swf,yun,215,430,215,7d03c327a929e569f476610424be951c8678ab9623df93efa8aa3222c29d96f7
monsterbox/forestspider.swf,playit,179,430,215,7d03c327a929e569f476610424be951c8678ab9623df93efa8aa3222c29d96f7
monsterbox/forestspider.swf,die,215,430,215,7d03c327a929e569f476610424be951c8678ab9623df93efa8aa3222c29d96f7
monsterbox/forestspider.swf,nomalAtk,1179,430,215,7d03c327a929e569f476610424be951c8678ab9623df93efa8aa3222c29d96f7
monsterbox/forestspider.swf,escapeReady,215,430,215,7d03c327a929e569f476610424be951c8678ab9623df93efa8aa3222c29d96f7
monsterbox/forestspider.swf,escapeSuccess,608,430,215,7d03c327a929e569f476610424be951c8678ab9623df93efa8aa3222c29d96f7
monsterbox/flowerking.swf,battleStand,10000,430,429,d9d9b3544a00033c167a516a27000d85aba34e470ff4f65ac46ae4078915e97f
monsterbox/flowerking.swf,beAttack_0,215,430,429,d9d9b3544a00033c167a516a27000d85aba34e470ff4f65ac46ae4078915e97f
monsterbox/flowerking.swf,beAttack_1,215,430,429,d9d9b3544a00033c167a516a27000d85aba34e470ff4f65ac46ae4078915e97f
monsterbox/flowerking.swf,move,215,430,429,d9d9b3544a00033c167a516a27000d85aba34e470ff4f65ac46ae4078915e97f
monsterbox/flowerking.swf,back,215,430,429,d9d9b3544a00033c167a516a27000d85aba34e470ff4f65ac46ae4078915e97f
monsterbox/flowerking.swf,loadact,215,430,429,d9d9b3544a00033c167a516a27000d85aba34e470ff4f65ac46ae4078915e97f
monsterbox/flowerking.swf,useItem,1000,430,429,d9d9b3544a00033c167a516a27000d85aba34e470ff4f65ac46ae4078915e97f
monsterbox/flowerking.swf,duck,322,430,429,d9d9b3544a00033c167a516a27000d85aba34e470ff4f65ac46ae4078915e97f
monsterbox/flowerking.swf,def,215,430,429,d9d9b3544a00033c167a516a27000d85aba34e470ff4f65ac46ae4078915e97f
monsterbox/flowerking.swf,fall,429,430,429,d9d9b3544a00033c167a516a27000d85aba34e470ff4f65ac46ae4078915e97f
monsterbox/flowerking.swf,yun,215,430,429,d9d9b3544a00033c167a516a27000d85aba34e470ff4f65ac46ae4078915e97f
monsterbox/flowerking.swf,playit,179,430,429,d9d9b3544a00033c167a516a27000d85aba34e470ff4f65ac46ae4078915e97f
monsterbox/flowerking.swf,die,429,430,429,d9d9b3544a00033c167a516a27000d85aba34e470ff4f65ac46ae4078915e97f
monsterbox/flowerking.swf,nomalAtk,2143,430,429,d9d9b3544a00033c167a516a27000d85aba34e470ff4f65ac46ae4078915e97f
monsterbox/flowerking.swf,escapeReady,215,430,429,d9d9b3544a00033c167a516a27000d85aba34e470ff4f65ac46ae4078915e97f
monsterbox/flowerking.swf,escapeSuccess,608,430,429,d9d9b3544a00033c167a516a27000d85aba34e470ff4f65ac46ae4078915e97f
monsterbox/goldcayman.swf,battleStand,30715,430,358,24573c93d8b6fe6bc52d924241ad4e40e9d6ae8231863a66845fce29f9c47d37
monsterbox/goldcayman.swf,beAttack_0,215,430,358,24573c93d8b6fe6bc52d924241ad4e40e9d6ae8231863a66845fce29f9c47d37
monsterbox/goldcayman.swf,beAttack_1,215,430,358,24573c93d8b6fe6bc52d924241ad4e40e9d6ae8231863a66845fce29f9c47d37
monsterbox/goldcayman.swf,move,215,430,358,24573c93d8b6fe6bc52d924241ad4e40e9d6ae8231863a66845fce29f9c47d37
monsterbox/goldcayman.swf,back,215,430,358,24573c93d8b6fe6bc52d924241ad4e40e9d6ae8231863a66845fce29f9c47d37
monsterbox/goldcayman.swf,loadact,215,430,358,24573c93d8b6fe6bc52d924241ad4e40e9d6ae8231863a66845fce29f9c47d37
monsterbox/goldcayman.swf,useItem,1000,430,358,24573c93d8b6fe6bc52d924241ad4e40e9d6ae8231863a66845fce29f9c47d37
monsterbox/goldcayman.swf,duck,322,430,358,24573c93d8b6fe6bc52d924241ad4e40e9d6ae8231863a66845fce29f9c47d37
monsterbox/goldcayman.swf,def,215,430,358,24573c93d8b6fe6bc52d924241ad4e40e9d6ae8231863a66845fce29f9c47d37
monsterbox/goldcayman.swf,fall,358,430,358,24573c93d8b6fe6bc52d924241ad4e40e9d6ae8231863a66845fce29f9c47d37
monsterbox/goldcayman.swf,yun,215,430,358,24573c93d8b6fe6bc52d924241ad4e40e9d6ae8231863a66845fce29f9c47d37
monsterbox/goldcayman.swf,playit,179,430,358,24573c93d8b6fe6bc52d924241ad4e40e9d6ae8231863a66845fce29f9c47d37
monsterbox/goldcayman.swf,die,358,430,358,24573c93d8b6fe6bc52d924241ad4e40e9d6ae8231863a66845fce29f9c47d37
monsterbox/goldcayman.swf,nomalAtk,1929,430,358,24573c93d8b6fe6bc52d924241ad4e40e9d6ae8231863a66845fce29f9c47d37
monsterbox/goldcayman.swf,escapeReady,215,430,358,24573c93d8b6fe6bc52d924241ad4e40e9d6ae8231863a66845fce29f9c47d37
monsterbox/goldcayman.swf,escapeSuccess,608,430,358,24573c93d8b6fe6bc52d924241ad4e40e9d6ae8231863a66845fce29f9c47d37
monsterbox/greenmantis.swf,battleStand,27679,430,465,e669988f4a5e74580d7c24d321755bf923353aaf73db96a9ac7d9810cf2cabbe
monsterbox/greenmantis.swf,beAttack_0,215,430,465,e669988f4a5e74580d7c24d321755bf923353aaf73db96a9ac7d9810cf2cabbe
monsterbox/greenmantis.swf,beAttack_1,215,430,465,e669988f4a5e74580d7c24d321755bf923353aaf73db96a9ac7d9810cf2cabbe
monsterbox/greenmantis.swf,move,215,430,465,e669988f4a5e74580d7c24d321755bf923353aaf73db96a9ac7d9810cf2cabbe
monsterbox/greenmantis.swf,back,215,430,465,e669988f4a5e74580d7c24d321755bf923353aaf73db96a9ac7d9810cf2cabbe
monsterbox/greenmantis.swf,loadact,215,430,465,e669988f4a5e74580d7c24d321755bf923353aaf73db96a9ac7d9810cf2cabbe
monsterbox/greenmantis.swf,useItem,1000,430,465,e669988f4a5e74580d7c24d321755bf923353aaf73db96a9ac7d9810cf2cabbe
monsterbox/greenmantis.swf,duck,322,430,465,e669988f4a5e74580d7c24d321755bf923353aaf73db96a9ac7d9810cf2cabbe
monsterbox/greenmantis.swf,def,215,430,465,e669988f4a5e74580d7c24d321755bf923353aaf73db96a9ac7d9810cf2cabbe
monsterbox/greenmantis.swf,fall,465,430,465,e669988f4a5e74580d7c24d321755bf923353aaf73db96a9ac7d9810cf2cabbe
monsterbox/greenmantis.swf,yun,215,430,465,e669988f4a5e74580d7c24d321755bf923353aaf73db96a9ac7d9810cf2cabbe
monsterbox/greenmantis.swf,playit,179,430,465,e669988f4a5e74580d7c24d321755bf923353aaf73db96a9ac7d9810cf2cabbe
monsterbox/greenmantis.swf,die,465,430,465,e669988f4a5e74580d7c24d321755bf923353aaf73db96a9ac7d9810cf2cabbe
monsterbox/greenmantis.swf,nomalAtk,1072,430,465,e669988f4a5e74580d7c24d321755bf923353aaf73db96a9ac7d9810cf2cabbe
monsterbox/greenmantis.swf,escapeReady,215,430,465,e669988f4a5e74580d7c24d321755bf923353aaf73db96a9ac7d9810cf2cabbe
monsterbox/greenmantis.swf,escapeSuccess,608,430,465,e669988f4a5e74580d7c24d321755bf923353aaf73db96a9ac7d9810cf2cabbe
monsterbox/graywolf.swf,battleStand,643,430,215,6f40b4262a5d4378434d525fb69d062d4935d285544e3216d17e2cf963a13280
monsterbox/graywolf.swf,beAttack_0,215,430,215,6f40b4262a5d4378434d525fb69d062d4935d285544e3216d17e2cf963a13280
monsterbox/graywolf.swf,beAttack_1,215,430,215,6f40b4262a5d4378434d525fb69d062d4935d285544e3216d17e2cf963a13280
monsterbox/graywolf.swf,move,215,430,215,6f40b4262a5d4378434d525fb69d062d4935d285544e3216d17e2cf963a13280
monsterbox/graywolf.swf,back,215,430,215,6f40b4262a5d4378434d525fb69d062d4935d285544e3216d17e2cf963a13280
monsterbox/graywolf.swf,loadact,215,430,215,6f40b4262a5d4378434d525fb69d062d4935d285544e3216d17e2cf963a13280
monsterbox/graywolf.swf,useItem,858,430,215,6f40b4262a5d4378434d525fb69d062d4935d285544e3216d17e2cf963a13280
monsterbox/graywolf.swf,duck,322,430,215,6f40b4262a5d4378434d525fb69d062d4935d285544e3216d17e2cf963a13280
monsterbox/graywolf.swf,def,215,430,215,6f40b4262a5d4378434d525fb69d062d4935d285544e3216d17e2cf963a13280
monsterbox/graywolf.swf,fall,215,430,215,6f40b4262a5d4378434d525fb69d062d4935d285544e3216d17e2cf963a13280
monsterbox/graywolf.swf,throw,215,430,215,6f40b4262a5d4378434d525fb69d062d4935d285544e3216d17e2cf963a13280
monsterbox/graywolf.swf,yun,215,430,215,6f40b4262a5d4378434d525fb69d062d4935d285544e3216d17e2cf963a13280
monsterbox/graywolf.swf,playit,179,430,215,6f40b4262a5d4378434d525fb69d062d4935d285544e3216d17e2cf963a13280
monsterbox/graywolf.swf,die,215,430,215,6f40b4262a5d4378434d525fb69d062d4935d285544e3216d17e2cf963a13280
monsterbox/graywolf.swf,nomalAtk,1250,430,215,6f40b4262a5d4378434d525fb69d062d4935d285544e3216d17e2cf963a13280
monsterbox/graywolf.swf,escapeReady,215,430,215,6f40b4262a5d4378434d525fb69d062d4935d285544e3216d17e2cf963a13280
monsterbox/graywolf.swf,escapeSuccess,500,430,215,6f40b4262a5d4378434d525fb69d062d4935d285544e3216d17e2cf963a13280
monsterbox/huayao.swf,battleStand,822,430,465,832624edd74fc6ac6a8e551f61719da2bd9ef7113c7c2ef5af8f237edd085edd
monsterbox/huayao.swf,beAttack_0,215,430,465,832624edd74fc6ac6a8e551f61719da2bd9ef7113c7c2ef5af8f237edd085edd
monsterbox/huayao.swf,beAttack_1,215,430,465,832624edd74fc6ac6a8e551f61719da2bd9ef7113c7c2ef5af8f237edd085edd
monsterbox/huayao.swf,move,215,430,465,832624edd74fc6ac6a8e551f61719da2bd9ef7113c7c2ef5af8f237edd085edd
monsterbox/huayao.swf,back,215,430,465,832624edd74fc6ac6a8e551f61719da2bd9ef7113c7c2ef5af8f237edd085edd
monsterbox/huayao.swf,loadact,215,430,465,832624edd74fc6ac6a8e551f61719da2bd9ef7113c7c2ef5af8f237edd085edd
monsterbox/huayao.swf,useItem,465,430,465,832624edd74fc6ac6a8e551f61719da2bd9ef7113c7c2ef5af8f237edd085edd
monsterbox/huayao.swf,duck,322,430,465,832624edd74fc6ac6a8e551f61719da2bd9ef7113c7c2ef5af8f237edd085edd
monsterbox/huayao.swf,def,215,430,465,832624edd74fc6ac6a8e551f61719da2bd9ef7113c7c2ef5af8f237edd085edd
monsterbox/huayao.swf,fall,465,430,465,832624edd74fc6ac6a8e551f61719da2bd9ef7113c7c2ef5af8f237edd085edd
monsterbox/huayao.swf,throw,215,430,465,832624edd74fc6ac6a8e551f61719da2bd9ef7113c7c2ef5af8f237edd085edd
monsterbox/huayao.swf,yun,215,430,465,832624edd74fc6ac6a8e551f61719da2bd9ef7113c7c2ef5af8f237edd085edd
monsterbox/huayao.swf,playit,179,430,465,832624edd74fc6ac6a8e551f61719da2bd9ef7113c7c2ef5af8f237edd085edd
monsterbox/huayao.swf,die,465,430,465,832624edd74fc6ac6a8e551f61719da2bd9ef7113c7c2ef5af8f237edd085edd
monsterbox/huayao.swf,nomalAtk,1143,430,465,832624edd74fc6ac6a8e551f61719da2bd9ef7113c7c2ef5af8f237edd085edd
monsterbox/huayao.swf,escapeReady,215,430,465,832624edd74fc6ac6a8e551f61719da2bd9ef7113c7c2ef5af8f237edd085edd
monsterbox/huayao.swf,escapeSuccess,608,430,465,832624edd74fc6ac6a8e551f61719da2bd9ef7113c7c2ef5af8f237edd085edd
monsterbox/incantationshaman.swf,battleStand,1786,430,536,9fc41d921db49d103f35a10142e09f6a7f0642b5639fd9fefd5ad1f14af5d8d0
monsterbox/incantationshaman.swf,beAttack_0,215,430,536,9fc41d921db49d103f35a10142e09f6a7f0642b5639fd9fefd5ad1f14af5d8d0
monsterbox/incantationshaman.swf,beAttack_1,215,430,536,9fc41d921db49d103f35a10142e09f6a7f0642b5639fd9fefd5ad1f14af5d8d0
monsterbox/incantationshaman.swf,move,215,430,536,9fc41d921db49d103f35a10142e09f6a7f0642b5639fd9fefd5ad1f14af5d8d0
monsterbox/incantationshaman.swf,back,215,430,536,9fc41d921db49d103f35a10142e09f6a7f0642b5639fd9fefd5ad1f14af5d8d0
monsterbox/incantationshaman.swf,loadact,215,430,536,9fc41d921db49d103f35a10142e09f6a7f0642b5639fd9fefd5ad1f14af5d8d0
monsterbox/incantationshaman.swf,useItem,1000,430,536,9fc41d921db49d103f35a10142e09f6a7f0642b5639fd9fefd5ad1f14af5d8d0
monsterbox/incantationshaman.swf,duck,322,430,536,9fc41d921db49d103f35a10142e09f6a7f0642b5639fd9fefd5ad1f14af5d8d0
monsterbox/incantationshaman.swf,def,215,430,536,9fc41d921db49d103f35a10142e09f6a7f0642b5639fd9fefd5ad1f14af5d8d0
monsterbox/incantationshaman.swf,fall,536,430,536,9fc41d921db49d103f35a10142e09f6a7f0642b5639fd9fefd5ad1f14af5d8d0
monsterbox/incantationshaman.swf,yun,215,430,536,9fc41d921db49d103f35a10142e09f6a7f0642b5639fd9fefd5ad1f14af5d8d0
monsterbox/incantationshaman.swf,playit,179,430,536,9fc41d921db49d103f35a10142e09f6a7f0642b5639fd9fefd5ad1f14af5d8d0
monsterbox/incantationshaman.swf,die,536,430,536,9fc41d921db49d103f35a10142e09f6a7f0642b5639fd9fefd5ad1f14af5d8d0
monsterbox/incantationshaman.swf,nomalAtk,2072,430,536,9fc41d921db49d103f35a10142e09f6a7f0642b5639fd9fefd5ad1f14af5d8d0
monsterbox/incantationshaman.swf,escapeReady,215,430,536,9fc41d921db49d103f35a10142e09f6a7f0642b5639fd9fefd5ad1f14af5d8d0
monsterbox/incantationshaman.swf,escapeSuccess,608,430,536,9fc41d921db49d103f35a10142e09f6a7f0642b5639fd9fefd5ad1f14af5d8d0
monsterbox/jdby.swf,battleStand,1179,430,679,963b3c67bf13d6e65e41fbea500a37f2c6d17c44ead24155d8dfe826a27963f3
monsterbox/jdby.swf,beAttack_0,215,430,679,963b3c67bf13d6e65e41fbea500a37f2c6d17c44ead24155d8dfe826a27963f3
monsterbox/jdby.swf,beAttack_1,215,430,679,963b3c67bf13d6e65e41fbea500a37f2c6d17c44ead24155d8dfe826a27963f3
monsterbox/jdby.swf,move,215,430,679,963b3c67bf13d6e65e41fbea500a37f2c6d17c44ead24155d8dfe826a27963f3
monsterbox/jdby.swf,back,215,430,679,963b3c67bf13d6e65e41fbea500a37f2c6d17c44ead24155d8dfe826a27963f3
monsterbox/jdby.swf,loadact,215,430,679,963b3c67bf13d6e65e41fbea500a37f2c6d17c44ead24155d8dfe826a27963f3
monsterbox/jdby.swf,useItem,1036,430,679,963b3c67bf13d6e65e41fbea500a37f2c6d17c44ead24155d8dfe826a27963f3
monsterbox/jdby.swf,duck,322,430,679,963b3c67bf13d6e65e41fbea500a37f2c6d17c44ead24155d8dfe826a27963f3
monsterbox/jdby.swf,def,215,430,679,963b3c67bf13d6e65e41fbea500a37f2c6d17c44ead24155d8dfe826a27963f3
monsterbox/jdby.swf,fall,679,430,679,963b3c67bf13d6e65e41fbea500a37f2c6d17c44ead24155d8dfe826a27963f3
monsterbox/jdby.swf,throw,215,430,679,963b3c67bf13d6e65e41fbea500a37f2c6d17c44ead24155d8dfe826a27963f3
monsterbox/jdby.swf,yun,215,430,679,963b3c67bf13d6e65e41fbea500a37f2c6d17c44ead24155d8dfe826a27963f3
monsterbox/jdby.swf,playit,179,430,679,963b3c67bf13d6e65e41fbea500a37f2c6d17c44ead24155d8dfe826a27963f3
monsterbox/jdby.swf,die,679,430,679,963b3c67bf13d6e65e41fbea500a37f2c6d17c44ead24155d8dfe826a27963f3
monsterbox/jdby.swf,nomalAtk,1393,430,679,963b3c67bf13d6e65e41fbea500a37f2c6d17c44ead24155d8dfe826a27963f3
monsterbox/jdby.swf,escapeReady,215,430,679,963b3c67bf13d6e65e41fbea500a37f2c6d17c44ead24155d8dfe826a27963f3
monsterbox/jdby.swf,escapeSuccess,608,430,679,963b3c67bf13d6e65e41fbea500a37f2c6d17c44ead24155d8dfe826a27963f3
monsterbox/jumpboo.swf,battleStand,45000,430,679,32250c5d9b121683b72ed1b6f65bcef0ca4139c0fd728abf08528b4a40f3872b
monsterbox/jumpboo.swf,beAttack_0,215,430,679,32250c5d9b121683b72ed1b6f65bcef0ca4139c0fd728abf08528b4a40f3872b
monsterbox/jumpboo.swf,beAttack_1,215,430,679,32250c5d9b121683b72ed1b6f65bcef0ca4139c0fd728abf08528b4a40f3872b
monsterbox/jumpboo.swf,move,215,430,679,32250c5d9b121683b72ed1b6f65bcef0ca4139c0fd728abf08528b4a40f3872b
monsterbox/jumpboo.swf,back,215,430,679,32250c5d9b121683b72ed1b6f65bcef0ca4139c0fd728abf08528b4a40f3872b
monsterbox/jumpboo.swf,loadact,215,430,679,32250c5d9b121683b72ed1b6f65bcef0ca4139c0fd728abf08528b4a40f3872b
monsterbox/jumpboo.swf,useItem,1000,430,679,32250c5d9b121683b72ed1b6f65bcef0ca4139c0fd728abf08528b4a40f3872b
monsterbox/jumpboo.swf,duck,322,430,679,32250c5d9b121683b72ed1b6f65bcef0ca4139c0fd728abf08528b4a40f3872b
monsterbox/jumpboo.swf,def,215,430,679,32250c5d9b121683b72ed1b6f65bcef0ca4139c0fd728abf08528b4a40f3872b
monsterbox/jumpboo.swf,fall,679,430,679,32250c5d9b121683b72ed1b6f65bcef0ca4139c0fd728abf08528b4a40f3872b
monsterbox/jumpboo.swf,throw,215,430,679,32250c5d9b121683b72ed1b6f65bcef0ca4139c0fd728abf08528b4a40f3872b
monsterbox/jumpboo.swf,yun,215,430,679,32250c5d9b121683b72ed1b6f65bcef0ca4139c0fd728abf08528b4a40f3872b
monsterbox/jumpboo.swf,playit,179,430,679,32250c5d9b121683b72ed1b6f65bcef0ca4139c0fd728abf08528b4a40f3872b
monsterbox/jumpboo.swf,die,679,430,679,32250c5d9b121683b72ed1b6f65bcef0ca4139c0fd728abf08528b4a40f3872b
monsterbox/jumpboo.swf,nomalAtk,2036,430,679,32250c5d9b121683b72ed1b6f65bcef0ca4139c0fd728abf08528b4a40f3872b
monsterbox/jumpboo.swf,a2,1643,430,679,32250c5d9b121683b72ed1b6f65bcef0ca4139c0fd728abf08528b4a40f3872b
monsterbox/jumpboo.swf,escapeReady,215,430,679,32250c5d9b121683b72ed1b6f65bcef0ca4139c0fd728abf08528b4a40f3872b
monsterbox/jumpboo.swf,escapeSuccess,608,430,679,32250c5d9b121683b72ed1b6f65bcef0ca4139c0fd728abf08528b4a40f3872b
monsterbox/kinfemantis.swf,battleStand,1286,430,500,20e276c1338b997a6d4642a43ee0f3bedda3d61a3c0ba26a1d2aabc7b26aa107
monsterbox/kinfemantis.swf,beAttack_0,215,430,500,20e276c1338b997a6d4642a43ee0f3bedda3d61a3c0ba26a1d2aabc7b26aa107
monsterbox/kinfemantis.swf,beAttack_1,215,430,500,20e276c1338b997a6d4642a43ee0f3bedda3d61a3c0ba26a1d2aabc7b26aa107
monsterbox/kinfemantis.swf,move,215,430,500,20e276c1338b997a6d4642a43ee0f3bedda3d61a3c0ba26a1d2aabc7b26aa107
monsterbox/kinfemantis.swf,back,215,430,500,20e276c1338b997a6d4642a43ee0f3bedda3d61a3c0ba26a1d2aabc7b26aa107
monsterbox/kinfemantis.swf,loadact,215,430,500,20e276c1338b997a6d4642a43ee0f3bedda3d61a3c0ba26a1d2aabc7b26aa107
monsterbox/kinfemantis.swf,useItem,1000,430,500,20e276c1338b997a6d4642a43ee0f3bedda3d61a3c0ba26a1d2aabc7b26aa107
monsterbox/kinfemantis.swf,duck,322,430,500,20e276c1338b997a6d4642a43ee0f3bedda3d61a3c0ba26a1d2aabc7b26aa107
monsterbox/kinfemantis.swf,def,215,430,500,20e276c1338b997a6d4642a43ee0f3bedda3d61a3c0ba26a1d2aabc7b26aa107
monsterbox/kinfemantis.swf,fall,500,430,500,20e276c1338b997a6d4642a43ee0f3bedda3d61a3c0ba26a1d2aabc7b26aa107
monsterbox/kinfemantis.swf,yun,215,430,500,20e276c1338b997a6d4642a43ee0f3bedda3d61a3c0ba26a1d2aabc7b26aa107
monsterbox/kinfemantis.swf,playit,179,430,500,20e276c1338b997a6d4642a43ee0f3bedda3d61a3c0ba26a1d2aabc7b26aa107
monsterbox/kinfemantis.swf,die,500,430,500,20e276c1338b997a6d4642a43ee0f3bedda3d61a3c0ba26a1d2aabc7b26aa107
monsterbox/kinfemantis.swf,nomalAtk,1215,430,500,20e276c1338b997a6d4642a43ee0f3bedda3d61a3c0ba26a1d2aabc7b26aa107
monsterbox/kinfemantis.swf,escapeReady,215,430,500,20e276c1338b997a6d4642a43ee0f3bedda3d61a3c0ba26a1d2aabc7b26aa107
monsterbox/kinfemantis.swf,escapeSuccess,608,430,500,20e276c1338b997a6d4642a43ee0f3bedda3d61a3c0ba26a1d2aabc7b26aa107
monsterbox/kongfupanda.swf,battleStand,1334,400,500,0719b8439524118690dacd2c38237cec846888abc0dc26093a8878680cf3321a
monsterbox/kongfupanda.swf,beAttack_0,200,400,500,0719b8439524118690dacd2c38237cec846888abc0dc26093a8878680cf3321a
monsterbox/kongfupanda.swf,beAttack_1,200,400,500,0719b8439524118690dacd2c38237cec846888abc0dc26093a8878680cf3321a
monsterbox/kongfupanda.swf,move,200,400,500,0719b8439524118690dacd2c38237cec846888abc0dc26093a8878680cf3321a
monsterbox/kongfupanda.swf,back,200,400,500,0719b8439524118690dacd2c38237cec846888abc0dc26093a8878680cf3321a
monsterbox/kongfupanda.swf,loadact,200,400,500,0719b8439524118690dacd2c38237cec846888abc0dc26093a8878680cf3321a
monsterbox/kongfupanda.swf,useItem,934,400,500,0719b8439524118690dacd2c38237cec846888abc0dc26093a8878680cf3321a
monsterbox/kongfupanda.swf,duck,300,400,500,0719b8439524118690dacd2c38237cec846888abc0dc26093a8878680cf3321a
monsterbox/kongfupanda.swf,def,200,400,500,0719b8439524118690dacd2c38237cec846888abc0dc26093a8878680cf3321a
monsterbox/kongfupanda.swf,fall,500,400,500,0719b8439524118690dacd2c38237cec846888abc0dc26093a8878680cf3321a
monsterbox/kongfupanda.swf,yun,200,400,500,0719b8439524118690dacd2c38237cec846888abc0dc26093a8878680cf3321a
monsterbox/kongfupanda.swf,playit,167,400,500,0719b8439524118690dacd2c38237cec846888abc0dc26093a8878680cf3321a
monsterbox/kongfupanda.swf,die,500,400,500,0719b8439524118690dacd2c38237cec846888abc0dc26093a8878680cf3321a
monsterbox/kongfupanda.swf,nomalAtk,2167,400,500,0719b8439524118690dacd2c38237cec846888abc0dc26093a8878680cf3321a
monsterbox/kongfupanda.swf,escapeReady,200,400,500,0719b8439524118690dacd2c38237cec846888abc0dc26093a8878680cf3321a
monsterbox/kongfupanda.swf,escapeSuccess,567,400,500,0719b8439524118690dacd2c38237cec846888abc0dc26093a8878680cf3321a
monsterbox/largerock.swf,battleStand,1822,430,1429,12736f25d20903dde62f7c9d99c2accb10831aadbdecb7bfd0bbef24edbf87f3
monsterbox/largerock.swf,beAttack_0,215,430,1429,12736f25d20903dde62f7c9d99c2accb10831aadbdecb7bfd0bbef24edbf87f3
monsterbox/largerock.swf,beAttack_1,215,430,1429,12736f25d20903dde62f7c9d99c2accb10831aadbdecb7bfd0bbef24edbf87f3
monsterbox/largerock.swf,move,215,430,1429,12736f25d20903dde62f7c9d99c2accb10831aadbdecb7bfd0bbef24edbf87f3
monsterbox/largerock.swf,back,215,430,1429,12736f25d20903dde62f7c9d99c2accb10831aadbdecb7bfd0bbef24edbf87f3
monsterbox/largerock.swf,loadact,215,430,1429,12736f25d20903dde62f7c9d99c2accb10831aadbdecb7bfd0bbef24edbf87f3
monsterbox/largerock.swf,useItem,1000,430,1429,12736f25d20903dde62f7c9d99c2accb10831aadbdecb7bfd0bbef24edbf87f3
monsterbox/largerock.swf,duck,322,430,1429,12736f25d20903dde62f7c9d99c2accb10831aadbdecb7bfd0bbef24edbf87f3
monsterbox/largerock.swf,def,215,430,1429,12736f25d20903dde62f7c9d99c2accb10831aadbdecb7bfd0bbef24edbf87f3
monsterbox/largerock.swf,fall,1429,430,1429,12736f25d20903dde62f7c9d99c2accb10831aadbdecb7bfd0bbef24edbf87f3
monsterbox/largerock.swf,throw,215,430,1429,12736f25d20903dde62f7c9d99c2accb10831aadbdecb7bfd0bbef24edbf87f3
monsterbox/largerock.swf,yun,750,430,1429,12736f25d20903dde62f7c9d99c2accb10831aadbdecb7bfd0bbef24edbf87f3
monsterbox/largerock.swf,playit,179,430,1429,12736f25d20903dde62f7c9d99c2accb10831aadbdecb7bfd0bbef24edbf87f3
monsterbox/largerock.swf,die,1429,430,1429,12736f25d20903dde62f7c9d99c2accb10831aadbdecb7bfd0bbef24edbf87f3
monsterbox/largerock.swf,nomalAtk,1608,430,1429,12736f25d20903dde62f7c9d99c2accb10831aadbdecb7bfd0bbef24edbf87f3
monsterbox/largerock.swf,escapeReady,215,430,1429,12736f25d20903dde62f7c9d99c2accb10831aadbdecb7bfd0bbef24edbf87f3
monsterbox/largerock.swf,escapeSuccess,608,430,1429,12736f25d20903dde62f7c9d99c2accb10831aadbdecb7bfd0bbef24edbf87f3
monsterbox/lilghost.swf,battleStand,1358,430,536,3ef186b2309f5783b9bd85300d90a47350fd577a950a7d790fed42b109419814
monsterbox/lilghost.swf,beAttack_0,215,430,536,3ef186b2309f5783b9bd85300d90a47350fd577a950a7d790fed42b109419814
monsterbox/lilghost.swf,beAttack_1,215,430,536,3ef186b2309f5783b9bd85300d90a47350fd577a950a7d790fed42b109419814
monsterbox/lilghost.swf,move,215,430,536,3ef186b2309f5783b9bd85300d90a47350fd577a950a7d790fed42b109419814
monsterbox/lilghost.swf,back,215,430,536,3ef186b2309f5783b9bd85300d90a47350fd577a950a7d790fed42b109419814
monsterbox/lilghost.swf,loadact,215,430,536,3ef186b2309f5783b9bd85300d90a47350fd577a950a7d790fed42b109419814
monsterbox/lilghost.swf,useItem,1072,430,536,3ef186b2309f5783b9bd85300d90a47350fd577a950a7d790fed42b109419814
monsterbox/lilghost.swf,duck,322,430,536,3ef186b2309f5783b9bd85300d90a47350fd577a950a7d790fed42b109419814
monsterbox/lilghost.swf,def,215,430,536,3ef186b2309f5783b9bd85300d90a47350fd577a950a7d790fed42b109419814
monsterbox/lilghost.swf,fall,536,430,536,3ef186b2309f5783b9bd85300d90a47350fd577a950a7d790fed42b109419814
monsterbox/lilghost.swf,throw,215,430,536,3ef186b2309f5783b9bd85300d90a47350fd577a950a7d790fed42b109419814
monsterbox/lilghost.swf,yun,215,430,536,3ef186b2309f5783b9bd85300d90a47350fd577a950a7d790fed42b109419814
monsterbox/lilghost.swf,playit,179,430,536,3ef186b2309f5783b9bd85300d90a47350fd577a950a7d790fed42b109419814
monsterbox/lilghost.swf,die,536,430,536,3ef186b2309f5783b9bd85300d90a47350fd577a950a7d790fed42b109419814
monsterbox/lilghost.swf,nomalAtk,1036,430,536,3ef186b2309f5783b9bd85300d90a47350fd577a950a7d790fed42b109419814
monsterbox/lilghost.swf,escapeReady,215,430,536,3ef186b2309f5783b9bd85300d90a47350fd577a950a7d790fed42b109419814
monsterbox/lilghost.swf,escapeSuccess,608,430,536,3ef186b2309f5783b9bd85300d90a47350fd577a950a7d790fed42b109419814
monsterbox/magicpanda.swf,battleStand,1429,430,536,25521657f9e52f241c96830edd3d8e535817bdf798edb0d05b0eb3c88e494a9a
monsterbox/magicpanda.swf,beAttack_0,215,430,536,25521657f9e52f241c96830edd3d8e535817bdf798edb0d05b0eb3c88e494a9a
monsterbox/magicpanda.swf,beAttack_1,215,430,536,25521657f9e52f241c96830edd3d8e535817bdf798edb0d05b0eb3c88e494a9a
monsterbox/magicpanda.swf,move,215,430,536,25521657f9e52f241c96830edd3d8e535817bdf798edb0d05b0eb3c88e494a9a
monsterbox/magicpanda.swf,back,215,430,536,25521657f9e52f241c96830edd3d8e535817bdf798edb0d05b0eb3c88e494a9a
monsterbox/magicpanda.swf,loadact,215,430,536,25521657f9e52f241c96830edd3d8e535817bdf798edb0d05b0eb3c88e494a9a
monsterbox/magicpanda.swf,useItem,1000,430,536,25521657f9e52f241c96830edd3d8e535817bdf798edb0d05b0eb3c88e494a9a
monsterbox/magicpanda.swf,duck,322,430,536,25521657f9e52f241c96830edd3d8e535817bdf798edb0d05b0eb3c88e494a9a
monsterbox/magicpanda.swf,def,215,430,536,25521657f9e52f241c96830edd3d8e535817bdf798edb0d05b0eb3c88e494a9a
monsterbox/magicpanda.swf,fall,536,430,536,25521657f9e52f241c96830edd3d8e535817bdf798edb0d05b0eb3c88e494a9a
monsterbox/magicpanda.swf,yun,215,430,536,25521657f9e52f241c96830edd3d8e535817bdf798edb0d05b0eb3c88e494a9a
monsterbox/magicpanda.swf,playit,179,430,536,25521657f9e52f241c96830edd3d8e535817bdf798edb0d05b0eb3c88e494a9a
monsterbox/magicpanda.swf,die,536,430,536,25521657f9e52f241c96830edd3d8e535817bdf798edb0d05b0eb3c88e494a9a
monsterbox/magicpanda.swf,nomalAtk,2358,430,536,25521657f9e52f241c96830edd3d8e535817bdf798edb0d05b0eb3c88e494a9a
monsterbox/magicpanda.swf,escapeReady,215,430,536,25521657f9e52f241c96830edd3d8e535817bdf798edb0d05b0eb3c88e494a9a
monsterbox/magicpanda.swf,escapeSuccess,608,430,536,25521657f9e52f241c96830edd3d8e535817bdf798edb0d05b0eb3c88e494a9a
monsterbox/magicrockman.swf,battleStand,2108,430,608,c1a2c4c672dd17fc89fbb6ca3af6e8d64e7f2e7024e09e376393d680f4deaeeb
monsterbox/magicrockman.swf,beAttack_0,215,430,608,c1a2c4c672dd17fc89fbb6ca3af6e8d64e7f2e7024e09e376393d680f4deaeeb
monsterbox/magicrockman.swf,beAttack_1,215,430,608,c1a2c4c672dd17fc89fbb6ca3af6e8d64e7f2e7024e09e376393d680f4deaeeb
monsterbox/magicrockman.swf,move,215,430,608,c1a2c4c672dd17fc89fbb6ca3af6e8d64e7f2e7024e09e376393d680f4deaeeb
monsterbox/magicrockman.swf,back,215,430,608,c1a2c4c672dd17fc89fbb6ca3af6e8d64e7f2e7024e09e376393d680f4deaeeb
monsterbox/magicrockman.swf,loadact,215,430,608,c1a2c4c672dd17fc89fbb6ca3af6e8d64e7f2e7024e09e376393d680f4deaeeb
monsterbox/magicrockman.swf,useItem,1000,430,608,c1a2c4c672dd17fc89fbb6ca3af6e8d64e7f2e7024e09e376393d680f4deaeeb
monsterbox/magicrockman.swf,duck,322,430,608,c1a2c4c672dd17fc89fbb6ca3af6e8d64e7f2e7024e09e376393d680f4deaeeb
monsterbox/magicrockman.swf,def,215,430,608,c1a2c4c672dd17fc89fbb6ca3af6e8d64e7f2e7024e09e376393d680f4deaeeb
monsterbox/magicrockman.swf,fall,608,430,608,c1a2c4c672dd17fc89fbb6ca3af6e8d64e7f2e7024e09e376393d680f4deaeeb
monsterbox/magicrockman.swf,throw,215,430,608,c1a2c4c672dd17fc89fbb6ca3af6e8d64e7f2e7024e09e376393d680f4deaeeb
monsterbox/magicrockman.swf,yun,215,430,608,c1a2c4c672dd17fc89fbb6ca3af6e8d64e7f2e7024e09e376393d680f4deaeeb
monsterbox/magicrockman.swf,playit,179,430,608,c1a2c4c672dd17fc89fbb6ca3af6e8d64e7f2e7024e09e376393d680f4deaeeb
monsterbox/magicrockman.swf,die,608,430,608,c1a2c4c672dd17fc89fbb6ca3af6e8d64e7f2e7024e09e376393d680f4deaeeb
monsterbox/magicrockman.swf,nomalAtk,1965,430,608,c1a2c4c672dd17fc89fbb6ca3af6e8d64e7f2e7024e09e376393d680f4deaeeb
monsterbox/magicrockman.swf,escapeReady,215,430,608,c1a2c4c672dd17fc89fbb6ca3af6e8d64e7f2e7024e09e376393d680f4deaeeb
monsterbox/magicrockman.swf,escapeSuccess,608,430,608,c1a2c4c672dd17fc89fbb6ca3af6e8d64e7f2e7024e09e376393d680f4deaeeb
monsterbox/mudmonster.swf,battleStand,608,430,572,901dfb7a0612162d4cebbe892703ece5dc001b3b87579630cffe9326268f10ce
monsterbox/mudmonster.swf,beAttack_0,215,430,572,901dfb7a0612162d4cebbe892703ece5dc001b3b87579630cffe9326268f10ce
monsterbox/mudmonster.swf,beAttack_1,215,430,572,901dfb7a0612162d4cebbe892703ece5dc001b3b87579630cffe9326268f10ce
monsterbox/mudmonster.swf,move,215,430,572,901dfb7a0612162d4cebbe892703ece5dc001b3b87579630cffe9326268f10ce
monsterbox/mudmonster.swf,back,215,430,572,901dfb7a0612162d4cebbe892703ece5dc001b3b87579630cffe9326268f10ce
monsterbox/mudmonster.swf,loadact,215,430,572,901dfb7a0612162d4cebbe892703ece5dc001b3b87579630cffe9326268f10ce
monsterbox/mudmonster.swf,useItem,1000,430,572,901dfb7a0612162d4cebbe892703ece5dc001b3b87579630cffe9326268f10ce
monsterbox/mudmonster.swf,duck,322,430,572,901dfb7a0612162d4cebbe892703ece5dc001b3b87579630cffe9326268f10ce
monsterbox/mudmonster.swf,def,215,430,572,901dfb7a0612162d4cebbe892703ece5dc001b3b87579630cffe9326268f10ce
monsterbox/mudmonster.swf,fall,572,430,572,901dfb7a0612162d4cebbe892703ece5dc001b3b87579630cffe9326268f10ce
monsterbox/mudmonster.swf,yun,215,430,572,901dfb7a0612162d4cebbe892703ece5dc001b3b87579630cffe9326268f10ce
monsterbox/mudmonster.swf,playit,179,430,572,901dfb7a0612162d4cebbe892703ece5dc001b3b87579630cffe9326268f10ce
monsterbox/mudmonster.swf,die,572,430,572,901dfb7a0612162d4cebbe892703ece5dc001b3b87579630cffe9326268f10ce
monsterbox/mudmonster.swf,nomalAtk,1858,430,572,901dfb7a0612162d4cebbe892703ece5dc001b3b87579630cffe9326268f10ce
monsterbox/mudmonster.swf,escapeReady,215,430,572,901dfb7a0612162d4cebbe892703ece5dc001b3b87579630cffe9326268f10ce
monsterbox/mudmonster.swf,escapeSuccess,608,430,572,901dfb7a0612162d4cebbe892703ece5dc001b3b87579630cffe9326268f10ce
monsterbox/occulttortoise.swf,battleStand,1858,430,500,d11184cb721b14e3392a62fbbdfef9fd6cca37c39731b16d62f6d5f3501bdf63
monsterbox/occulttortoise.swf,beAttack_0,215,430,500,d11184cb721b14e3392a62fbbdfef9fd6cca37c39731b16d62f6d5f3501bdf63
monsterbox/occulttortoise.swf,beAttack_1,215,430,500,d11184cb721b14e3392a62fbbdfef9fd6cca37c39731b16d62f6d5f3501bdf63
monsterbox/occulttortoise.swf,move,215,430,500,d11184cb721b14e3392a62fbbdfef9fd6cca37c39731b16d62f6d5f3501bdf63
monsterbox/occulttortoise.swf,back,215,430,500,d11184cb721b14e3392a62fbbdfef9fd6cca37c39731b16d62f6d5f3501bdf63
monsterbox/occulttortoise.swf,loadact,215,430,500,d11184cb721b14e3392a62fbbdfef9fd6cca37c39731b16d62f6d5f3501bdf63
monsterbox/occulttortoise.swf,useItem,1000,430,500,d11184cb721b14e3392a62fbbdfef9fd6cca37c39731b16d62f6d5f3501bdf63
monsterbox/occulttortoise.swf,duck,322,430,500,d11184cb721b14e3392a62fbbdfef9fd6cca37c39731b16d62f6d5f3501bdf63
monsterbox/occulttortoise.swf,def,215,430,500,d11184cb721b14e3392a62fbbdfef9fd6cca37c39731b16d62f6d5f3501bdf63
monsterbox/occulttortoise.swf,fall,500,430,500,d11184cb721b14e3392a62fbbdfef9fd6cca37c39731b16d62f6d5f3501bdf63
monsterbox/occulttortoise.swf,yun,215,430,500,d11184cb721b14e3392a62fbbdfef9fd6cca37c39731b16d62f6d5f3501bdf63
monsterbox/occulttortoise.swf,playit,179,430,500,d11184cb721b14e3392a62fbbdfef9fd6cca37c39731b16d62f6d5f3501bdf63
monsterbox/occulttortoise.swf,die,500,430,500,d11184cb721b14e3392a62fbbdfef9fd6cca37c39731b16d62f6d5f3501bdf63
monsterbox/occulttortoise.swf,nomalAtk,1179,430,500,d11184cb721b14e3392a62fbbdfef9fd6cca37c39731b16d62f6d5f3501bdf63
monsterbox/occulttortoise.swf,escapeReady,215,430,500,d11184cb721b14e3392a62fbbdfef9fd6cca37c39731b16d62f6d5f3501bdf63
monsterbox/occulttortoise.swf,escapeSuccess,608,430,500,d11184cb721b14e3392a62fbbdfef9fd6cca37c39731b16d62f6d5f3501bdf63
monsterbox/militia.swf,battleStand,2286,430,500,cdcddb1ac23e796849ddb08fb10782bc0a231dce1cfb22d580d75da75146f94f
monsterbox/militia.swf,beAttack_0,215,430,500,cdcddb1ac23e796849ddb08fb10782bc0a231dce1cfb22d580d75da75146f94f
monsterbox/militia.swf,beAttack_1,215,430,500,cdcddb1ac23e796849ddb08fb10782bc0a231dce1cfb22d580d75da75146f94f
monsterbox/militia.swf,move,215,430,500,cdcddb1ac23e796849ddb08fb10782bc0a231dce1cfb22d580d75da75146f94f
monsterbox/militia.swf,back,215,430,500,cdcddb1ac23e796849ddb08fb10782bc0a231dce1cfb22d580d75da75146f94f
monsterbox/militia.swf,loadact,215,430,500,cdcddb1ac23e796849ddb08fb10782bc0a231dce1cfb22d580d75da75146f94f
monsterbox/militia.swf,useItem,1000,430,500,cdcddb1ac23e796849ddb08fb10782bc0a231dce1cfb22d580d75da75146f94f
monsterbox/militia.swf,duck,322,430,500,cdcddb1ac23e796849ddb08fb10782bc0a231dce1cfb22d580d75da75146f94f
monsterbox/militia.swf,def,215,430,500,cdcddb1ac23e796849ddb08fb10782bc0a231dce1cfb22d580d75da75146f94f
monsterbox/militia.swf,fall,500,430,500,cdcddb1ac23e796849ddb08fb10782bc0a231dce1cfb22d580d75da75146f94f
monsterbox/militia.swf,yun,215,430,500,cdcddb1ac23e796849ddb08fb10782bc0a231dce1cfb22d580d75da75146f94f
monsterbox/militia.swf,playit,179,430,500,cdcddb1ac23e796849ddb08fb10782bc0a231dce1cfb22d580d75da75146f94f
monsterbox/militia.swf,die,500,430,500,cdcddb1ac23e796849ddb08fb10782bc0a231dce1cfb22d580d75da75146f94f
monsterbox/militia.swf,nomalAtk,1536,430,500,cdcddb1ac23e796849ddb08fb10782bc0a231dce1cfb22d580d75da75146f94f
monsterbox/militia.swf,escapeReady,215,430,500,cdcddb1ac23e796849ddb08fb10782bc0a231dce1cfb22d580d75da75146f94f
monsterbox/militia.swf,escapeSuccess,608,430,500,cdcddb1ac23e796849ddb08fb10782bc0a231dce1cfb22d580d75da75146f94f
monsterbox/powertiger.swf,battleStand,1786,430,429,9af19811a31ce9160fc15f03fdef403073cd7038d825b5212bdb760c099f6992
monsterbox/powertiger.swf,beAttack_0,215,430,429,9af19811a31ce9160fc15f03fdef403073cd7038d825b5212bdb760c099f6992
monsterbox/powertiger.swf,beAttack_1,215,430,429,9af19811a31ce9160fc15f03fdef403073cd7038d825b5212bdb760c099f6992
monsterbox/powertiger.swf,move,215,430,429,9af19811a31ce9160fc15f03fdef403073cd7038d825b5212bdb760c099f6992
monsterbox/powertiger.swf,back,215,430,429,9af19811a31ce9160fc15f03fdef403073cd7038d825b5212bdb760c099f6992
monsterbox/powertiger.swf,loadact,215,430,429,9af19811a31ce9160fc15f03fdef403073cd7038d825b5212bdb760c099f6992
monsterbox/powertiger.swf,useItem,1000,430,429,9af19811a31ce9160fc15f03fdef403073cd7038d825b5212bdb760c099f6992
monsterbox/powertiger.swf,duck,322,430,429,9af19811a31ce9160fc15f03fdef403073cd7038d825b5212bdb760c099f6992
monsterbox/powertiger.swf,def,215,430,429,9af19811a31ce9160fc15f03fdef403073cd7038d825b5212bdb760c099f6992
monsterbox/powertiger.swf,fall,429,430,429,9af19811a31ce9160fc15f03fdef403073cd7038d825b5212bdb760c099f6992
monsterbox/powertiger.swf,yun,965,430,429,9af19811a31ce9160fc15f03fdef403073cd7038d825b5212bdb760c099f6992
monsterbox/powertiger.swf,playit,179,430,429,9af19811a31ce9160fc15f03fdef403073cd7038d825b5212bdb760c099f6992
monsterbox/powertiger.swf,die,429,430,429,9af19811a31ce9160fc15f03fdef403073cd7038d825b5212bdb760c099f6992
monsterbox/powertiger.swf,nomalAtk,1643,430,429,9af19811a31ce9160fc15f03fdef403073cd7038d825b5212bdb760c099f6992
monsterbox/powertiger.swf,escapeReady,215,430,429,9af19811a31ce9160fc15f03fdef403073cd7038d825b5212bdb760c099f6992
monsterbox/powertiger.swf,escapeSuccess,608,430,429,9af19811a31ce9160fc15f03fdef403073cd7038d825b5212bdb760c099f6992
monsterbox/robber.swf,battleStand,24108,430,536,294782720de6e29e79ce90075a40ae990cf0652f268d1d2968e7326f5c4f3810
monsterbox/robber.swf,beAttack_0,215,430,536,294782720de6e29e79ce90075a40ae990cf0652f268d1d2968e7326f5c4f3810
monsterbox/robber.swf,beAttack_1,215,430,536,294782720de6e29e79ce90075a40ae990cf0652f268d1d2968e7326f5c4f3810
monsterbox/robber.swf,move,215,430,536,294782720de6e29e79ce90075a40ae990cf0652f268d1d2968e7326f5c4f3810
monsterbox/robber.swf,back,215,430,536,294782720de6e29e79ce90075a40ae990cf0652f268d1d2968e7326f5c4f3810
monsterbox/robber.swf,loadact,215,430,536,294782720de6e29e79ce90075a40ae990cf0652f268d1d2968e7326f5c4f3810
monsterbox/robber.swf,useItem,1000,430,536,294782720de6e29e79ce90075a40ae990cf0652f268d1d2968e7326f5c4f3810
monsterbox/robber.swf,duck,322,430,536,294782720de6e29e79ce90075a40ae990cf0652f268d1d2968e7326f5c4f3810
monsterbox/robber.swf,def,215,430,536,294782720de6e29e79ce90075a40ae990cf0652f268d1d2968e7326f5c4f3810
monsterbox/robber.swf,fall,536,430,536,294782720de6e29e79ce90075a40ae990cf0652f268d1d2968e7326f5c4f3810
monsterbox/robber.swf,throw,215,430,536,294782720de6e29e79ce90075a40ae990cf0652f268d1d2968e7326f5c4f3810
monsterbox/robber.swf,yun,215,430,536,294782720de6e29e79ce90075a40ae990cf0652f268d1d2968e7326f5c4f3810
monsterbox/robber.swf,playit,179,430,536,294782720de6e29e79ce90075a40ae990cf0652f268d1d2968e7326f5c4f3810
monsterbox/robber.swf,die,536,430,536,294782720de6e29e79ce90075a40ae990cf0652f268d1d2968e7326f5c4f3810
monsterbox/robber.swf,nomalAtk,1643,430,536,294782720de6e29e79ce90075a40ae990cf0652f268d1d2968e7326f5c4f3810
monsterbox/robber.swf,escapeReady,215,430,536,294782720de6e29e79ce90075a40ae990cf0652f268d1d2968e7326f5c4f3810
monsterbox/robber.swf,escapeSuccess,608,430,536,294782720de6e29e79ce90075a40ae990cf0652f268d1d2968e7326f5c4f3810
monsterbox/robotax.swf,battleStand,1858,72,679,e1a6b0a27fbb1db8e459ba62a11bb84a01a19e099e99c9d784130f7afbc70bb7
monsterbox/robotax.swf,beAttack_0,215,72,679,e1a6b0a27fbb1db8e459ba62a11bb84a01a19e099e99c9d784130f7afbc70bb7
monsterbox/robotax.swf,beAttack_1,215,72,679,e1a6b0a27fbb1db8e459ba62a11bb84a01a19e099e99c9d784130f7afbc70bb7
monsterbox/robotax.swf,move,36,72,679,e1a6b0a27fbb1db8e459ba62a11bb84a01a19e099e99c9d784130f7afbc70bb7
monsterbox/robotax.swf,back,36,72,679,e1a6b0a27fbb1db8e459ba62a11bb84a01a19e099e99c9d784130f7afbc70bb7
monsterbox/robotax.swf,loadact,215,72,679,e1a6b0a27fbb1db8e459ba62a11bb84a01a19e099e99c9d784130f7afbc70bb7
monsterbox/robotax.swf,useItem,1000,72,679,e1a6b0a27fbb1db8e459ba62a11bb84a01a19e099e99c9d784130f7afbc70bb7
monsterbox/robotax.swf,duck,322,72,679,e1a6b0a27fbb1db8e459ba62a11bb84a01a19e099e99c9d784130f7afbc70bb7
monsterbox/robotax.swf,def,215,72,679,e1a6b0a27fbb1db8e459ba62a11bb84a01a19e099e99c9d784130f7afbc70bb7
monsterbox/robotax.swf,fall,679,72,679,e1a6b0a27fbb1db8e459ba62a11bb84a01a19e099e99c9d784130f7afbc70bb7
monsterbox/robotax.swf,yun,215,72,679,e1a6b0a27fbb1db8e459ba62a11bb84a01a19e099e99c9d784130f7afbc70bb7
monsterbox/robotax.swf,playit,179,72,679,e1a6b0a27fbb1db8e459ba62a11bb84a01a19e099e99c9d784130f7afbc70bb7
monsterbox/robotax.swf,die,679,72,679,e1a6b0a27fbb1db8e459ba62a11bb84a01a19e099e99c9d784130f7afbc70bb7
monsterbox/robotax.swf,nomalAtk,1643,72,679,e1a6b0a27fbb1db8e459ba62a11bb84a01a19e099e99c9d784130f7afbc70bb7
monsterbox/robotax.swf,escapeReady,215,72,679,e1a6b0a27fbb1db8e459ba62a11bb84a01a19e099e99c9d784130f7afbc70bb7
monsterbox/robotax.swf,escapeSuccess,608,72,679,e1a6b0a27fbb1db8e459ba62a11bb84a01a19e099e99c9d784130f7afbc70bb7
monsterbox/robotawl.swf,battleStand,8572,72,679,ea0561a0039bd8058bffdf99ff07bb36fc2e1d8400032aa911ce8e91e4f74f02
monsterbox/robotawl.swf,beAttack_0,215,72,679,ea0561a0039bd8058bffdf99ff07bb36fc2e1d8400032aa911ce8e91e4f74f02
monsterbox/robotawl.swf,beAttack_1,215,72,679,ea0561a0039bd8058bffdf99ff07bb36fc2e1d8400032aa911ce8e91e4f74f02
monsterbox/robotawl.swf,move,36,72,679,ea0561a0039bd8058bffdf99ff07bb36fc2e1d8400032aa911ce8e91e4f74f02
monsterbox/robotawl.swf,back,36,72,679,ea0561a0039bd8058bffdf99ff07bb36fc2e1d8400032aa911ce8e91e4f74f02
monsterbox/robotawl.swf,loadact,215,72,679,ea0561a0039bd8058bffdf99ff07bb36fc2e1d8400032aa911ce8e91e4f74f02
monsterbox/robotawl.swf,useItem,1000,72,679,ea0561a0039bd8058bffdf99ff07bb36fc2e1d8400032aa911ce8e91e4f74f02
monsterbox/robotawl.swf,duck,322,72,679,ea0561a0039bd8058bffdf99ff07bb36fc2e1d8400032aa911ce8e91e4f74f02
monsterbox/robotawl.swf,def,215,72,679,ea0561a0039bd8058bffdf99ff07bb36fc2e1d8400032aa911ce8e91e4f74f02
monsterbox/robotawl.swf,fall,679,72,679,ea0561a0039bd8058bffdf99ff07bb36fc2e1d8400032aa911ce8e91e4f74f02
monsterbox/robotawl.swf,yun,215,72,679,ea0561a0039bd8058bffdf99ff07bb36fc2e1d8400032aa911ce8e91e4f74f02
monsterbox/robotawl.swf,playit,179,72,679,ea0561a0039bd8058bffdf99ff07bb36fc2e1d8400032aa911ce8e91e4f74f02
monsterbox/robotawl.swf,die,679,72,679,ea0561a0039bd8058bffdf99ff07bb36fc2e1d8400032aa911ce8e91e4f74f02
monsterbox/robotawl.swf,nomalAtk,1286,72,679,ea0561a0039bd8058bffdf99ff07bb36fc2e1d8400032aa911ce8e91e4f74f02
monsterbox/robotawl.swf,escapeReady,215,72,679,ea0561a0039bd8058bffdf99ff07bb36fc2e1d8400032aa911ce8e91e4f74f02
monsterbox/robotawl.swf,escapeSuccess,608,72,679,ea0561a0039bd8058bffdf99ff07bb36fc2e1d8400032aa911ce8e91e4f74f02
monsterbox/robothmarshal.swf,battleStand,10500,72,1715,0d07fe878c07b6fa2c32dd3d34d201dd3234ea7560b92239efcb4ec64474274d
monsterbox/robothmarshal.swf,beAttack_0,215,72,1715,0d07fe878c07b6fa2c32dd3d34d201dd3234ea7560b92239efcb4ec64474274d
monsterbox/robothmarshal.swf,beAttack_1,215,72,1715,0d07fe878c07b6fa2c32dd3d34d201dd3234ea7560b92239efcb4ec64474274d
monsterbox/robothmarshal.swf,move,36,72,1715,0d07fe878c07b6fa2c32dd3d34d201dd3234ea7560b92239efcb4ec64474274d
monsterbox/robothmarshal.swf,back,36,72,1715,0d07fe878c07b6fa2c32dd3d34d201dd3234ea7560b92239efcb4ec64474274d
monsterbox/robothmarshal.swf,loadact,215,72,1715,0d07fe878c07b6fa2c32dd3d34d201dd3234ea7560b92239efcb4ec64474274d
monsterbox/robothmarshal.swf,useItem,1000,72,1715,0d07fe878c07b6fa2c32dd3d34d201dd3234ea7560b92239efcb4ec64474274d
monsterbox/robothmarshal.swf,duck,322,72,1715,0d07fe878c07b6fa2c32dd3d34d201dd3234ea7560b92239efcb4ec64474274d
monsterbox/robothmarshal.swf,def,215,72,1715,0d07fe878c07b6fa2c32dd3d34d201dd3234ea7560b92239efcb4ec64474274d
monsterbox/robothmarshal.swf,fall,1000,72,1715,0d07fe878c07b6fa2c32dd3d34d201dd3234ea7560b92239efcb4ec64474274d
monsterbox/robothmarshal.swf,yun,215,72,1715,0d07fe878c07b6fa2c32dd3d34d201dd3234ea7560b92239efcb4ec64474274d
monsterbox/robothmarshal.swf,playit,179,72,1715,0d07fe878c07b6fa2c32dd3d34d201dd3234ea7560b92239efcb4ec64474274d
monsterbox/robothmarshal.swf,die,1715,72,1715,0d07fe878c07b6fa2c32dd3d34d201dd3234ea7560b92239efcb4ec64474274d
monsterbox/robothmarshal.swf,nomalAtk,2393,72,1715,0d07fe878c07b6fa2c32dd3d34d201dd3234ea7560b92239efcb4ec64474274d
monsterbox/robothmarshal.swf,escapeReady,215,72,1715,0d07fe878c07b6fa2c32dd3d34d201dd3234ea7560b92239efcb4ec64474274d
monsterbox/robothmarshal.swf,escapeSuccess,608,72,1715,0d07fe878c07b6fa2c32dd3d34d201dd3234ea7560b92239efcb4ec64474274d
monsterbox/robothyun.swf,battleStand,5358,72,572,772322f6e5c8562d4c057b31850bad0e10ac290051fce156196c14f97b69d7b3
monsterbox/robothyun.swf,beAttack_0,215,72,572,772322f6e5c8562d4c057b31850bad0e10ac290051fce156196c14f97b69d7b3
monsterbox/robothyun.swf,beAttack_1,215,72,572,772322f6e5c8562d4c057b31850bad0e10ac290051fce156196c14f97b69d7b3
monsterbox/robothyun.swf,move,36,72,572,772322f6e5c8562d4c057b31850bad0e10ac290051fce156196c14f97b69d7b3
monsterbox/robothyun.swf,back,36,72,572,772322f6e5c8562d4c057b31850bad0e10ac290051fce156196c14f97b69d7b3
monsterbox/robothyun.swf,loadact,215,72,572,772322f6e5c8562d4c057b31850bad0e10ac290051fce156196c14f97b69d7b3
monsterbox/robothyun.swf,useItem,1000,72,572,772322f6e5c8562d4c057b31850bad0e10ac290051fce156196c14f97b69d7b3
monsterbox/robothyun.swf,duck,322,72,572,772322f6e5c8562d4c057b31850bad0e10ac290051fce156196c14f97b69d7b3
monsterbox/robothyun.swf,def,215,72,572,772322f6e5c8562d4c057b31850bad0e10ac290051fce156196c14f97b69d7b3
monsterbox/robothyun.swf,fall,572,72,572,772322f6e5c8562d4c057b31850bad0e10ac290051fce156196c14f97b69d7b3
monsterbox/robothyun.swf,yun,215,72,572,772322f6e5c8562d4c057b31850bad0e10ac290051fce156196c14f97b69d7b3
monsterbox/robothyun.swf,playit,179,72,572,772322f6e5c8562d4c057b31850bad0e10ac290051fce156196c14f97b69d7b3
monsterbox/robothyun.swf,die,572,72,572,772322f6e5c8562d4c057b31850bad0e10ac290051fce156196c14f97b69d7b3
monsterbox/robothyun.swf,nomalAtk,1322,72,572,772322f6e5c8562d4c057b31850bad0e10ac290051fce156196c14f97b69d7b3
monsterbox/robothyun.swf,escapeReady,215,72,572,772322f6e5c8562d4c057b31850bad0e10ac290051fce156196c14f97b69d7b3
monsterbox/robothyun.swf,escapeSuccess,608,72,572,772322f6e5c8562d4c057b31850bad0e10ac290051fce156196c14f97b69d7b3
monsterbox/swordpanda.swf,battleStand,1429,430,536,cf7415e90207c2b70f43e460c2739a8a8b7cbdf70735e675f717692feae78420
monsterbox/swordpanda.swf,beAttack_0,215,430,536,cf7415e90207c2b70f43e460c2739a8a8b7cbdf70735e675f717692feae78420
monsterbox/swordpanda.swf,beAttack_1,215,430,536,cf7415e90207c2b70f43e460c2739a8a8b7cbdf70735e675f717692feae78420
monsterbox/swordpanda.swf,move,215,430,536,cf7415e90207c2b70f43e460c2739a8a8b7cbdf70735e675f717692feae78420
monsterbox/swordpanda.swf,back,215,430,536,cf7415e90207c2b70f43e460c2739a8a8b7cbdf70735e675f717692feae78420
monsterbox/swordpanda.swf,loadact,215,430,536,cf7415e90207c2b70f43e460c2739a8a8b7cbdf70735e675f717692feae78420
monsterbox/swordpanda.swf,useItem,1000,430,536,cf7415e90207c2b70f43e460c2739a8a8b7cbdf70735e675f717692feae78420
monsterbox/swordpanda.swf,duck,322,430,536,cf7415e90207c2b70f43e460c2739a8a8b7cbdf70735e675f717692feae78420
monsterbox/swordpanda.swf,def,215,430,536,cf7415e90207c2b70f43e460c2739a8a8b7cbdf70735e675f717692feae78420
monsterbox/swordpanda.swf,fall,536,430,536,cf7415e90207c2b70f43e460c2739a8a8b7cbdf70735e675f717692feae78420
monsterbox/swordpanda.swf,yun,215,430,536,cf7415e90207c2b70f43e460c2739a8a8b7cbdf70735e675f717692feae78420
monsterbox/swordpanda.swf,playit,179,430,536,cf7415e90207c2b70f43e460c2739a8a8b7cbdf70735e675f717692feae78420
monsterbox/swordpanda.swf,die,536,430,536,cf7415e90207c2b70f43e460c2739a8a8b7cbdf70735e675f717692feae78420
monsterbox/swordpanda.swf,nomalAtk,1822,430,536,cf7415e90207c2b70f43e460c2739a8a8b7cbdf70735e675f717692feae78420
monsterbox/swordpanda.swf,escapeReady,215,430,536,cf7415e90207c2b70f43e460c2739a8a8b7cbdf70735e675f717692feae78420
monsterbox/swordpanda.swf,escapeSuccess,608,430,536,cf7415e90207c2b70f43e460c2739a8a8b7cbdf70735e675f717692feae78420
monsterbox/swordbird.swf,battleStand,4929,430,429,8cdddce008f7e087d9116c17cf35af05fd77270cd0ea22214cb050893635cf11
monsterbox/swordbird.swf,beAttack_0,215,430,429,8cdddce008f7e087d9116c17cf35af05fd77270cd0ea22214cb050893635cf11
monsterbox/swordbird.swf,beAttack_1,215,430,429,8cdddce008f7e087d9116c17cf35af05fd77270cd0ea22214cb050893635cf11
monsterbox/swordbird.swf,move,215,430,429,8cdddce008f7e087d9116c17cf35af05fd77270cd0ea22214cb050893635cf11
monsterbox/swordbird.swf,back,215,430,429,8cdddce008f7e087d9116c17cf35af05fd77270cd0ea22214cb050893635cf11
monsterbox/swordbird.swf,loadact,215,430,429,8cdddce008f7e087d9116c17cf35af05fd77270cd0ea22214cb050893635cf11
monsterbox/swordbird.swf,useItem,1072,430,429,8cdddce008f7e087d9116c17cf35af05fd77270cd0ea22214cb050893635cf11
monsterbox/swordbird.swf,duck,322,430,429,8cdddce008f7e087d9116c17cf35af05fd77270cd0ea22214cb050893635cf11
monsterbox/swordbird.swf,def,215,430,429,8cdddce008f7e087d9116c17cf35af05fd77270cd0ea22214cb050893635cf11
monsterbox/swordbird.swf,fall,429,430,429,8cdddce008f7e087d9116c17cf35af05fd77270cd0ea22214cb050893635cf11
monsterbox/swordbird.swf,throw,215,430,429,8cdddce008f7e087d9116c17cf35af05fd77270cd0ea22214cb050893635cf11
monsterbox/swordbird.swf,yun,215,430,429,8cdddce008f7e087d9116c17cf35af05fd77270cd0ea22214cb050893635cf11
monsterbox/swordbird.swf,playit,179,430,429,8cdddce008f7e087d9116c17cf35af05fd77270cd0ea22214cb050893635cf11
monsterbox/swordbird.swf,die,429,430,429,8cdddce008f7e087d9116c17cf35af05fd77270cd0ea22214cb050893635cf11
monsterbox/swordbird.swf,nomalAtk,1322,430,429,8cdddce008f7e087d9116c17cf35af05fd77270cd0ea22214cb050893635cf11
monsterbox/swordbird.swf,escapeReady,215,430,429,8cdddce008f7e087d9116c17cf35af05fd77270cd0ea22214cb050893635cf11
monsterbox/swordbird.swf,escapeSuccess,608,430,429,8cdddce008f7e087d9116c17cf35af05fd77270cd0ea22214cb050893635cf11
monsterbox/toad.swf,battleStand,1750,430,393,a2f4d6013d1adbba04b94b8f1e989c0ff9000779319aef87701f6482831aa7c8
monsterbox/toad.swf,beAttack_0,215,430,393,a2f4d6013d1adbba04b94b8f1e989c0ff9000779319aef87701f6482831aa7c8
monsterbox/toad.swf,beAttack_1,215,430,393,a2f4d6013d1adbba04b94b8f1e989c0ff9000779319aef87701f6482831aa7c8
monsterbox/toad.swf,move,215,430,393,a2f4d6013d1adbba04b94b8f1e989c0ff9000779319aef87701f6482831aa7c8
monsterbox/toad.swf,back,215,430,393,a2f4d6013d1adbba04b94b8f1e989c0ff9000779319aef87701f6482831aa7c8
monsterbox/toad.swf,loadact,215,430,393,a2f4d6013d1adbba04b94b8f1e989c0ff9000779319aef87701f6482831aa7c8
monsterbox/toad.swf,useItem,1000,430,393,a2f4d6013d1adbba04b94b8f1e989c0ff9000779319aef87701f6482831aa7c8
monsterbox/toad.swf,duck,322,430,393,a2f4d6013d1adbba04b94b8f1e989c0ff9000779319aef87701f6482831aa7c8
monsterbox/toad.swf,def,215,430,393,a2f4d6013d1adbba04b94b8f1e989c0ff9000779319aef87701f6482831aa7c8
monsterbox/toad.swf,fall,393,430,393,a2f4d6013d1adbba04b94b8f1e989c0ff9000779319aef87701f6482831aa7c8
monsterbox/toad.swf,throw,215,430,393,a2f4d6013d1adbba04b94b8f1e989c0ff9000779319aef87701f6482831aa7c8
monsterbox/toad.swf,yun,215,430,393,a2f4d6013d1adbba04b94b8f1e989c0ff9000779319aef87701f6482831aa7c8
monsterbox/toad.swf,playit,179,430,393,a2f4d6013d1adbba04b94b8f1e989c0ff9000779319aef87701f6482831aa7c8
monsterbox/toad.swf,die,393,430,393,a2f4d6013d1adbba04b94b8f1e989c0ff9000779319aef87701f6482831aa7c8
monsterbox/toad.swf,nomalAtk,1036,430,393,a2f4d6013d1adbba04b94b8f1e989c0ff9000779319aef87701f6482831aa7c8
monsterbox/toad.swf,escapeReady,215,430,393,a2f4d6013d1adbba04b94b8f1e989c0ff9000779319aef87701f6482831aa7c8
monsterbox/toad.swf,escapeSuccess,608,430,393,a2f4d6013d1adbba04b94b8f1e989c0ff9000779319aef87701f6482831aa7c8
monsterbox/whorllion.swf,battleStand,36429,430,429,0761858a542c7969cb63e01b5123ad3fabdea8cfa11fd3394a97c7b91604f85f
monsterbox/whorllion.swf,beAttack_0,215,430,429,0761858a542c7969cb63e01b5123ad3fabdea8cfa11fd3394a97c7b91604f85f
monsterbox/whorllion.swf,beAttack_1,215,430,429,0761858a542c7969cb63e01b5123ad3fabdea8cfa11fd3394a97c7b91604f85f
monsterbox/whorllion.swf,move,215,430,429,0761858a542c7969cb63e01b5123ad3fabdea8cfa11fd3394a97c7b91604f85f
monsterbox/whorllion.swf,back,215,430,429,0761858a542c7969cb63e01b5123ad3fabdea8cfa11fd3394a97c7b91604f85f
monsterbox/whorllion.swf,loadact,215,430,429,0761858a542c7969cb63e01b5123ad3fabdea8cfa11fd3394a97c7b91604f85f
monsterbox/whorllion.swf,useItem,1000,430,429,0761858a542c7969cb63e01b5123ad3fabdea8cfa11fd3394a97c7b91604f85f
monsterbox/whorllion.swf,duck,322,430,429,0761858a542c7969cb63e01b5123ad3fabdea8cfa11fd3394a97c7b91604f85f
monsterbox/whorllion.swf,def,215,430,429,0761858a542c7969cb63e01b5123ad3fabdea8cfa11fd3394a97c7b91604f85f
monsterbox/whorllion.swf,fall,429,430,429,0761858a542c7969cb63e01b5123ad3fabdea8cfa11fd3394a97c7b91604f85f
monsterbox/whorllion.swf,yun,215,430,429,0761858a542c7969cb63e01b5123ad3fabdea8cfa11fd3394a97c7b91604f85f
monsterbox/whorllion.swf,playit,179,430,429,0761858a542c7969cb63e01b5123ad3fabdea8cfa11fd3394a97c7b91604f85f
monsterbox/whorllion.swf,die,429,430,429,0761858a542c7969cb63e01b5123ad3fabdea8cfa11fd3394a97c7b91604f85f
monsterbox/whorllion.swf,nomalAtk,1608,430,429,0761858a542c7969cb63e01b5123ad3fabdea8cfa11fd3394a97c7b91604f85f
monsterbox/whorllion.swf,escapeReady,215,430,429,0761858a542c7969cb63e01b5123ad3fabdea8cfa11fd3394a97c7b91604f85f
monsterbox/whorllion.swf,escapeSuccess,608,430,429,0761858a542c7969cb63e01b5123ad3fabdea8cfa11fd3394a97c7b91604f85f
monsterbox/wocmon.swf,battleStand,215,72,1536,5ef201166063c83be1eb1af33fa97bca5adb4f859dce1239e1bf25e20f13a520
monsterbox/wocmon.swf,beAttack_0,215,72,1536,5ef201166063c83be1eb1af33fa97bca5adb4f859dce1239e1bf25e20f13a520
monsterbox/wocmon.swf,beAttack_1,215,72,1536,5ef201166063c83be1eb1af33fa97bca5adb4f859dce1239e1bf25e20f13a520
monsterbox/wocmon.swf,move,36,72,1536,5ef201166063c83be1eb1af33fa97bca5adb4f859dce1239e1bf25e20f13a520
monsterbox/wocmon.swf,back,36,72,1536,5ef201166063c83be1eb1af33fa97bca5adb4f859dce1239e1bf25e20f13a520
monsterbox/wocmon.swf,loadact,215,72,1536,5ef201166063c83be1eb1af33fa97bca5adb4f859dce1239e1bf25e20f13a520
monsterbox/wocmon.swf,useItem,1000,72,1536,5ef201166063c83be1eb1af33fa97bca5adb4f859dce1239e1bf25e20f13a520
monsterbox/wocmon.swf,duck,322,72,1536,5ef201166063c83be1eb1af33fa97bca5adb4f859dce1239e1bf25e20f13a520
monsterbox/wocmon.swf,def,215,72,1536,5ef201166063c83be1eb1af33fa97bca5adb4f859dce1239e1bf25e20f13a520
monsterbox/wocmon.swf,fall,1536,72,1536,5ef201166063c83be1eb1af33fa97bca5adb4f859dce1239e1bf25e20f13a520
monsterbox/wocmon.swf,yun,215,72,1536,5ef201166063c83be1eb1af33fa97bca5adb4f859dce1239e1bf25e20f13a520
monsterbox/wocmon.swf,playit,179,72,1536,5ef201166063c83be1eb1af33fa97bca5adb4f859dce1239e1bf25e20f13a520
monsterbox/wocmon.swf,die,1536,72,1536,5ef201166063c83be1eb1af33fa97bca5adb4f859dce1239e1bf25e20f13a520
monsterbox/wocmon.swf,nomalAtk,2036,72,1536,5ef201166063c83be1eb1af33fa97bca5adb4f859dce1239e1bf25e20f13a520
monsterbox/wocmon.swf,escapeReady,215,72,1536,5ef201166063c83be1eb1af33fa97bca5adb4f859dce1239e1bf25e20f13a520
monsterbox/wocmon.swf,escapeSuccess,608,72,1536,5ef201166063c83be1eb1af33fa97bca5adb4f859dce1239e1bf25e20f13a520
monsterbox/beardeer.swf,battleStand,2500,72,1072,97541b78ca23cf4b2ab0685b5afcccbe6c66fb1d7625a8bf9916c627a972956c
monsterbox/beardeer.swf,beAttack_0,215,72,1072,97541b78ca23cf4b2ab0685b5afcccbe6c66fb1d7625a8bf9916c627a972956c
monsterbox/beardeer.swf,beAttack_1,215,72,1072,97541b78ca23cf4b2ab0685b5afcccbe6c66fb1d7625a8bf9916c627a972956c
monsterbox/beardeer.swf,move,36,72,1072,97541b78ca23cf4b2ab0685b5afcccbe6c66fb1d7625a8bf9916c627a972956c
monsterbox/beardeer.swf,back,36,72,1072,97541b78ca23cf4b2ab0685b5afcccbe6c66fb1d7625a8bf9916c627a972956c
monsterbox/beardeer.swf,loadact,215,72,1072,97541b78ca23cf4b2ab0685b5afcccbe6c66fb1d7625a8bf9916c627a972956c
monsterbox/beardeer.swf,useItem,1000,72,1072,97541b78ca23cf4b2ab0685b5afcccbe6c66fb1d7625a8bf9916c627a972956c
monsterbox/beardeer.swf,duck,322,72,1072,97541b78ca23cf4b2ab0685b5afcccbe6c66fb1d7625a8bf9916c627a972956c
monsterbox/beardeer.swf,def,215,72,1072,97541b78ca23cf4b2ab0685b5afcccbe6c66fb1d7625a8bf9916c627a972956c
monsterbox/beardeer.swf,fall,1072,72,1072,97541b78ca23cf4b2ab0685b5afcccbe6c66fb1d7625a8bf9916c627a972956c
monsterbox/beardeer.swf,yun,215,72,1072,97541b78ca23cf4b2ab0685b5afcccbe6c66fb1d7625a8bf9916c627a972956c
monsterbox/beardeer.swf,playit,179,72,1072,97541b78ca23cf4b2ab0685b5afcccbe6c66fb1d7625a8bf9916c627a972956c
monsterbox/beardeer.swf,die,1072,72,1072,97541b78ca23cf4b2ab0685b5afcccbe6c66fb1d7625a8bf9916c627a972956c
monsterbox/beardeer.swf,nomalAtk,1536,72,1072,97541b78ca23cf4b2ab0685b5afcccbe6c66fb1d7625a8bf9916c627a972956c
monsterbox/beardeer.swf,escapeReady,215,72,1072,97541b78ca23cf4b2ab0685b5afcccbe6c66fb1d7625a8bf9916c627a972956c
monsterbox/beardeer.swf,escapeSuccess,608,72,1072,97541b78ca23cf4b2ab0685b5afcccbe6c66fb1d7625a8bf9916c627a972956c
monsterbox/glassyx.swf,battleStand,1572,72,465,fcc0cba73924d9919e71661e408d6960a1d9879fce41c02e9371d7ef21a979f0
monsterbox/glassyx.swf,beAttack_0,215,72,465,fcc0cba73924d9919e71661e408d6960a1d9879fce41c02e9371d7ef21a979f0
monsterbox/glassyx.swf,beAttack_1,215,72,465,fcc0cba73924d9919e71661e408d6960a1d9879fce41c02e9371d7ef21a979f0
monsterbox/glassyx.swf,move,36,72,465,fcc0cba73924d9919e71661e408d6960a1d9879fce41c02e9371d7ef21a979f0
monsterbox/glassyx.swf,back,36,72,465,fcc0cba73924d9919e71661e408d6960a1d9879fce41c02e9371d7ef21a979f0
monsterbox/glassyx.swf,loadact,215,72,465,fcc0cba73924d9919e71661e408d6960a1d9879fce41c02e9371d7ef21a979f0
monsterbox/glassyx.swf,useItem,1000,72,465,fcc0cba73924d9919e71661e408d6960a1d9879fce41c02e9371d7ef21a979f0
monsterbox/glassyx.swf,duck,322,72,465,fcc0cba73924d9919e71661e408d6960a1d9879fce41c02e9371d7ef21a979f0
monsterbox/glassyx.swf,def,215,72,465,fcc0cba73924d9919e71661e408d6960a1d9879fce41c02e9371d7ef21a979f0
monsterbox/glassyx.swf,fall,465,72,465,fcc0cba73924d9919e71661e408d6960a1d9879fce41c02e9371d7ef21a979f0
monsterbox/glassyx.swf,yun,215,72,465,fcc0cba73924d9919e71661e408d6960a1d9879fce41c02e9371d7ef21a979f0
monsterbox/glassyx.swf,playit,179,72,465,fcc0cba73924d9919e71661e408d6960a1d9879fce41c02e9371d7ef21a979f0
monsterbox/glassyx.swf,die,465,72,465,fcc0cba73924d9919e71661e408d6960a1d9879fce41c02e9371d7ef21a979f0
monsterbox/glassyx.swf,nomalAtk,1572,72,465,fcc0cba73924d9919e71661e408d6960a1d9879fce41c02e9371d7ef21a979f0
monsterbox/glassyx.swf,escapeReady,215,72,465,fcc0cba73924d9919e71661e408d6960a1d9879fce41c02e9371d7ef21a979f0
monsterbox/glassyx.swf,escapeSuccess,608,72,465,fcc0cba73924d9919e71661e408d6960a1d9879fce41c02e9371d7ef21a979f0
monsterbox/glasszs.swf,battleStand,3215,72,643,37896dd75172fc50cecff3b4f616d38c39d34ad497bd816250833e45e77a70d8
monsterbox/glasszs.swf,beAttack_0,215,72,643,37896dd75172fc50cecff3b4f616d38c39d34ad497bd816250833e45e77a70d8
monsterbox/glasszs.swf,beAttack_1,215,72,643,37896dd75172fc50cecff3b4f616d38c39d34ad497bd816250833e45e77a70d8
monsterbox/glasszs.swf,move,36,72,643,37896dd75172fc50cecff3b4f616d38c39d34ad497bd816250833e45e77a70d8
monsterbox/glasszs.swf,back,36,72,643,37896dd75172fc50cecff3b4f616d38c39d34ad497bd816250833e45e77a70d8
monsterbox/glasszs.swf,loadact,215,72,643,37896dd75172fc50cecff3b4f616d38c39d34ad497bd816250833e45e77a70d8
monsterbox/glasszs.swf,useItem,1000,72,643,37896dd75172fc50cecff3b4f616d38c39d34ad497bd816250833e45e77a70d8
monsterbox/glasszs.swf,duck,322,72,643,37896dd75172fc50cecff3b4f616d38c39d34ad497bd816250833e45e77a70d8
monsterbox/glasszs.swf,def,215,72,643,37896dd75172fc50cecff3b4f616d38c39d34ad497bd816250833e45e77a70d8
monsterbox/glasszs.swf,fall,643,72,643,37896dd75172fc50cecff3b4f616d38c39d34ad497bd816250833e45e77a70d8
monsterbox/glasszs.swf,yun,215,72,643,37896dd75172fc50cecff3b4f616d38c39d34ad497bd816250833e45e77a70d8
monsterbox/glasszs.swf,playit,179,72,643,37896dd75172fc50cecff3b4f616d38c39d34ad497bd816250833e45e77a70d8
monsterbox/glasszs.swf,die,643,72,643,37896dd75172fc50cecff3b4f616d38c39d34ad497bd816250833e45e77a70d8
monsterbox/glasszs.swf,nomalAtk,1179,72,643,37896dd75172fc50cecff3b4f616d38c39d34ad497bd816250833e45e77a70d8
monsterbox/glasszs.swf,escapeReady,215,72,643,37896dd75172fc50cecff3b4f616d38c39d34ad497bd816250833e45e77a70d8
monsterbox/glasszs.swf,escapeSuccess,608,72,643,37896dd75172fc50cecff3b4f616d38c39d34ad497bd816250833e45e77a70d8
monsterbox/glassss.swf,battleStand,5358,72,465,328f7f8864f3e82016aa9534dddc7c2c5b2c22cdcb4e7770da238cc36900e8a1
monsterbox/glassss.swf,beAttack_0,215,72,465,328f7f8864f3e82016aa9534dddc7c2c5b2c22cdcb4e7770da238cc36900e8a1
monsterbox/glassss.swf,beAttack_1,215,72,465,328f7f8864f3e82016aa9534dddc7c2c5b2c22cdcb4e7770da238cc36900e8a1
monsterbox/glassss.swf,move,36,72,465,328f7f8864f3e82016aa9534dddc7c2c5b2c22cdcb4e7770da238cc36900e8a1
monsterbox/glassss.swf,back,36,72,465,328f7f8864f3e82016aa9534dddc7c2c5b2c22cdcb4e7770da238cc36900e8a1
monsterbox/glassss.swf,loadact,215,72,465,328f7f8864f3e82016aa9534dddc7c2c5b2c22cdcb4e7770da238cc36900e8a1
monsterbox/glassss.swf,useItem,1000,72,465,328f7f8864f3e82016aa9534dddc7c2c5b2c22cdcb4e7770da238cc36900e8a1
monsterbox/glassss.swf,duck,322,72,465,328f7f8864f3e82016aa9534dddc7c2c5b2c22cdcb4e7770da238cc36900e8a1
monsterbox/glassss.swf,def,215,72,465,328f7f8864f3e82016aa9534dddc7c2c5b2c22cdcb4e7770da238cc36900e8a1
monsterbox/glassss.swf,fall,465,72,465,328f7f8864f3e82016aa9534dddc7c2c5b2c22cdcb4e7770da238cc36900e8a1
monsterbox/glassss.swf,yun,215,72,465,328f7f8864f3e82016aa9534dddc7c2c5b2c22cdcb4e7770da238cc36900e8a1
monsterbox/glassss.swf,playit,179,72,465,328f7f8864f3e82016aa9534dddc7c2c5b2c22cdcb4e7770da238cc36900e8a1
monsterbox/glassss.swf,die,465,72,465,328f7f8864f3e82016aa9534dddc7c2c5b2c22cdcb4e7770da238cc36900e8a1
monsterbox/glassss.swf,nomalAtk,1286,72,465,328f7f8864f3e82016aa9534dddc7c2c5b2c22cdcb4e7770da238cc36900e8a1
monsterbox/glassss.swf,escapeReady,215,72,465,328f7f8864f3e82016aa9534dddc7c2c5b2c22cdcb4e7770da238cc36900e8a1
monsterbox/glassss.swf,escapeSuccess,608,72,465,328f7f8864f3e82016aa9534dddc7c2c5b2c22cdcb4e7770da238cc36900e8a1
monsterbox/yagu.swf,battleStand,929,430,215,dd7b3bdd6656d670bcda72e450539b4ddb58b41fb7811440859644a7469a6c9d
monsterbox/yagu.swf,beAttack_0,215,430,215,dd7b3bdd6656d670bcda72e450539b4ddb58b41fb7811440859644a7469a6c9d
monsterbox/yagu.swf,beAttack_1,215,430,215,dd7b3bdd6656d670bcda72e450539b4ddb58b41fb7811440859644a7469a6c9d
monsterbox/yagu.swf,move,215,430,215,dd7b3bdd6656d670bcda72e450539b4ddb58b41fb7811440859644a7469a6c9d
monsterbox/yagu.swf,back,215,430,215,dd7b3bdd6656d670bcda72e450539b4ddb58b41fb7811440859644a7469a6c9d
monsterbox/yagu.swf,loadact,215,430,215,dd7b3bdd6656d670bcda72e450539b4ddb58b41fb7811440859644a7469a6c9d
monsterbox/yagu.swf,useItem,750,430,215,dd7b3bdd6656d670bcda72e450539b4ddb58b41fb7811440859644a7469a6c9d
monsterbox/yagu.swf,duck,322,430,215,dd7b3bdd6656d670bcda72e450539b4ddb58b41fb7811440859644a7469a6c9d
monsterbox/yagu.swf,def,215,430,215,dd7b3bdd6656d670bcda72e450539b4ddb58b41fb7811440859644a7469a6c9d
monsterbox/yagu.swf,fall,215,430,215,dd7b3bdd6656d670bcda72e450539b4ddb58b41fb7811440859644a7469a6c9d
monsterbox/yagu.swf,throw,215,430,215,dd7b3bdd6656d670bcda72e450539b4ddb58b41fb7811440859644a7469a6c9d
monsterbox/yagu.swf,yun,215,430,215,dd7b3bdd6656d670bcda72e450539b4ddb58b41fb7811440859644a7469a6c9d
monsterbox/yagu.swf,playit,179,430,215,dd7b3bdd6656d670bcda72e450539b4ddb58b41fb7811440859644a7469a6c9d
monsterbox/yagu.swf,die,215,430,215,dd7b3bdd6656d670bcda72e450539b4ddb58b41fb7811440859644a7469a6c9d
monsterbox/yagu.swf,nomalAtk,1358,430,215,dd7b3bdd6656d670bcda72e450539b4ddb58b41fb7811440859644a7469a6c9d
monsterbox/yagu.swf,escapeReady,215,430,215,dd7b3bdd6656d670bcda72e450539b4ddb58b41fb7811440859644a7469a6c9d
monsterbox/yagu.swf,escapeSuccess,608,430,215,dd7b3bdd6656d670bcda72e450539b4ddb58b41fb7811440859644a7469a6c9d
